Name,Input,Ideal_hellinger,Noisy_hellinger,Ideal_jensenshannon,Noisy_jensenshannon,Ideal_trace,Noisy_trace,Ideal_fidelity,Noisy_fidelity,Ideal_expectation,Noisy_expectation,Killed_IH,Killed_NH,Killed_IJ,Killed_NJ,Killed_IT,Killed_NT,Killed_IF,Killed_NF,Killed_IE,Killed_NE
qpeexact_2_Mutant_Add_swap_P2_Q1_[].qasm,PureState_0,0.5374047120487668,0.5455701719246434,0.46107129013281783,0.4684623342451115,0.75,0.7505915443211041,0.2499999999999996,0.24940845567889533,0.97900390625,0.97509765625,True,True,True,True,True,True,True,True,True,True
qpeexact_2_Mutant_Add_swap_P2_Q1_[].qasm,Quratest_0,0.5878917434530572,0.586986617659104,0.5073403197787828,0.506354621022629,0.20728401994333134,0.1936509627485553,0.9035416404209903,0.8759474648012033,0.28911449629716834,0.25932934004716834,True,True,True,True,True,True,True,True,True,True
qpeexact_2_Mutant_Add_swap_P2_Q1_[].qasm,PureState_1,0.5466139091439877,0.5385164807134504,0.4694080630193765,0.4620768141225121,0.75,0.750456720649249,0.24999999999999994,0.24954327935075007,1.02099609375,1.02490234375,True,True,True,True,True,True,True,True,True,True
qpeexact_2_Mutant_Add_swap_P2_Q1_[].qasm,Quratest_1,0.7181979393129911,0.7170996481686503,0.6268171622868486,0.6258146035281528,0.4083609002213802,0.40410700531930954,0.5955498864177167,0.5814325294374342,0.00519398314909475,0.04865101439909475,True,True,True,True,True,True,True,True,False,True
qpeexact_2_Mutant_Add_swap_P2_Q1_[].qasm,PureState_2,1.0,1.0,0.8325546111576977,0.8325546111576977,0.75,0.7500952768361164,0.24999999999999983,0.24990472316388154,1.02099609375,1.025390625,True,True,True,True,True,True,True,True,True,True
qpeexact_2_Mutant_Add_swap_P2_Q1_[].qasm,Quratest_2,0.562179752218954,0.5595300870748317,0.49853850458159515,0.49575268186119803,0.2762022142374906,0.2738411963392162,0.6170362137415305,0.5995208164433641,0.5453783138742443,0.5429369076242443,True,True,True,True,True,True,True,True,True,True
qpeexact_2_Mutant_Add_swap_P2_Q1_[].qasm,PureState_3,1.0,1.0,0.8325546111576977,0.8325546111576977,0.75,0.7500944456260865,0.2500000000000001,0.24990555437391151,0.97900390625,0.974609375,True,True,True,True,True,True,True,True,True,True
qpeexact_2_Mutant_Add_swap_P2_Q1_[].qasm,Quratest_3,0.9301389176833396,0.9301546695894756,0.8046891483082925,0.8046939584033519,0.7203594162242686,0.7188042986491479,0.15030859456244944,0.15267431863669592,0.5745699250904858,0.5950777375904858,True,True,True,True,True,True,True,True,True,True
qpeexact_2_Mutant_Replace_rxx_P2_Q1_[5.497787143782138].qasm,PureState_0,0.0,0.08791971046088772,0.0,0.07326055301404927,0.1464466094067263,0.15884324596554134,0.8535533905932733,0.8411567540344616,0.2861328125,0.33447265625,False,False,False,False,True,True,True,True,True,True
qpeexact_2_Mutant_Replace_rxx_P2_Q1_[5.497787143782138].qasm,Quratest_0,0.6081944094249028,0.6089951189479862,0.528064320389761,0.5288790060254317,0.3031796987848212,0.2981059479592153,0.011529978504605933,0.01840113993801743,0.29790355879716834,0.27251293379716834,True,True,True,True,True,True,True,True,True,True
qpeexact_2_Mutant_Replace_rxx_P2_Q1_[5.497787143782138].qasm,PureState_1,0.0,0.08137521087523233,0.0,0.06779893993296586,0.1464466094067263,0.1573908823719434,0.8535533905932737,0.8426091176280571,0.2861328125,0.32763671875,False,False,False,False,True,True,True,True,True,True
qpeexact_2_Mutant_Replace_rxx_P2_Q1_[5.497787143782138].qasm,Quratest_1,0.7072302019616671,0.7069570392328826,0.61688172648827,0.6166265915746765,0.46685436916958517,0.4633175564452978,0.6032026687662175,0.5952610814594772,0.6702330456490948,0.6448424206490948,True,True,True,True,True,True,True,True,True,True
qpeexact_2_Mutant_Replace_rxx_P2_Q1_[5.497787143782138].qasm,PureState_2,1.0,1.0,0.8325546111576977,0.8325546111576977,1.0,0.9958680462510614,9.100480377245098e-32,0.0041319537489385725,1.72021484375,1.666015625,True,True,True,True,True,True,True,True,True,True
qpeexact_2_Mutant_Replace_rxx_P2_Q1_[5.497787143782138].qasm,Quratest_2,0.47733228630687885,0.4779737592460529,0.40772198686996586,0.40843724528331826,0.24254779148071404,0.23206335356709487,0.3049186720784348,0.303680075271998,0.09378184237575565,0.05716074862575565,True,True,True,True,True,True,True,True,True,True
qpeexact_2_Mutant_Replace_rxx_P2_Q1_[5.497787143782138].qasm,PureState_3,1.0,1.0,0.8325546111576977,0.8325546111576977,1.0,0.9944158104547709,4.528374389128327e-32,0.0055841895452287465,1.72021484375,1.65966796875,True,True,True,True,True,True,True,True,True,True
qpeexact_2_Mutant_Replace_rxx_P2_Q1_[5.497787143782138].qasm,Quratest_3,0.9361579726920523,0.9356107444698729,0.8069249507885993,0.806685047199015,0.845542229026102,0.8406136105725985,0.13295134229749977,0.1364202796533432,1.4705660188404859,1.4129488313404859,True,True,True,True,True,True,True,True,True,True
qpeexact_2_Mutant_Add_rx_P0_Q0_[0.7853981633974483].qasm,PureState_0,0.27555925473309933,0.2917583916211933,0.23133483999775678,0.24517762699880732,0.14644660940672624,0.1593597372754384,0.853553390593273,0.8406402627245625,0.27978515625,0.3330078125,True,True,True,True,True,True,True,True,True,True
qpeexact_2_Mutant_Add_rx_P0_Q0_[0.7853981633974483].qasm,Quratest_0,0.5953012118348897,0.5941283114815541,0.5155556959044651,0.5142438739761931,0.1938333983538789,0.18302372394832983,0.8577340955193654,0.8435227512388772,0.22162769120283166,0.20111987870283166,True,True,True,True,True,True,True,True,True,True
qpeexact_2_Mutant_Add_rx_P0_Q0_[0.7853981633974483].qasm,PureState_1,0.2782969428348614,0.28855964563800807,0.2336715089608077,0.2424409910681327,0.14644660940672624,0.1588369182784695,0.8535533905932733,0.8411630817215314,0.2861328125,0.32763671875,True,True,True,True,True,True,True,True,True,True
qpeexact_2_Mutant_Add_rx_P0_Q0_[0.7853981633974483].qasm,Quratest_1,0.7115819870683225,0.7114210273558755,0.6208045760515706,0.6206589275350382,0.19511249266596828,0.19616537576590684,0.8684351688111541,0.8550957755521317,0.38117054564909475,0.38263538939909475,True,True,True,True,True,True,True,True,True,True
qpeexact_2_Mutant_Add_rx_P0_Q0_[0.7853981633974483].qasm,PureState_2,1.0,1.0,0.8325546111576977,0.8325546111576977,0.1464466094067262,0.15701557942545763,0.8535533905932735,0.8429844205745405,0.27978515625,0.33837890625,True,True,True,True,True,True,True,True,True,True
qpeexact_2_Mutant_Add_rx_P0_Q0_[0.7853981633974483].qasm,Quratest_2,0.48939967440297427,0.490583066796033,0.4210115744117086,0.42230115604891866,0.19478063689376232,0.19606409103812927,0.8581731548635738,0.8391204130109685,0.42428456387424435,0.43160878262424435,True,True,True,True,True,True,True,True,True,True
qpeexact_2_Mutant_Add_rx_P0_Q0_[0.7853981633974483].qasm,PureState_3,1.0,1.0,0.8325546111576977,0.8325546111576977,0.1464466094067262,0.15726963104669106,0.8535533905932733,0.8427303689533078,0.2861328125,0.34033203125,True,True,True,True,True,True,True,True,True,True
qpeexact_2_Mutant_Add_rx_P0_Q0_[0.7853981633974483].qasm,Quratest_3,0.9325058953450612,0.9323578779264043,0.8054329007161968,0.8053847592858226,0.24582090149293961,0.24974052486003534,0.8798027432345019,0.8674904253289325,0.48472617509048577,0.5081636750904858,True,True,True,True,True,True,True,True,True,True
qpeexact_2_Mutant_Replace_t_P0_Q0_[].qasm,PureState_0,0.5400853241122264,0.5396278292797971,0.46349616586739173,0.46308221247101705,0.4999999999999999,0.5042225197374282,0.4999999999999996,0.49577748026257223,0.9873046875,0.9951171875,True,True,True,True,True,True,True,True,True,True
qpeexact_2_Mutant_Replace_t_P0_Q0_[].qasm,Quratest_0,0.7235886165118458,0.7205472200010615,0.6465729000742811,0.6434682674361045,0.6259248176351939,0.6163733578882684,0.0732877709930482,0.07768365782745137,0.08452465254716834,0.07182934004716834,True,True,True,True,True,True,True,True,True,True
qpeexact_2_Mutant_Replace_t_P0_Q0_[].qasm,PureState_1,0.5410001096019845,0.5362270738947492,0.46432401670335566,0.4600064694862847,0.4999999999999999,0.5039541247574902,0.5000000000000001,0.4960458752425109,1.0126953125,1.0048828125,True,True,True,True,True,True,True,True,True,True
qpeexact_2_Mutant_Replace_t_P0_Q0_[].qasm,Quratest_1,0.7064009198583551,0.7064380383908283,0.6161109930427988,0.6161450082986836,0.3149280825408828,0.31081805188460465,0.11060740935042603,0.1139095604858631,0.43927601439909475,0.44025257689909475,True,True,True,True,True,True,True,True,True,True
qpeexact_2_Mutant_Replace_t_P0_Q0_[].qasm,PureState_2,1.0,1.0,0.8325546111576977,0.8325546111576977,0.5000000000000001,0.5029342474245735,0.4999999999999999,0.497065752575425,0.9873046875,0.98681640625,True,True,True,True,True,True,True,True,True,True
qpeexact_2_Mutant_Replace_t_P0_Q0_[].qasm,Quratest_2,0.4815085548509224,0.4826242934315382,0.4123564158155033,0.413587096863675,0.07096719298009747,0.07117669842289893,0.3590552359489415,0.3556646599115589,0.15572987637424435,0.17770253262424435,True,True,True,True,True,True,True,True,True,True
qpeexact_2_Mutant_Replace_t_P0_Q0_[].qasm,PureState_3,1.0,1.0,0.8325546111576978,0.8325546111576977,0.5,0.5029332841829542,0.5000000000000009,0.4970667158170444,1.0126953125,1.01318359375,True,True,True,True,True,True,True,True,True,True
qpeexact_2_Mutant_Replace_t_P0_Q0_[].qasm,Quratest_3,0.9301788142422714,0.9301859190911956,0.8047013299305884,0.8047034989708467,0.44196238891136536,0.44219863149174976,0.2016353129789758,0.20434091212754804,0.8885347688404858,0.8826753938404858,True,True,True,True,True,True,True,True,True,True
qpeexact_2_Mutant_Remove_h_P0_Q0.qasm,PureState_0,0.5370776395561366,0.5435470557805078,0.46077552240032665,0.46662982152514854,0.4999999999999999,0.5042225197374282,0.5000000000000003,0.49577748026257223,0.9873046875,0.9951171875,True,True,True,True,True,True,True,True,True,True
qpeexact_2_Mutant_Remove_h_P0_Q0.qasm,Quratest_0,0.651460197765599,0.6491713630081047,0.5722124820694153,0.5698634748150639,0.419932518162641,0.41533700030372056,0.00895874272464512,0.014696488682369451,0.17524097245283166,0.15961597245283166,True,True,True,True,True,True,True,True,True,True
qpeexact_2_Mutant_Remove_h_P0_Q0.qasm,PureState_1,0.5414574019413793,0.5419146284642885,0.46473791554904764,0.4651517976164099,0.4999999999999999,0.5039541247574902,0.5000000000000001,0.4960458752425109,1.0126953125,1.0048828125,True,True,True,True,True,True,True,True,True,True
qpeexact_2_Mutant_Remove_h_P0_Q0.qasm,Quratest_1,0.7198801848486005,0.7170474462627654,0.6293749454645189,0.6264829359144444,0.539517867239185,0.5301411010696141,0.010856588111562168,0.016558844850679842,0.8069517956490948,0.7820494518990948,True,True,True,True,True,True,True,True,True,True
qpeexact_2_Mutant_Remove_h_P0_Q0.qasm,PureState_2,1.0,1.0,0.8325546111576977,0.8325546111576977,0.5000000000000001,0.5029342474245735,0.4999999999999999,0.497065752575425,0.9873046875,0.98681640625,True,True,True,True,True,True,True,True,True,True
qpeexact_2_Mutant_Remove_h_P0_Q0.qasm,Quratest_2,0.4770463009505644,0.47612124665424427,0.40745333698279645,0.40639068346530344,0.24025116665030075,0.22771861084653633,0.22823537512271566,0.22926804164612377,0.33541737637424435,0.34957753262424435,True,True,True,True,True,True,True,True,True,True
qpeexact_2_Mutant_Remove_h_P0_Q0.qasm,PureState_3,1.0,1.0,0.8325546111576977,0.8325546111576977,0.5000000000000001,0.5029332841829542,0.5000000000000007,0.4970667158170444,1.0126953125,1.01318359375,True,True,True,True,True,True,True,True,True,True
qpeexact_2_Mutant_Remove_h_P0_Q0.qasm,Quratest_3,0.9308006251536023,0.9307076773577526,0.8048978489554695,0.8048680258591122,0.6244580280750713,0.6196710458081711,0.08087313710056508,0.0863578442066794,1.2620699250904859,1.2322847688404859,True,True,True,True,True,True,True,True,True,True
qpeexact_2_Mutant_Replace_z_P0_Q0_[].qasm,PureState_0,0.5382549263284169,0.5415227240260699,0.4618402319203393,0.46479704256954246,0.4999999999999999,0.5042225197374282,0.5000000000000003,0.49577748026257223,0.9873046875,0.9951171875,True,True,True,True,True,True,True,True,True,True
qpeexact_2_Mutant_Replace_z_P0_Q0_[].qasm,Quratest_0,0.5896825154461708,0.5899048381828188,0.5091269057740148,0.5093570108604758,0.06692810592211985,0.06456051379689237,0.5430669672572348,0.5361963420775725,0.15337230879716834,0.14653637129716834,True,True,True,True,True,True,True,True,True,True
qpeexact_2_Mutant_Replace_z_P0_Q0_[].qasm,PureState_1,0.5437428931787399,0.5444608673049749,0.46680717213037276,0.46745743724186967,0.4999999999999999,0.5039541247574902,0.5000000000000001,0.4960458752425109,1.0126953125,1.0048828125,True,True,True,True,True,True,True,True,True,True
qpeexact_2_Mutant_Replace_z_P0_Q0_[].qasm,Quratest_1,0.7728503486511361,0.7663611411092034,0.680012317715416,0.6733770352492641,0.24753103194922604,0.2382235450180303,0.5643627943620024,0.5572982201324139,0.12238148314909475,0.15363148314909475,True,True,True,True,True,True,True,True,True,True
qpeexact_2_Mutant_Replace_z_P0_Q0_[].qasm,PureState_2,1.0,1.0,0.8325546111576977,0.8325546111576977,0.5000000000000001,0.5029342474245735,0.4999999999999999,0.497065752575425,0.9873046875,0.98681640625,True,True,True,True,True,True,True,True,True,True
qpeexact_2_Mutant_Replace_z_P0_Q0_[].qasm,Quratest_2,0.6623457863478112,0.6520822632971626,0.6019521448565593,0.5916288307673048,0.498144378983161,0.4854497079846066,0.559387763744885,0.5506488835361258,0.6957689388742443,0.6840501888742443,True,True,True,True,True,True,True,True,True,True
qpeexact_2_Mutant_Replace_z_P0_Q0_[].qasm,PureState_3,1.0,1.0,0.8325546111576977,0.8325546111576977,0.5000000000000001,0.5029332841829542,0.5000000000000007,0.4970667158170444,1.0126953125,1.01318359375,True,True,True,True,True,True,True,True,True,True
qpeexact_2_Mutant_Replace_z_P0_Q0_[].qasm,Quratest_3,0.9329620291467162,0.9327573744130475,0.805582831815561,0.8055152627855365,0.2048528739213849,0.21101775266243453,0.562422441553872,0.5565796457870473,0.39830039384048577,0.43052695634048577,True,True,True,True,True,True,True,True,True,True
qpeexact_2_Mutant_Add_p_P3_Q0_[4.71238898038469].qasm,PureState_0,0.5413920785134957,0.5471356667005594,0.4646787881861388,0.4698809094781736,0.5000000000000002,0.5040892995064638,0.4999999999999999,0.49591070049353697,0.9873046875,0.99462890625,True,True,True,True,True,True,True,True,True,True
qpeexact_2_Mutant_Add_p_P3_Q0_[4.71238898038469].qasm,Quratest_0,0.7137566570170604,0.7043945242051343,0.6365081324654958,0.6268651303397924,0.6004131360107252,0.5917594893655858,0.5142738194589417,0.5085981226793227,0.27641918379716834,0.25542309004716834,True,True,True,True,True,True,True,True,True,True
qpeexact_2_Mutant_Add_p_P3_Q0_[4.71238898038469].qasm,PureState_1,0.5400199719112307,0.5434817741211634,0.46343703084064886,0.4665707041054106,0.5000000000000002,0.5040873449884564,0.5000000000000001,0.49591265501154447,1.0126953125,1.00537109375,True,True,True,True,True,True,True,True,True,True
qpeexact_2_Mutant_Add_p_P3_Q0_[4.71238898038469].qasm,Quratest_1,0.726216987081658,0.7246836575892008,0.6342068036299806,0.6327836456607651,0.05367399934263434,0.057935525645001804,0.5508095690237161,0.5454764092223763,0.08478382689909475,0.11798695189909475,True,True,True,True,True,True,True,True,True,True
qpeexact_2_Mutant_Add_p_P3_Q0_[4.71238898038469].qasm,PureState_2,0.9999999999999999,1.0,0.8325546111576977,0.8325546111576977,0.5000000000000002,0.5030677769866452,0.4999999999999999,0.4969322230133533,0.9873046875,0.9873046875,True,True,True,True,True,True,True,True,True,True
qpeexact_2_Mutant_Add_p_P3_Q0_[4.71238898038469].qasm,Quratest_2,0.5436971819458989,0.5423786565535752,0.47906604466826347,0.47767310785804185,0.21542357292461087,0.21213327863634027,0.5157728618266267,0.507756544610457,0.17379628262424435,0.20162831387424435,True,True,True,True,True,True,True,True,True,True
qpeexact_2_Mutant_Add_p_P3_Q0_[4.71238898038469].qasm,PureState_3,1.0,1.0,0.8325546111576977,0.8325546111576977,0.5000000000000002,0.502799754620884,0.5000000000000001,0.49720024537911417,1.0126953125,1.0126953125,True,True,True,True,True,True,True,True,True,True
qpeexact_2_Mutant_Add_p_P3_Q0_[4.71238898038469].qasm,Quratest_3,0.9321298572453104,0.9320149709322393,0.8053110725508694,0.80527415999681,0.2500359849289201,0.2536349331266238,0.5896208957911946,0.584728246487929,0.46861289384048577,0.49546836259048577,True,True,True,True,True,True,True,True,True,True
qpeexact_2_Mutant_Add_ch_P2_Q1_[].qasm,PureState_0,0.0,0.11125012354999389,0.0,0.09274858123388914,1.1102230246251565e-16,0.02403219754198916,0.9999999999999996,0.9759678024580115,0.0,0.08544921875,False,True,False,False,False,True,False,False,False,True
qpeexact_2_Mutant_Add_ch_P2_Q1_[].qasm,Quratest_0,0.6015070618682348,0.6025396914212467,0.521253416802037,0.5223062425989813,0.1589500792688448,0.16210383571190884,0.2583169841322363,0.258183362606232,0.34282543379716834,0.31255199629716834,True,True,True,True,True,True,True,True,True,True
qpeexact_2_Mutant_Add_ch_P2_Q1_[].qasm,PureState_1,0.0,0.1103363240691007,0.0,0.09198469637594725,1.110223024625157e-16,0.02350184765356088,0.9999999999999998,0.976498152346441,0.0,0.08154296875,False,True,False,False,False,True,False,False,False,True
qpeexact_2_Mutant_Add_ch_P2_Q1_[].qasm,Quratest_1,0.711810080319798,0.7106096610296436,0.621269529599413,0.6201021222382623,0.4659861964803647,0.45865955368812494,0.1398470381590094,0.14365207412064424,0.9426939831490948,0.9021666393990948,True,True,True,True,True,True,True,True,True,True
qpeexact_2_Mutant_Add_ch_P2_Q1_[].qasm,PureState_2,1.0,1.0,0.8325546111576977,0.8325546111576978,0.4999999999999999,0.5043908184792063,0.5000000000000006,0.49560918152079136,0.9873046875,0.98828125,True,True,True,True,True,True,True,True,True,True
qpeexact_2_Mutant_Add_ch_P2_Q1_[].qasm,Quratest_2,0.4749970815208412,0.47476957614988863,0.4051039576441559,0.404844808760478,0.20022655183542015,0.20265232307280917,0.23679550491691723,0.237283972060113,0.42330800137424435,0.42281972012424435,True,True,True,True,True,True,True,True,True,True
qpeexact_2_Mutant_Add_ch_P2_Q1_[].qasm,PureState_3,1.0,1.0,0.8325546111576978,0.8325546111576977,0.49999999999999994,0.504428263819161,0.4999999999999999,0.4955717361808367,1.0126953125,1.01171875,True,True,True,True,True,True,True,True,True,True
qpeexact_2_Mutant_Add_ch_P2_Q1_[].qasm,Quratest_3,0.9308752443318782,0.930710724897429,0.8049219079709148,0.8048690011201582,0.6198156817996758,0.617167124609733,0.07231403742816647,0.08122158890265396,1.2537691438404859,1.2191011750904859,True,True,True,True,True,True,True,True,True,True
qpeexact_2_Mutant_Replace_rz_P0_Q0_[0.0].qasm,PureState_0,0.5424370935474864,0.5418493143873355,0.465624786048695,0.46509267260742854,0.4999999999999999,0.5042225197374282,0.5000000000000003,0.49577748026257223,0.9873046875,0.9951171875,True,True,True,True,True,True,True,True,True,True
qpeexact_2_Mutant_Replace_rz_P0_Q0_[0.0].qasm,Quratest_0,0.65104036240604,0.6497907047576158,0.5717814735654277,0.5704989195318452,0.419932518162641,0.41533700030372056,0.00895874272464512,0.014696488682369451,0.17524097245283166,0.15961597245283166,True,True,True,True,True,True,True,True,True,True
qpeexact_2_Mutant_Replace_rz_P0_Q0_[0.0].qasm,PureState_1,0.5451134417419706,0.5358998642583618,0.46804856118135546,0.4597106573420392,0.4999999999999999,0.5039541247574902,0.5000000000000001,0.4960458752425109,1.0126953125,1.0048828125,True,True,True,True,True,True,True,True,True,True
qpeexact_2_Mutant_Replace_rz_P0_Q0_[0.0].qasm,Quratest_1,0.7187982606994713,0.7181587058481006,0.6282649235337137,0.6276118843891046,0.539517867239185,0.5301411010696141,0.010856588111562168,0.016558844850679842,0.8069517956490948,0.7820494518990948,True,True,True,True,True,True,True,True,True,True
qpeexact_2_Mutant_Replace_rz_P0_Q0_[0.0].qasm,PureState_2,1.0,1.0,0.8325546111576977,0.8325546111576977,0.5000000000000001,0.5029342474245735,0.4999999999999999,0.497065752575425,0.9873046875,0.98681640625,True,True,True,True,True,True,True,True,True,True
qpeexact_2_Mutant_Replace_rz_P0_Q0_[0.0].qasm,Quratest_2,0.4771098816642347,0.4756213964582758,0.40752645842151963,0.40581770452653076,0.24025116665030075,0.22771861084653633,0.22823537512271566,0.22926804164612377,0.33541737637424435,0.34957753262424435,True,True,True,True,True,True,True,True,True,True
qpeexact_2_Mutant_Replace_rz_P0_Q0_[0.0].qasm,PureState_3,1.0,1.0,0.8325546111576978,0.8325546111576977,0.5000000000000001,0.5029332841829542,0.5000000000000007,0.4970667158170444,1.0126953125,1.01318359375,True,True,True,True,True,True,True,True,True,True
qpeexact_2_Mutant_Replace_rz_P0_Q0_[0.0].qasm,Quratest_3,0.9308374017693508,0.9306727464053172,0.8049096936459763,0.8048568598789752,0.6244580280750713,0.6196710458081711,0.08087313710056508,0.0863578442066794,1.2620699250904859,1.2322847688404859,True,True,True,True,True,True,True,True,True,True
qpeexact_2_Mutant_Add_rzz_P2_Q1_[2.356194490192345].qasm,PureState_0,0.7892438452726154,0.7691478680115789,0.6917614133699358,0.673634141849478,0.8535533905932737,0.8455436408483198,0.1464466094067262,0.15445635915168157,1.7138671875,1.66455078125,True,True,True,True,True,True,True,True,True,True
qpeexact_2_Mutant_Add_rzz_P2_Q1_[2.356194490192345].qasm,Quratest_0,0.6728006763115474,0.669940142030171,0.5941948101654743,0.5912407727187333,0.4976313707963874,0.4860323507315455,0.2686765366626042,0.26889847750581114,0.47466137129716834,0.43364574629716834,True,True,True,True,True,True,True,True,True,True
qpeexact_2_Mutant_Add_rzz_P2_Q1_[2.356194490192345].qasm,PureState_1,0.783082631580937,0.7653454752305264,0.6862271295501354,0.6701818362656727,0.8535533905932737,0.8453047322339011,0.14644660940672607,0.15469526776610015,1.72021484375,1.654296875,True,True,True,True,True,True,True,True,True,True
qpeexact_2_Mutant_Add_rzz_P2_Q1_[2.356194490192345].qasm,Quratest_1,0.7139517230835136,0.7135238660541972,0.6229515754061568,0.6225634936167685,0.288538965929318,0.2860879342743764,0.6751768171451843,0.6599040190812203,0.5735533581490948,0.5613463268990948,True,True,True,True,True,True,True,True,True,True
qpeexact_2_Mutant_Add_rzz_P2_Q1_[2.356194490192345].qasm,PureState_2,1.0,1.0,0.8325546111576977,0.8325546111576978,0.8535533905932737,0.844819434007574,0.14644660940672616,0.15518056599242283,1.7138671875,1.6513671875,True,True,True,True,True,True,True,True,True,True
qpeexact_2_Mutant_Add_rzz_P2_Q1_[2.356194490192345].qasm,Quratest_2,0.5847061914371054,0.5814317141750447,0.5221482671203611,0.5187247300249812,0.36393397005169026,0.3583808669892843,0.6118278019281203,0.5950139381989696,0.7406908138742443,0.7279955013742443,True,True,True,True,True,True,True,True,True,True
qpeexact_2_Mutant_Add_rzz_P2_Q1_[2.356194490192345].qasm,PureState_3,1.0,1.0,0.8325546111576978,0.8325546111576977,0.8535533905932737,0.8446066104423247,0.14644660940672602,0.15539338955767204,1.72021484375,1.6455078125,True,True,True,True,True,True,True,True,True,True
qpeexact_2_Mutant_Add_rzz_P2_Q1_[2.356194490192345].qasm,Quratest_3,0.9304882902362338,0.9303876849628254,0.8047982810832742,0.8047666092144422,0.5915270973342586,0.5839267730324703,0.2901533175135855,0.29390283114234217,1.1966402375904859,1.1634371125904859,True,True,True,True,True,True,True,True,True,True
qpeexact_2_Mutant_Replace_sx_P0_Q0_[].qasm,PureState_0,0.5381241403649762,0.5377971497166246,0.4617219381696736,0.46142619593300566,0.5000000000000001,0.504222519737429,0.4999999999999996,0.4957774802625719,0.9873046875,0.9951171875,True,True,True,True,True,True,True,True,True,True
qpeexact_2_Mutant_Replace_sx_P0_Q0_[].qasm,Quratest_0,0.6513550840260715,0.6497907047576158,0.5721045652099923,0.5704989195318452,0.419932518162641,0.41523750545279736,0.2956553059476883,0.29515394465374273,0.17524097245283166,0.15912769120283166,True,True,True,True,True,True,True,True,True,True
qpeexact_2_Mutant_Replace_sx_P0_Q0_[].qasm,PureState_1,0.5383203171137161,0.5372738875553607,0.46189937813019083,0.4609529844634742,0.5000000000000001,0.503954124757491,0.5000000000000006,0.49604587524251015,1.0126953125,1.0048828125,True,True,True,True,True,True,True,True,True,True
qpeexact_2_Mutant_Replace_sx_P0_Q0_[].qasm,Quratest_1,0.7189881431535948,0.7176930890438706,0.6284592621207808,0.6271379559321545,0.539517867239185,0.5299339863509236,0.2611756157262325,0.2621402533252879,0.8069517956490948,0.7815611706490948,True,True,True,True,True,True,True,True,True,True
qpeexact_2_Mutant_Replace_sx_P0_Q0_[].qasm,PureState_2,1.0,1.0,0.8325546111576977,0.8325546111576977,0.5000000000000002,0.502934247424574,0.4999999999999999,0.49706575257542407,0.9873046875,0.98681640625,True,True,True,True,True,True,True,True,True,True
qpeexact_2_Mutant_Replace_sx_P0_Q0_[].qasm,Quratest_2,0.47749289246948073,0.47577407205322575,0.4079671253479593,0.4059926019852622,0.24025116665030072,0.2275263744435653,0.27738825331536504,0.27607677933233365,0.33541737637424435,0.34957753262424435,True,True,True,True,True,True,True,True,True,True
qpeexact_2_Mutant_Replace_sx_P0_Q0_[].qasm,PureState_3,1.0,1.0,0.8325546111576978,0.8325546111576977,0.5000000000000002,0.5029332841829548,0.5000000000000006,0.4970667158170438,1.0126953125,1.01318359375,True,True,True,True,True,True,True,True,True,True
qpeexact_2_Mutant_Replace_sx_P0_Q0_[].qasm,Quratest_3,0.9308556158158703,0.9306437136690864,0.8049155692060277,0.8048475968219838,0.6244580280750713,0.6195595075258572,0.2505964088062296,0.2536712496462313,1.2620699250904859,1.2313082063404859,True,True,True,True,True,True,True,True,True,True
qpeexact_2_Mutant_Remove_x_P1_Q1.qasm,PureState_0,1.0,0.9383055965776746,0.8325546111576977,0.809676914246083,1.0,0.9969604511983499,0.0,0.0030395488016485726,0.0,0.0791015625,True,True,True,True,True,True,True,True,False,True
qpeexact_2_Mutant_Remove_x_P1_Q1.qasm,Quratest_0,0.6601604731880508,0.6578222429535083,0.5811577102648307,0.5787511866505697,0.46144560326557127,0.4559833190660817,0.09718291457974938,0.10084472816611584,0.034719965047168344,0.025442621297168344,True,True,True,True,True,True,True,True,True,True
qpeexact_2_Mutant_Remove_x_P1_Q1.qasm,PureState_1,1.0,0.9352541682016623,0.8325546111576977,0.8078528552249136,1.0,0.9969592362255644,0.0,0.003040763774434088,0.0,0.07470703125,True,True,True,True,True,True,True,True,False,True
qpeexact_2_Mutant_Remove_x_P1_Q1.qasm,Quratest_1,0.7066079515443447,0.7066181929324862,0.6163002450982369,0.6163095872316654,0.49794423214876626,0.4930686193739407,0.19967482802398687,0.1998382384162914,0.02703257935090525,0.00617054564909475,True,True,True,True,True,True,True,True,True,False
qpeexact_2_Mutant_Remove_x_P1_Q1.qasm,PureState_2,1.0,1.0,0.8325546111576977,0.8325546111576977,1.0,0.996060572308618,0.0,0.003939427691382442,0.0,0.07861328125,True,True,True,True,True,True,True,True,False,True
qpeexact_2_Mutant_Remove_x_P1_Q1.qasm,Quratest_2,0.5578086963758618,0.5589653563499613,0.4939418399653143,0.49515869202093293,0.2578932123328602,0.25354401344979205,0.0009115166871050715,0.008184394044830363,0.002961529875755653,0.04781972012424435,True,True,True,True,True,True,True,True,False,True
qpeexact_2_Mutant_Remove_x_P1_Q1.qasm,PureState_3,1.0,1.0,0.8325546111576977,0.8325546111576977,1.0,0.996059855411897,0.0,0.003940144588103418,0.0,0.07421875,True,True,True,True,True,True,True,True,False,True
qpeexact_2_Mutant_Remove_x_P1_Q1.qasm,Quratest_3,0.9361579726920523,0.935198175978439,0.8069249507885993,0.8065100156497491,0.9637376503391292,0.9554222140874895,0.04980048584661543,0.05315947784286699,0.011855856159514233,0.05406211259048577,True,True,True,True,True,True,True,True,True,True
qpeexact_2_Mutant_Replace_id_P1_Q1_[].qasm,PureState_0,1.0,0.9344058136567349,0.8325546111576977,0.807338087918723,1.0,0.9967464915790769,0.0,0.0032535084209215554,0.0,0.0791015625,True,True,True,True,True,True,True,True,False,True
qpeexact_2_Mutant_Replace_id_P1_Q1_[].qasm,Quratest_0,0.6601320067377551,0.6597342388098502,0.5811284018942396,0.5807188964193789,0.46144560326557127,0.45591289788199485,0.09718291457974938,0.10088959207482856,0.034719965047168344,0.025442621297168344,True,True,True,True,True,True,True,True,True,True
qpeexact_2_Mutant_Replace_id_P1_Q1_[].qasm,PureState_1,1.0,0.9303030471460699,0.8325546111576977,0.8048034452880867,1.0,0.996745180727163,0.0,0.003254819272835459,0.0,0.07568359375,True,True,True,True,True,True,True,True,False,True
qpeexact_2_Mutant_Replace_id_P1_Q1_[].qasm,Quratest_1,0.7064968901794206,0.7066981143200477,0.6161988395918326,0.6163824501175265,0.49794423214876626,0.4930602230064548,0.19967482802398687,0.19985395718993534,0.02703257935090525,0.00617054564909475,True,True,True,True,True,True,True,True,True,False
qpeexact_2_Mutant_Replace_id_P1_Q1_[].qasm,PureState_2,1.0,1.0,0.8325546111576977,0.8325546111576977,1.0,0.9959774093121778,0.0,0.004022590687823022,0.0,0.07763671875,True,True,True,True,True,True,True,True,False,True
qpeexact_2_Mutant_Replace_id_P1_Q1_[].qasm,Quratest_2,0.5578416317266492,0.5550978611188495,0.49397649419381506,0.4910885270597452,0.2578932123328602,0.2534741312324873,0.0009115166871050715,0.008299694580477348,0.002961529875755653,0.04781972012424435,True,True,True,True,True,True,True,True,False,True
qpeexact_2_Mutant_Replace_id_P1_Q1_[].qasm,PureState_3,1.0,1.0,0.8325546111576977,0.8325546111576977,1.0,0.9959767070182012,0.0,0.004023292981799716,0.0,0.07470703125,True,True,True,True,True,True,True,True,False,True
qpeexact_2_Mutant_Replace_id_P1_Q1_[].qasm,Quratest_3,0.9361427250850508,0.9354116081538716,0.8069181415726882,0.8065999578001738,0.9637376503391292,0.9553443628043441,0.04980048584661543,0.05322898244226863,0.011855856159514233,0.05406211259048577,True,True,True,True,True,True,True,True,True,True
qpeexact_2_Mutant_Add_y_P0_Q0_[].qasm,PureState_0,1.0,0.9376404109593688,0.8325546111576977,0.8092830108502621,1.0,0.9923553527845512,1.5040389444259094e-49,0.007644647215449645,2.0,1.92333984375,True,True,True,True,True,True,True,True,True,True
qpeexact_2_Mutant_Add_y_P0_Q0_[].qasm,Quratest_0,0.6634540999124517,0.658717897037685,0.5845504405181129,0.5796727927202359,0.46144560326557127,0.45580304128054533,0.08613393451446864,0.08979297535704277,0.043405034952831656,0.038033941202831656,True,True,True,True,True,True,True,True,True,True
qpeexact_2_Mutant_Add_y_P0_Q0_[].qasm,PureState_1,1.0,0.9309045919742456,0.8325546111576977,0.8051796573980387,1.0,0.992126681226795,3.7493994566546427e-33,0.00787331877320579,2.0,1.92529296875,True,True,True,True,True,True,True,True,True,True
qpeexact_2_Mutant_Add_y_P0_Q0_[].qasm,Quratest_1,0.7065217623009908,0.7066260320458317,0.6162215666791535,0.6163167371628631,0.4661314831490946,0.46061644006820635,0.12872558872400464,0.131393655316887,0.9397642956490948,0.9085142956490948,True,True,True,True,True,True,True,True,True,True
qpeexact_2_Mutant_Add_y_P0_Q0_[].qasm,PureState_2,1.0,1.0,0.8325546111576977,0.8325546111576977,1.0,0.9922404811253565,5.356555485816131e-32,0.007759518874641968,2.0,1.9208984375,True,True,True,True,True,True,True,True,True,True
qpeexact_2_Mutant_Add_y_P0_Q0_[].qasm,Quratest_2,0.5557469716483285,0.5514787202807357,0.4917719348694357,0.4872760352216482,0.4980150326242443,0.49009039448762415,0.118775527489771,0.12226026847205212,1.0136400326242443,0.9706712826242443,True,True,True,True,True,True,True,True,True,True
qpeexact_2_Mutant_Add_y_P0_Q0_[].qasm,PureState_3,1.0,1.0,0.8325546111576977,0.8325546111576977,1.0,0.9921997022123321,8.99696541841573e-32,0.007800297787666346,2.0,1.92431640625,True,True,True,True,True,True,True,True,True,True
qpeexact_2_Mutant_Add_y_P0_Q0_[].qasm,Quratest_3,0.9359433094120962,0.9352110009637171,0.8068297552808453,0.8065153841496753,0.8255464875904855,0.81616358659121,0.1248448831077442,0.12991287788277514,1.6644136750904859,1.5965425813404859,True,True,True,True,True,True,True,True,True,True
qpeexact_2_Mutant_Replace_cx_P2_Q1_[].qasm,PureState_0,0.0,0.07220519901176747,0.0,0.06014944781371404,0.0,0.008571349773192384,0.9999999999999996,0.9914286502268097,0.0,0.0634765625,False,False,False,False,False,False,False,False,False,True
qpeexact_2_Mutant_Replace_cx_P2_Q1_[].qasm,Quratest_0,0.6093845821335026,0.6091349885496099,0.5292752308985902,0.5290213065047509,0.21317067478136986,0.21357536445226868,0.4529554823857083,0.4504804689310956,0.45464184004716834,0.42485668379716834,True,True,True,True,True,True,True,True,True,True
qpeexact_2_Mutant_Replace_cx_P2_Q1_[].qasm,PureState_1,0.0,0.06900242862562882,0.0,0.05747855463021142,0.0,0.008261831317828202,1.0,0.9917381686821725,0.0,0.06787109375,False,False,False,False,False,False,False,False,False,True
qpeexact_2_Mutant_Replace_cx_P2_Q1_[].qasm,Quratest_1,0.7073410666308882,0.7070963757716556,0.6169855515001306,0.6167566065867597,0.3790591592195267,0.37730243377861716,0.17457533893074428,0.17566855883300647,0.7654478893990948,0.7488463268990948,True,True,True,True,True,True,True,True,True,True
qpeexact_2_Mutant_Replace_cx_P2_Q1_[].qasm,PureState_2,1.0,1.0,0.8325546111576977,0.8325546111576977,1.0,0.9959850377155806,5.731495380879399e-32,0.00401496228441869,2.0,1.9306640625,True,True,True,True,True,True,True,True,True,True
qpeexact_2_Mutant_Replace_cx_P2_Q1_[].qasm,Quratest_2,0.47733228630687885,0.4786155786399629,0.40772198686996586,0.40915148601977314,0.120060910145692,0.12366960972725886,0.4269606845452602,0.42284790127515576,0.26071034512424435,0.26901112637424435,True,True,True,True,True,True,True,True,True,True
qpeexact_2_Mutant_Replace_cx_P2_Q1_[].qasm,PureState_3,1.0,1.0,0.8325546111576977,0.8325546111576977,1.0,0.9956751465324127,3.178367633447057e-32,0.0043248534675864505,2.0,1.9306640625,True,True,True,True,True,True,True,True,True,True
qpeexact_2_Mutant_Replace_cx_P2_Q1_[].qasm,Quratest_3,0.9364024277096832,0.935456227847674,0.8070351302216338,0.8066189240199508,0.8227863485180755,0.8188083110013802,0.11365798743477516,0.11708319939265543,1.6595308625904859,1.5989839875904859,True,True,True,True,True,True,True,True,True,True
qpeexact_2_Mutant_Remove_cp_P2_Q1.qasm,PureState_0,0.0,0.05481344315803,0.0,0.045650356943980654,0.0,0.0009247943184920333,0.9999999999999996,0.999075205681508,0.0,0.052734375,False,False,False,False,False,False,False,False,False,True
qpeexact_2_Mutant_Remove_cp_P2_Q1.qasm,Quratest_0,0.6085777857138426,0.6087319555965286,0.5284544017211629,0.5286112609006516,0.21317067478136978,0.21340080464604205,0.1068243554295973,0.10762693536214923,0.45464184004716834,0.43218090254716834,True,True,True,True,True,True,True,True,True,True
qpeexact_2_Mutant_Remove_cp_P2_Q1.qasm,PureState_1,0.0,0.04850533741828508,0.0,0.040393856353385146,0.0,0.0006127366834709371,1.0,0.9993872633165298,0.0,0.05224609375,False,False,False,False,False,False,False,False,False,True
qpeexact_2_Mutant_Remove_cp_P2_Q1.qasm,Quratest_1,0.7072029715690251,0.7070424949278125,0.6168562487774643,0.6167062982974472,0.3790591592195267,0.3786176051969101,0.6463213206753738,0.6447663950182959,0.7654478893990948,0.7532408581490948,True,True,True,True,True,True,True,True,True,True
qpeexact_2_Mutant_Remove_cp_P2_Q1.qasm,PureState_2,1.0,1.0,0.8325546111576977,0.8325546111576977,1.0,0.99968986374118,1.0661875949663068e-31,0.0003101362588200663,2.0,1.94091796875,True,True,True,True,True,True,True,True,True,True
qpeexact_2_Mutant_Remove_cp_P2_Q1.qasm,Quratest_2,0.4772952529062829,0.4774448348368485,0.4076806475072734,0.4078475897041296,0.12006091014569216,0.12192595248614602,0.10214130146731344,0.10427381775940439,0.26071034512424435,0.26754628262424435,True,True,True,True,True,True,True,True,True,True
qpeexact_2_Mutant_Remove_cp_P2_Q1.qasm,PureState_3,1.0,1.0,0.8325546111576977,0.8325546111576977,1.0,0.999377779713471,6.430140440293185e-32,0.0006222202865291015,2.0,1.9404296875,True,True,True,True,True,True,True,True,True,True
qpeexact_2_Mutant_Remove_cp_P2_Q1.qasm,Quratest_3,0.9363759109232265,0.9359678489155536,0.8070230856338652,0.8068405654498546,0.8227863485180753,0.8216554319578235,0.1892042857901092,0.1899173960417533,1.6595308625904859,1.6092378938404859,True,True,True,True,True,True,True,True,True,True
qpeexact_2_Mutant_Add_t_P0_Q0_[].qasm,PureState_0,0.0,0.09508348254560517,0.0,0.0792413591322908,3.3306690738754696e-16,0.01604996326812385,0.9999999999999991,0.9839500367318763,0.0,0.07470703125,False,False,False,False,False,True,False,False,False,True
qpeexact_2_Mutant_Add_t_P0_Q0_[].qasm,Quratest_0,0.5869905747075995,0.5876497128997464,0.5063268004546138,0.5070153396464524,3.885780586188048e-16,0.005701890661181111,0.0012323086280328435,0.007145014632989481,0.013235590047168344,0.010305902547168344,True,True,True,True,False,False,True,True,True,False
qpeexact_2_Mutant_Add_t_P0_Q0_[].qasm,PureState_1,0.0,0.09129476378493157,0.0,0.07607795535130019,0.0,0.015609184778950083,1.0,0.9843908152210503,0.0,0.07666015625,False,False,False,False,False,True,False,False,False,True
qpeexact_2_Mutant_Add_t_P0_Q0_[].qasm,Quratest_1,0.7249846686302304,0.723242124023768,0.6330626302210209,0.6314502466747479,5.689893001203927e-16,0.005849785404178812,0.21727855958277428,0.21795295326520067,0.02019664185090525,0.01788929564909475,True,True,True,True,False,False,True,True,True,True
qpeexact_2_Mutant_Add_t_P0_Q0_[].qasm,PureState_2,1.0,1.0,0.8325546111576977,0.8325546111576977,0.0,0.013455229890413808,0.9999999999999998,0.986544770109584,0.0,0.07470703125,True,True,True,True,False,True,False,False,False,True
qpeexact_2_Mutant_Add_t_P0_Q0_[].qasm,Quratest_2,0.49342585717180737,0.49421503566268354,0.4253917831352685,0.4262480699926519,1.0408340855860843e-16,0.007860324773428629,0.24801897271972723,0.2491657576644835,0.016569720124244347,0.05514393887424435,True,True,True,True,False,False,True,True,True,True
qpeexact_2_Mutant_Add_t_P0_Q0_[].qasm,PureState_3,1.0,1.0,0.8325546111576977,0.8325546111576977,3.3306690738754696e-16,0.013627050482171768,0.9999999999999993,0.9863729495178258,0.0,0.0791015625,True,True,True,True,False,True,False,False,False,True
qpeexact_2_Mutant_Add_t_P0_Q0_[].qasm,Quratest_3,0.9409399118908112,0.9399835632051587,0.8087302321276583,0.8082857788975867,6.765421556309548e-16,0.012899012484658669,0.681527003172987,0.6734123890432296,0.007461324909514233,0.05455039384048577,True,True,True,True,False,True,True,True,False,True
qpeexact_2_Mutant_Add_cz_P2_Q1_[].qasm,PureState_0,0.0,0.1089516123659946,0.0,0.09082725213593279,0.0,0.02313472085433378,0.9999999999999996,0.976865279145667,0.0,0.08447265625,False,True,False,False,False,True,False,False,False,True
qpeexact_2_Mutant_Add_cz_P2_Q1_[].qasm,Quratest_0,0.6081486009217617,0.6084087396231788,0.528017708972964,0.5282824022653634,0.2131706747813698,0.21439798738405352,0.10682435542959723,0.1123576299893776,0.45464184004716834,0.41362621504716834,True,True,True,True,True,True,True,True,True,True
qpeexact_2_Mutant_Add_cz_P2_Q1_[].qasm,PureState_1,0.0,0.09821673863860592,0.0,0.08185804980495458,0.0,0.021327337980164188,1.0,0.9786726620198377,0.0,0.07958984375,False,False,False,False,False,True,False,False,False,True
qpeexact_2_Mutant_Add_cz_P2_Q1_[].qasm,Quratest_1,0.7070839278370035,0.7069637284609763,0.6167449805002861,0.6166328270312295,0.3790591592195267,0.3754316948685912,0.6463213206753743,0.6342372621481859,0.7654478893990948,0.7439635143990948,True,True,True,True,True,True,True,True,True,True
qpeexact_2_Mutant_Add_cz_P2_Q1_[].qasm,PureState_2,1.0,1.0,0.8325546111576977,0.8325546111576977,1.0,0.9893343552300793,1.0286936021949163e-31,0.010665644769918253,2.0,1.91015625,True,True,True,True,True,True,True,True,True,True
qpeexact_2_Mutant_Add_cz_P2_Q1_[].qasm,Quratest_2,0.4771928496995975,0.47828391387632446,0.4075663100458111,0.4087825635153359,0.12006091014569202,0.12515217623254535,0.10214130146731341,0.10900318248431033,0.26071034512424435,0.27535878262424435,True,True,True,True,True,True,True,True,True,True
qpeexact_2_Mutant_Add_cz_P2_Q1_[].qasm,PureState_3,1.0,1.0,0.8325546111576977,0.8325546111576977,1.0,0.9902720132359113,7.281627956884413e-32,0.00972798676408622,2.0,1.919921875,True,True,True,True,True,True,True,True,True,True
qpeexact_2_Mutant_Add_cz_P2_Q1_[].qasm,Quratest_3,0.9364237312876103,0.9353497549560926,0.8070448234518325,0.8065737601388282,0.8227863485180755,0.8148450236759353,0.189204285790109,0.1941445528251902,1.6595308625904859,1.5833589875904859,True,True,True,True,True,True,True,True,True,True
qpeexact_2_Mutant_Add_sx_P0_Q0_[].qasm,PureState_0,1.0,0.9325320111910083,0.8325546111576977,0.8061896365525911,1.0,0.9920922335458822,1.5040389444259094e-49,0.00790776645411875,2.0,1.9228515625,True,True,True,True,True,True,True,True,True,True
qpeexact_2_Mutant_Add_sx_P0_Q0_[].qasm,Quratest_0,0.6610178636940806,0.6597058811527808,0.5820405780084391,0.5806897038835753,0.46144560326557116,0.4556817260374477,0.028547638917883072,0.03445609069550843,0.043405034952831656,0.038033941202831656,True,True,True,True,True,True,True,True,True,True
qpeexact_2_Mutant_Add_sx_P0_Q0_[].qasm,PureState_1,1.0,0.9293105955654124,0.8325546111576977,0.804179395702265,1.0,0.9918634690754519,3.7493994566546427e-33,0.008136530924549003,2.0,1.9248046875,True,True,True,True,True,True,True,True,True,True
qpeexact_2_Mutant_Add_sx_P0_Q0_[].qasm,Quratest_1,0.7065763345140277,0.706699624860464,0.6162713957434717,0.6163838266070716,0.46613148314909447,0.4604938202932297,0.10161913804743229,0.1072216703829626,0.9397642956490948,0.9085142956490948,True,True,True,True,True,True,True,True,True,True
qpeexact_2_Mutant_Add_sx_P0_Q0_[].qasm,PureState_2,1.0,1.0,0.8325546111576977,0.8325546111576977,1.0,0.9919766577196134,5.356555485816131e-32,0.008023342280385069,2.0,1.919921875,True,True,True,True,True,True,True,True,True,True
qpeexact_2_Mutant_Add_sx_P0_Q0_[].qasm,Quratest_2,0.5546773274904488,0.5564966606392706,0.49064571223701336,0.4925610931878366,0.4980150326242443,0.48996034638470154,0.031545723653254434,0.03982949454996836,1.0136400326242443,0.9706712826242443,True,True,True,True,True,True,True,True,True,True
qpeexact_2_Mutant_Add_sx_P0_Q0_[].qasm,PureState_3,1.0,1.0,0.8325546111576977,0.8325546111576977,1.0,0.9919359719350331,8.99696541841573e-32,0.008064028064965282,2.0,1.92431640625,True,True,True,True,True,True,True,True,True,True
qpeexact_2_Mutant_Add_sx_P0_Q0_[].qasm,Quratest_3,0.9361478030025503,0.9351683709213163,0.806920408435626,0.8064975569656909,0.8255464875904857,0.8159471055992453,0.17924179158239012,0.1841122647455989,1.6644136750904859,1.5955660188404859,True,True,True,True,True,True,True,True,True,True
qpeexact_2_Mutant_Add_s_P0_Q0_[].qasm,PureState_0,0.0,0.08734472849335456,0.0,0.07278062946691526,0.0,0.01604996326812385,0.9999999999999996,0.9839500367318763,0.0,0.07470703125,False,False,False,False,False,True,False,False,False,True
qpeexact_2_Mutant_Add_s_P0_Q0_[].qasm,Quratest_0,0.5868601236157198,0.5872168921004597,0.5061902217966824,0.5065634905446115,2.42861286636753e-16,0.005701890661181548,0.5006161543140163,0.49514553646842896,0.013235590047168344,0.010305902547168344,True,True,True,True,False,False,True,True,True,False
qpeexact_2_Mutant_Add_s_P0_Q0_[].qasm,PureState_1,0.0,0.08990364138679822,0.0,0.07491661603968275,0.0,0.015609184778950083,1.0,0.9843908152210503,0.0,0.07666015625,False,False,False,False,False,True,False,False,False,True
qpeexact_2_Mutant_Add_s_P0_Q0_[].qasm,Quratest_1,0.7245916011368737,0.724442571654784,0.6326983639453336,0.6325603401408281,1.249000902703301e-16,0.005849785404178499,0.6086392797913871,0.6005841486710392,0.02019664185090525,0.01788929564909475,True,True,True,True,False,False,True,True,True,True
qpeexact_2_Mutant_Add_s_P0_Q0_[].qasm,PureState_2,1.0,1.0,0.8325546111576977,0.8325546111576977,0.0,0.013455229890413808,0.9999999999999998,0.986544770109584,0.0,0.07470703125,True,True,True,True,False,True,False,False,False,True
qpeexact_2_Mutant_Add_s_P0_Q0_[].qasm,Quratest_2,0.4922927393045153,0.49241153670911453,0.42416105482365063,0.4242901570181064,1.249000902703301e-16,0.007860324773428774,0.624009486359863,0.6135423090608229,0.016569720124244347,0.05514393887424435,True,True,True,True,False,False,True,True,True,True
qpeexact_2_Mutant_Add_s_P0_Q0_[].qasm,PureState_3,1.0,1.0,0.8325546111576977,0.8325546111576978,0.0,0.013627050482171768,1.0,0.9863729495178258,0.0,0.0791015625,True,True,True,True,False,True,False,False,False,True
qpeexact_2_Mutant_Add_s_P0_Q0_[].qasm,Quratest_3,0.9410674244715653,0.9401336315135798,0.8087913037785288,0.8083539901299793,1.7694179454963432e-16,0.012899012484658266,0.8407635015864933,0.8288454549816286,0.007461324909514233,0.05455039384048577,True,True,True,True,False,True,True,True,False,True
qpeexact_2_Mutant_Replace_ry_P0_Q0_[1.5707963267948966].qasm,PureState_0,0.0,0.09744269216077421,0.0,0.08121156795628778,0.0,0.016313139670683267,0.9999999999999996,0.9836868603293176,0.0,0.0751953125,False,False,False,False,False,True,False,False,False,True
qpeexact_2_Mutant_Replace_ry_P0_Q0_[1.5707963267948966].qasm,Quratest_0,0.5866091529611276,0.5874655397599668,0.5059271211339148,0.5068231910276051,1.3183898417423734e-16,0.005823232260584614,0.0012323086280328927,0.007188891222770372,0.013235590047168344,0.010305902547168344,True,True,True,True,False,False,True,True,True,False
qpeexact_2_Mutant_Replace_ry_P0_Q0_[1.5707963267948966].qasm,PureState_1,0.0,0.08763268375615321,0.0,0.0730209767639005,0.0,0.015872454114369446,1.0,0.9841275458856314,0.0,0.07666015625,False,False,False,False,False,True,False,False,False,True
qpeexact_2_Mutant_Replace_ry_P0_Q0_[1.5707963267948966].qasm,Quratest_1,0.7238533746832302,0.7249381768635087,0.6320151136961188,0.6330195278702195,3.3306690738754696e-16,0.0059495599481348,0.21727855958277445,0.2179421839184567,0.02019664185090525,0.01788929564909475,True,True,True,True,False,False,True,True,True,True
qpeexact_2_Mutant_Replace_ry_P0_Q0_[1.5707963267948966].qasm,PureState_2,1.0,1.0,0.8325546111576977,0.8325546111576977,0.0,0.013719110613031,0.9999999999999998,0.9862808893869669,0.0,0.07568359375,True,True,True,True,False,True,False,False,False,True
qpeexact_2_Mutant_Replace_ry_P0_Q0_[1.5707963267948966].qasm,Quratest_2,0.49368742916804664,0.4939680803103718,0.4256756760758286,0.4259801899843082,1.3877787807814457e-16,0.007958816203339346,0.24801897271972728,0.24917601070475098,0.016569720124244347,0.05514393887424435,True,True,True,True,False,False,True,True,True,True
qpeexact_2_Mutant_Replace_ry_P0_Q0_[1.5707963267948966].qasm,PureState_3,1.0,1.0,0.8325546111576977,0.8325546111576977,5.473822126268817e-48,0.013890838056112215,1.0,0.9861091619438863,0.0,0.080078125,True,True,True,True,False,True,False,False,False,True
qpeexact_2_Mutant_Replace_ry_P0_Q0_[1.5707963267948966].qasm,Quratest_3,0.9405621489097077,0.9401034047342749,0.8085518599122773,0.8083402065746378,1.3097162243624894e-16,0.01311554050813606,0.6815270031729875,0.6732709964509426,0.007461324909514233,0.05455039384048577,True,True,True,True,False,True,True,True,False,True
