,Name,Input,Ideal_chisquare,Noisy_chisquare,Ideal_hellinger,Noisy_hellinger,Ideal_jensenshannon,Noisy_jensenshannon,Ideal_trace,Noisy_trace,Ideal_fidelity,Noisy_fidelity,Ideal_expectation,Noisy_expectation,Killed_IC,Killed_NC,Killed_IH,Killed_NH,Killed_IJ,Killed_NJ,Killed_IT,Killed_NT,Killed_IF,Killed_NF,Killed_IE,Killed_NE
0,qft_2_Mutant_Add_t_P0_Q1_[].qasm,PureState_0,0.04929163246293668,0.0,0.00990548734175973,0.5306233218579207,0.009905401396374686,0.503360740121858,3.3306690738754696e-16,0.6713853657116826,0.9999999999999984,0.25000000737531997,0.0,0.83203125,True,True,False,False,False,False,False,False,False,False,False,True
1,qft_2_Mutant_Add_t_P0_Q1_[].qasm,Quratest_0,0.0,0.0,0.533335549910869,0.7693957062755051,0.5125874495873846,0.70222545282952,0.6624790345643088,0.8841113359243888,0.01873096748063512,0.04739136858656193,0.06298828125,0.619140625,True,True,True,False,True,False,True,True,True,True,True,False
2,qft_2_Mutant_Add_t_P0_Q1_[].qasm,PureState_1,0.23125224307626574,0.0,0.007317078067902004,0.5281746067664487,0.007317031605090861,0.5015796675214812,3.3306690738754696e-16,0.6713853657116825,0.9999999999999991,0.2500000025422179,0.0,0.83203125,True,True,False,False,False,False,False,False,False,False,False,True
3,qft_2_Mutant_Add_t_P0_Q1_[].qasm,Quratest_1,0.0,0.0,0.4306184796556243,0.5987694430777182,0.411872698179548,0.5451303750239062,0.4525896351355122,0.6703518072978567,0.24794845833022472,0.24768005237890817,0.66552734375,0.1572265625,True,True,True,False,True,False,True,False,True,False,True,False
4,qft_2_Mutant_Add_t_P0_Q1_[].qasm,PureState_2,0.06575636653063452,0.0,0.00949659782900115,0.5285741973583656,0.009496454440608147,0.5004804495286101,0.0,0.6713853657116824,0.9999999999999993,0.2500000013534911,0.0,0.83203125,True,True,False,False,False,False,False,False,False,False,False,True
5,qft_2_Mutant_Add_t_P0_Q1_[].qasm,Quratest_2,0.0,0.0,0.35796716966196823,0.5279715999365068,0.34751688367442485,0.5125460287538063,0.43177813989667724,0.7081582137604293,0.039990177760233794,0.22924430364010642,0.85986328125,1.34423828125,True,True,True,False,True,False,True,False,True,False,True,True
6,qft_2_Mutant_Add_t_P0_Q1_[].qasm,PureState_3,0.38405276067237376,0.0,0.006168148966948123,0.5297567173031938,0.006168112144446887,0.5011222449084458,0.0,0.6713853657116825,0.9999999999999998,0.24999999687047902,0.0,0.83203125,False,True,False,False,False,False,False,False,False,False,False,True
7,qft_2_Mutant_Add_t_P0_Q1_[].qasm,Quratest_3,0.0,0.0,0.16902589772268947,0.5474234964117327,0.1684797884278175,0.501250057344773,0.2231602246069298,0.6393125231157677,0.9287902586811851,0.2725725336230711,0.14013671875,0.369140625,True,True,True,False,True,False,True,False,True,False,True,False
8,qft_2_Mutant_Add_sx_P0_Q1_[].qasm,PureState_0,0.008869877774298629,0.0,0.012090364829113567,0.5345428937590533,0.012090068774778057,0.5050801914682947,2.220446049250313e-16,0.6713853657116827,8.077233244026137e-17,0.2500000073753201,0.0,0.83203125,True,True,False,False,False,False,False,False,True,False,False,True
9,qft_2_Mutant_Add_sx_P0_Q1_[].qasm,Quratest_0,0.07722494261824847,0.0,0.009478897533098243,0.7759801277610199,0.009477605323369859,0.7059904067960857,1.6653345369377348e-16,0.8841113359243888,0.09718291457974955,0.04739136858656193,0.0,0.619140625,True,True,False,False,False,False,False,True,True,True,False,False
10,qft_2_Mutant_Add_sx_P0_Q1_[].qasm,PureState_1,0.830362096369583,0.0,0.0033213370594171294,0.5266868976318415,0.003321331229782748,0.5007836244342558,2.220446049250313e-16,0.6713853657116826,5.4558463870170773e-17,0.250000002542218,0.0,0.83203125,False,True,False,False,False,False,False,False,True,False,False,True
11,qft_2_Mutant_Add_sx_P0_Q1_[].qasm,Quratest_1,0.0428166337718768,0.0,0.010045091301673963,0.6010587664972162,0.010044915564344966,0.5462488924787436,1.0408340855860843e-16,0.6703518072978567,0.19967482802398673,0.24768005237890817,0.0,0.1572265625,True,True,False,False,False,False,False,False,True,False,False,False
12,qft_2_Mutant_Add_sx_P0_Q1_[].qasm,PureState_2,0.003736719985747739,0.0,0.012907495793448206,0.5276656267078949,0.012907195913100281,0.5002274905546837,2.220446049250313e-16,0.6713853657116824,9.097945742262755e-17,0.2500000013534911,0.0,0.83203125,True,True,False,False,False,False,False,False,True,False,False,True
13,qft_2_Mutant_Add_sx_P0_Q1_[].qasm,Quratest_2,0.24057438480807725,0.0,0.007199543601997668,0.5289192110772036,0.007199317020025574,0.5133583404430142,1.8388068845354155e-16,0.7081582137604293,0.0009115166871050135,0.22924430364010642,0.0,1.34423828125,True,True,False,False,False,False,False,False,True,False,False,True
14,qft_2_Mutant_Add_sx_P0_Q1_[].qasm,PureState_3,0.020800589761556996,0.0,0.011026592451341898,0.5272834079917896,0.011026431788793162,0.5005172342909308,2.220446049250313e-16,0.6713853657116825,1.113269998365768e-16,0.24999999687047902,0.0,0.83203125,True,True,False,False,False,False,False,False,True,False,False,True
15,qft_2_Mutant_Add_sx_P0_Q1_[].qasm,Quratest_3,0.21922524938880567,0.0,0.007422267859214062,0.5478656221238762,0.007422195868358914,0.5017119936326553,2.3592239273284576e-16,0.6393125231157677,0.04980048584661573,0.2725725336230711,0.0,0.369140625,True,True,False,False,False,False,False,False,True,False,False,False
16,qft_2_Mutant_Remove_swap_P3_Q0.qasm,PureState_0,0.7694726463725283,0.0,0.003756715450064001,0.5691939961747466,0.0037567082248604645,0.5326746509103926,0.0,0.6981321521092781,0.24999999999999994,0.25000000105446296,0.0,0.88037109375,False,True,False,False,False,False,False,False,True,False,False,True
17,qft_2_Mutant_Remove_swap_P3_Q0.qasm,Quratest_0,0.0,0.0,0.23463798280511847,0.7813305527889001,0.23183558538283153,0.709610447860061,0.20649998759002955,0.9108581223219845,0.14847793456964167,0.05098944997414048,0.0,0.66748046875,True,True,True,False,True,False,True,True,True,True,False,False
18,qft_2_Mutant_Remove_swap_P3_Q0.qasm,PureState_1,0.13048149870241332,0.0,0.008420129382180331,0.56795907046904,0.008420047527438763,0.5302656407049068,2.220446049250313e-16,0.698132152109278,4.6474798444078205e-17,0.24996006209461394,0.0,0.88037109375,True,True,False,False,False,False,False,False,True,False,False,True
19,qft_2_Mutant_Remove_swap_P3_Q0.qasm,Quratest_1,0.0,0.0,0.26551689627928626,0.6510003456656365,0.25457413418539354,0.5837638819112048,0.13975469061274418,0.7220018328550695,0.6993711678905736,0.24660428868743045,0.0,0.20556640625,True,True,True,False,True,False,True,False,True,False,False,False
20,qft_2_Mutant_Remove_swap_P3_Q0.qasm,PureState_2,0.036474007259683534,0.0,0.010397895988803096,0.5688280180758851,0.010397684373744135,0.5294986283667698,0.0,0.6981321521092779,0.9999999999999993,0.250039940984368,0.0,0.88037109375,True,True,False,False,False,False,False,False,False,False,False,True
21,qft_2_Mutant_Remove_swap_P3_Q0.qasm,Quratest_2,0.0,0.0,0.17358238984028826,0.583909334156865,0.1729954448795155,0.5520899893325107,0.21429148283783894,0.7349050001580251,0.06547896539025062,0.2165197452136351,0.0,1.392578125,True,True,True,False,True,False,True,False,True,False,False,True
22,qft_2_Mutant_Remove_swap_P3_Q0.qasm,PureState_3,0.8082099318348314,0.0,0.0034757836319546983,0.5686455886625741,0.0034757758354141766,0.5309771207549668,2.220446049250313e-16,0.698132152109278,0.24999999999999994,0.25000000153725654,0.0,0.88037109375,False,True,False,False,False,False,False,False,True,False,False,True
23,qft_2_Mutant_Remove_swap_P3_Q0.qasm,Quratest_3,7.109572731450027e-164,0.0,0.09133830532242738,0.576010262522323,0.09110110482589656,0.5260098470508334,0.06383536645393123,0.6660593095133633,0.3551782141535222,0.27307707466257203,0.0,0.41748046875,True,True,False,False,False,False,True,False,True,False,False,False
24,qft_2_Mutant_Replace_t_P0_Q1_[].qasm,PureState_0,0.0,0.0,0.5418193824278966,0.5323873112129259,0.46507239974317505,0.504031980343765,0.4999999999999998,0.6713853657116827,0.4999999999999998,0.2500000073753201,0.03369140625,0.83203125,True,True,True,False,True,False,True,False,True,False,True,True
25,qft_2_Mutant_Replace_t_P0_Q1_[].qasm,Quratest_0,0.0,0.0,0.4020168371541799,0.7694117459550988,0.39237751140686594,0.7016737391246246,0.45120475077218664,0.884111335924389,0.08627551486031432,0.04739136858656193,0.54345703125,0.619140625,True,True,True,False,True,False,True,True,True,True,True,False
26,qft_2_Mutant_Replace_t_P0_Q1_[].qasm,PureState_1,0.0,0.0,0.5395271018236768,0.5276444769834187,0.46299692173662693,0.5003473228149449,0.4999999999999998,0.6713853657116825,0.4999999999999999,0.2500000025422181,0.03369140625,0.83203125,True,True,True,False,True,False,True,False,True,False,True,True
27,qft_2_Mutant_Replace_t_P0_Q1_[].qasm,Quratest_1,0.0,0.0,0.3702647301217368,0.6040230796924501,0.36423900033936274,0.5479421489053179,0.47239706321770625,0.6703518072978567,0.07433746132849131,0.24768005237890806,0.08154296875,0.1572265625,True,True,True,False,True,False,True,False,True,False,True,False
28,qft_2_Mutant_Replace_t_P0_Q1_[].qasm,PureState_2,0.0,0.0,0.5396618270542556,0.5350791221151194,0.4631195933078906,0.505599495554495,0.4999999999999999,0.6713853657116823,0.5000000000000001,0.2500000013534909,0.00830078125,0.83203125,True,True,True,False,True,False,True,False,True,False,True,True
29,qft_2_Mutant_Replace_t_P0_Q1_[].qasm,Quratest_2,0.0,0.0,0.29438400479388854,0.524087158622414,0.28553930272304234,0.5091023996919071,0.296470831664734,0.7081582137604293,0.17065710971010356,0.2292443036401065,0.15234375,1.34423828125,True,True,True,False,True,False,True,False,True,False,True,True
30,qft_2_Mutant_Replace_t_P0_Q1_[].qasm,PureState_3,0.0,0.0,0.5344737468367674,0.5240206210620889,0.4584244447676309,0.4992216096363751,0.4999999999999999,0.6713853657116824,0.5000000000000006,0.2499999968704789,0.00830078125,0.83203125,True,True,True,False,True,False,True,False,True,False,True,True
31,qft_2_Mutant_Replace_t_P0_Q1_[].qasm,Quratest_3,0.0,0.0,0.531745573803771,0.5431452115358006,0.4929446678218604,0.498552044549935,0.5934489374730294,0.6393125231157678,0.28586289546529053,0.2725725336230712,0.0068359375,0.369140625,True,True,True,False,True,False,True,False,True,False,True,False
32,qft_2_Mutant_Add_ch_P1_Q1_[].qasm,PureState_0,0.21187679618020525,0.0,0.007499338011370517,0.5280565091974885,0.007499297616798649,0.5005770492065303,1.249000902703301e-16,0.671385365711683,0.021446609406726335,0.2500000073753201,0.0,0.83203125,True,True,False,False,False,False,False,False,True,False,False,True
33,qft_2_Mutant_Add_ch_P1_Q1_[].qasm,Quratest_0,0.0,0.0,0.42279858721487107,0.7736729589896032,0.41177059378546577,0.704198380085075,0.4551606498586841,0.8841113359243894,0.2812994616144492,0.04739136858656199,0.9384765625,0.619140625,True,True,True,False,True,False,True,True,True,True,True,False
34,qft_2_Mutant_Add_ch_P1_Q1_[].qasm,PureState_1,0.006739860950251475,0.0,0.012280496912363945,0.5258706415832098,0.012280217768881873,0.49938964395446356,5.551115123125783e-17,0.6713853657116828,0.7285533905932733,0.250000002542218,0.0,0.83203125,True,True,False,False,False,False,False,False,True,False,False,True
35,qft_2_Mutant_Add_ch_P1_Q1_[].qasm,Quratest_1,0.0,0.0,0.34741912242250766,0.5996152939229782,0.3422342043624753,0.5451621293117879,0.40855643022410226,0.6703518072978571,0.007596035011368802,0.24768005237890844,0.849609375,0.1572265625,True,True,True,False,True,False,True,False,True,False,True,False
36,qft_2_Mutant_Add_ch_P1_Q1_[].qasm,PureState_2,0.10500025815900302,0.0,0.008730846238983092,0.5282264319247636,0.008730752815807227,0.5005596980631255,2.0816681711721685e-16,0.6713853657116827,0.7285533905932732,0.2500000013534912,0.0,0.83203125,True,True,False,False,False,False,False,False,True,False,False,True
37,qft_2_Mutant_Add_ch_P1_Q1_[].qasm,Quratest_2,0.0,0.0,0.5249337638141472,0.5285093863187531,0.4935107103713235,0.5130190471465658,0.45684165981912406,0.7081582137604295,0.4528905481837178,0.2292443036401065,0.9326171875,1.34423828125,True,True,True,False,True,False,True,False,True,False,True,True
38,qft_2_Mutant_Add_ch_P1_Q1_[].qasm,PureState_3,0.0291332696803297,0.0,0.010641500168894267,0.5271323368341129,0.010641312882802676,0.5002982369493958,1.6653345369377348e-16,0.6713853657116828,0.021446609406726443,0.24999999687047902,0.0,0.83203125,True,True,False,False,False,False,False,False,True,False,False,True
39,qft_2_Mutant_Add_ch_P1_Q1_[].qasm,Quratest_3,0.0,0.0,0.24853218937423643,0.5456246135808099,0.24633715930385275,0.49937227581687565,0.27121528919436155,0.639312523115768,0.047409777364196215,0.27257253362307143,0.56982421875,0.369140625,True,True,True,False,True,False,True,False,True,False,True,False
40,qft_2_Mutant_Replace_rzz_P1_Q1_[4.71238898038469].qasm,PureState_0,0.2739868335091939,0.0,0.006971563334610803,0.5269823874238464,0.006971531574469107,0.5002682937407988,4.163336342344337e-17,0.6713853657116825,0.9999999999999998,0.25000000737531985,0.0,0.83203125,True,True,False,False,False,False,False,False,False,False,False,True
41,qft_2_Mutant_Replace_rzz_P1_Q1_[4.71238898038469].qasm,Quratest_0,5.460315155670856e-172,0.0,0.08233884436016058,0.7654893482384626,0.08184969505691944,0.6999482933963501,0.053953126224668184,0.8841113359243887,0.6330389824940368,0.04739136858656189,0.10400390625,0.619140625,True,True,False,False,False,False,True,True,True,True,True,False
42,qft_2_Mutant_Replace_rzz_P1_Q1_[4.71238898038469].qasm,PureState_1,0.08585854281059281,0.0,0.00907838330242757,0.5269892256413187,0.009078282169126447,0.4969041094077368,2.7755575615628914e-17,0.6713853657116823,0.5000000000000002,0.25000000254221777,0.0,0.83203125,True,True,False,False,False,False,False,False,True,False,False,True
43,qft_2_Mutant_Replace_rzz_P1_Q1_[4.71238898038469].qasm,Quratest_1,0.0,0.0,0.23345558233617925,0.5986840563114402,0.22534559311262328,0.5454423486051533,0.1454944314616104,0.6703518072978567,0.6785643577711788,0.2476800523789081,0.28515625,0.1572265625,True,True,True,False,True,False,True,False,True,False,True,False
44,qft_2_Mutant_Replace_rzz_P1_Q1_[4.71238898038469].qasm,PureState_2,0.04396820362071543,0.0,0.010013769301392457,0.5336243475424747,0.010013592446207484,0.5042186079686218,1.3877787807814457e-17,0.6713853657116823,0.4999999999999998,0.25000000135349076,0.0,0.83203125,True,True,False,False,False,False,False,False,True,False,False,True
45,qft_2_Mutant_Replace_rzz_P1_Q1_[4.71238898038469].qasm,Quratest_2,2.332109547143212e-145,0.0,0.0927151336573055,0.5299655732366269,0.0925727188998053,0.5142609811788919,0.08532671630579382,0.7081582137604291,0.5011038651077815,0.22924430364010642,0.17236328125,1.34423828125,True,True,False,False,False,False,True,False,True,False,True,True
46,qft_2_Mutant_Replace_rzz_P1_Q1_[4.71238898038469].qasm,PureState_3,0.31930123280715794,0.0,0.006641886605162745,0.5311639964502466,0.0066418405618965245,0.503232883855342,4.163336342344337e-17,0.6713853657116823,0.9999999999999996,0.24999999687047864,0.0,0.83203125,False,True,False,False,False,False,False,False,False,False,False,True
47,qft_2_Mutant_Replace_rzz_P1_Q1_[4.71238898038469].qasm,Quratest_3,9.252308197981693e-56,0.0,0.05530151903332749,0.5419484196787598,0.05525848267085444,0.49810648439785127,0.046803566303457764,0.6393125231157675,0.9494486973012876,0.272572533623071,0.08935546875,0.369140625,True,True,False,False,False,False,True,False,True,False,True,False
48,qft_2_Mutant_Replace_cp_P3_Q0_[3.141592653589793].qasm,PureState_0,0.020492231943815723,0.0,0.011105654168633131,0.5696584428894144,0.011105436592055082,0.5311733866557011,0.0,0.6981321528981985,7.496278174959568e-17,0.24996059176055327,0.0,0.8818359375,True,True,False,False,False,False,False,False,True,False,False,True
49,qft_2_Mutant_Replace_cp_P3_Q0_[3.141592653589793].qasm,Quratest_0,0.0,0.0,0.2427840037003002,0.8039915013331861,0.2395926335430079,0.7258108155116277,0.2064999875900296,0.910858123110905,0.5266450983803153,0.040867443588615424,0.0,0.6689453125,True,True,True,True,True,False,True,True,True,True,False,False
50,qft_2_Mutant_Replace_cp_P3_Q0_[3.141592653589793].qasm,PureState_1,0.029227001962703964,0.0,0.010599629325694191,0.5673039684803731,0.010599493590440939,0.5293453240018359,2.220446049250313e-16,0.6981321528981984,0.24999999999999994,0.25003941083116477,0.0,0.8818359375,True,True,False,False,False,False,False,False,True,False,False,True
51,qft_2_Mutant_Replace_cp_P3_Q0_[3.141592653589793].qasm,Quratest_1,0.0,0.0,0.26940435297919035,0.6175062566195116,0.2579717885843921,0.5539378105595113,0.13975469061274423,0.6892366678883881,0.08743685439227339,0.25348050389106525,0.0,0.20703125,True,True,True,False,True,False,True,False,True,False,False,False
52,qft_2_Mutant_Replace_cp_P3_Q0_[3.141592653589793].qasm,PureState_2,0.17794165689424543,0.0,0.007869759961229173,0.5669418023812957,0.007869677984056736,0.5295843252339234,0.0,0.6981321528981984,0.2500000000000001,0.2500394103373282,0.0,0.8818359375,True,True,False,False,False,False,False,False,True,False,False,True
53,qft_2_Mutant_Replace_cp_P3_Q0_[3.141592653589793].qasm,Quratest_2,0.0,0.0,0.17039192717561394,0.5624486395298403,0.16983598610532186,0.5401668044831298,0.21429148283783894,0.7349050009469453,0.03905942425992543,0.22708642405300872,0.0,1.39404296875,True,True,True,False,True,False,True,False,True,False,False,True
54,qft_2_Mutant_Replace_cp_P3_Q0_[3.141592653589793].qasm,PureState_3,0.5603661783205518,0.0,0.005075436320629717,0.5639638849853416,0.005075415749758829,0.5277239640732652,2.220446049250313e-16,0.6981321528981984,1.0712464121100729e-16,0.24996059274165622,0.0,0.8818359375,False,True,False,False,False,False,False,False,True,False,False,True
55,qft_2_Mutant_Replace_cp_P3_Q0_[3.141592653589793].qasm,Quratest_3,1.7489401519850958e-161,0.0,0.09333871003197018,0.5721499376813943,0.0930901824877649,0.5193932255257869,0.06383536645393129,0.6660593103022835,0.08226978637087849,0.276175440745917,0.0,0.4189453125,True,True,False,False,False,False,True,False,True,False,False,False
56,qft_2_Mutant_Replace_p_P0_Q1_[3.9269908169872414].qasm,PureState_0,0.0,0.0,0.5418135334916504,0.5327397849100299,0.46506597745718997,0.5038123273650419,0.5,0.6713853657116827,0.4999999999999999,0.2500000073753201,0.03369140625,0.83203125,True,True,True,False,True,False,True,False,True,False,True,True
57,qft_2_Mutant_Replace_p_P0_Q1_[3.9269908169872414].qasm,Quratest_0,0.0,0.0,0.4002311347331839,0.7659114456104069,0.3907833033845521,0.6999152411472038,0.4512047507721867,0.884111335924389,0.42901610052168176,0.04739136858656193,0.54345703125,0.619140625,True,True,True,False,True,False,True,True,True,True,True,False
58,qft_2_Mutant_Replace_p_P0_Q1_[3.9269908169872414].qasm,PureState_1,0.0,0.0,0.5395394668158695,0.5291357721832051,0.4630105178432649,0.5012671013671194,0.49999999999999994,0.6713853657116825,0.5000000000000002,0.2500000025422181,0.03369140625,0.83203125,True,True,True,False,True,False,True,False,True,False,True,True
59,qft_2_Mutant_Replace_p_P0_Q1_[3.9269908169872414].qasm,Quratest_1,0.0,0.0,0.3747794448882457,0.5990616469771037,0.3684260894414935,0.5454349370627897,0.47239706321770625,0.6703518072978567,0.4269678543522935,0.24768005237890806,0.08154296875,0.1572265625,True,True,True,False,True,False,True,False,True,False,True,False
60,qft_2_Mutant_Replace_p_P0_Q1_[3.9269908169872414].qasm,PureState_2,0.0,0.0,0.5396284503081185,0.5342311303629601,0.4630828953057031,0.5041718319481263,0.4999999999999999,0.6713853657116823,0.5000000000000001,0.2500000013534909,0.00830078125,0.83203125,True,True,True,False,True,False,True,False,True,False,True,True
61,qft_2_Mutant_Replace_p_P0_Q1_[3.9269908169872414].qasm,Quratest_2,0.0,0.0,0.2909349879656462,0.5265504213039295,0.2821642803764196,0.5113008003377026,0.296470831664734,0.7081582137604293,0.5345505277366431,0.2292443036401065,0.15234375,1.34423828125,True,True,True,False,True,False,True,False,True,False,True,True
62,qft_2_Mutant_Replace_p_P0_Q1_[3.9269908169872414].qasm,PureState_3,0.0,0.0,0.5344964389356524,0.5263073460974044,0.4584494716648663,0.5001908296192135,0.4999999999999999,0.6713853657116824,0.5000000000000006,0.2499999968704789,0.00830078125,0.83203125,True,True,True,False,True,False,True,False,True,False,True,True
63,qft_2_Mutant_Replace_p_P0_Q1_[3.9269908169872414].qasm,Quratest_3,0.0,0.0,0.5339259098015553,0.5441730260745685,0.4956128045898992,0.49920949769981426,0.5934489374730294,0.6393125231157678,0.49187603295443444,0.2725725336230712,0.0068359375,0.369140625,True,True,True,False,True,False,True,False,True,False,True,False
64,qft_2_Mutant_Replace_cx_P1_Q1_[].qasm,PureState_0,0.04690264580975417,0.0,0.00995922564750235,0.5308694309780368,0.009959122666799424,0.5018838640214901,1.1102230246251565e-16,0.671385365711673,0.2499999999999999,0.25000000737531963,0.0068359375,0.83203125,True,True,False,False,False,False,False,False,True,False,True,True
65,qft_2_Mutant_Replace_cx_P1_Q1_[].qasm,Quratest_0,0.0,0.0,0.410464314410193,0.7706489764613467,0.40055553511242964,0.7034789351103838,0.4468510920649109,0.8841113359243794,0.11284383268481087,0.04739136858656453,0.92431640625,0.619140625,True,True,True,False,True,False,True,True,True,True,True,False
66,qft_2_Mutant_Replace_cx_P1_Q1_[].qasm,PureState_1,0.7950257003966998,0.0,0.0035801317792178962,0.5311681951891064,0.0035801275817949544,0.5020739759127234,1.1102230246251565e-16,0.6713853657116728,0.24999999999999978,0.25000000254221755,0.0068359375,0.83203125,False,True,False,False,False,False,False,False,True,False,True,True
67,qft_2_Mutant_Replace_cx_P1_Q1_[].qasm,Quratest_1,0.0,0.0,0.20346330493813505,0.59791679766595,0.20223484815408224,0.5446234107537153,0.24305904067757605,0.670351807297856,0.03972763323315801,0.2476800523789058,0.509765625,0.1572265625,True,True,True,False,True,False,True,False,True,False,True,False
68,qft_2_Mutant_Replace_cx_P1_Q1_[].qasm,PureState_2,0.00011067884913446321,0.0,0.01613898747007427,0.523012389573226,0.01613852406836004,0.4966384438167545,1.1102230246251565e-16,0.6713853657116727,0.2500000000000002,0.2500000013534909,0.0068359375,0.83203125,True,True,False,False,False,False,False,False,True,False,True,True
69,qft_2_Mutant_Replace_cx_P1_Q1_[].qasm,Quratest_2,0.0,0.0,0.16087203956190674,0.5321829971129974,0.15739370330285984,0.5161879291536965,0.11039023622824029,0.7081582137604199,0.8111809823961826,0.22924430364010684,0.21826171875,1.34423828125,True,True,True,False,True,False,True,False,True,False,True,True
70,qft_2_Mutant_Replace_cx_P1_Q1_[].qasm,PureState_3,0.024835588161377136,0.0,0.010743975779964493,0.5288469615442233,0.010743754331613758,0.5020334952721968,1.1102230246251565e-16,0.6713853657116728,0.2500000000000001,0.24999999687047864,0.0068359375,0.83203125,True,True,False,False,False,False,False,False,True,False,True,True
71,qft_2_Mutant_Replace_cx_P1_Q1_[].qasm,Quratest_3,0.0,0.0,0.24101539795629423,0.5419408495564828,0.23900896764622684,0.49920144198626754,0.25942953012936193,0.6393125231157579,0.1419921709667738,0.2725725336230695,0.53955078125,0.369140625,True,True,True,False,True,False,True,False,True,False,True,False
72,qft_2_Mutant_Add_rz_P0_Q1_[0.7853981633974483].qasm,PureState_0,0.2846386602740422,0.0,0.006877705064789389,0.5329016126171827,0.006877664386002306,0.5044713610748446,1.3877787807814457e-16,0.6713853657116827,0.9999999999999993,0.2500000073753201,0.0,0.83203125,True,True,False,False,False,False,False,False,False,False,False,True
73,qft_2_Mutant_Add_rz_P0_Q1_[0.7853981633974483].qasm,Quratest_0,0.0,0.0,0.20351660258567297,0.7732762231334634,0.19928758407351074,0.7038628197607161,0.16619198776856164,0.8841113359243887,0.8562964772717199,0.04739136858656192,0.26220703125,0.619140625,True,True,True,False,True,False,True,True,True,True,True,False
74,qft_2_Mutant_Add_rz_P0_Q1_[0.7853981633974483].qasm,PureState_1,0.600631815914185,0.0,0.004831055729787997,0.5291773902474093,0.004831044020032162,0.5016031117707631,6.938893903907228e-17,0.6713853657116826,0.9999999999999991,0.250000002542218,0.0,0.83203125,False,True,False,False,False,False,False,False,False,False,False,True
75,qft_2_Mutant_Add_rz_P0_Q1_[0.7853981633974483].qasm,Quratest_1,0.0,0.0,0.14779849380938956,0.5990651766051791,0.14585889220180281,0.546224011653424,0.10747229076058205,0.6703518072978567,0.88986460162336,0.2476800523789081,0.15869140625,0.1572265625,True,True,True,False,True,False,True,False,True,False,True,False
76,qft_2_Mutant_Add_rz_P0_Q1_[0.7853981633974483].qasm,PureState_2,0.5567225917839631,0.0,0.005078017454135385,0.5337674523523349,0.00507799301052928,0.5035323006589747,4.163336342344337e-17,0.6713853657116824,0.9999999999999996,0.2500000013534911,0.0,0.83203125,False,True,False,False,False,False,False,False,False,False,False,True
77,qft_2_Mutant_Add_rz_P0_Q1_[0.7853981633974483].qasm,Quratest_2,0.0,0.0,0.16669927374515398,0.5227248975883784,0.16605806776875104,0.5079226692482677,0.20695458803454989,0.7081582137604293,0.859409816535833,0.22924430364010642,0.10205078125,1.34423828125,True,True,True,False,True,False,True,False,True,False,True,True
78,qft_2_Mutant_Add_rz_P0_Q1_[0.7853981633974483].qasm,PureState_3,0.09597110708169758,0.0,0.008913530065699046,0.5247736426102245,0.008913412187458438,0.4985146872021083,0.0,0.6713853657116825,0.9999999999999998,0.24999999687047902,0.0,0.83203125,True,True,False,False,False,False,False,False,False,False,False,True
79,qft_2_Mutant_Add_rz_P0_Q1_[0.7853981633974483].qasm,Quratest_3,7.704984887768506e-14,0.0,0.027596531837328197,0.5425308307525472,0.02759043306180648,0.49909237433449233,0.027767395585087992,0.6393125231157677,0.9895715748271282,0.2725725336230711,0.0546875,0.369140625,True,True,False,False,False,False,True,False,True,False,True,False
80,qft_2_Mutant_Add_x_P0_Q1_[].qasm,PureState_0,0.038872922387673946,0.0,0.010284009074907124,0.5347706961635946,0.010283834025154362,0.5064522247634325,2.220446049250313e-16,0.6713853657116827,8.077233244026137e-17,0.2500000073753201,0.0,0.83203125,True,True,False,False,False,False,False,False,True,False,False,True
81,qft_2_Mutant_Add_x_P0_Q1_[].qasm,Quratest_0,0.008919819459337407,0.0,0.011973875927148955,0.7654789493198161,0.01197365300483893,0.6985991058229387,6.938893903907228e-17,0.8841113359243888,0.09718291457974952,0.04739136858656193,0.0,0.619140625,True,True,False,False,False,False,False,True,True,True,False,False
82,qft_2_Mutant_Add_x_P0_Q1_[].qasm,PureState_1,0.08629234544483666,0.0,0.0090927210373047,0.5261345285351908,0.009092619790351447,0.49946826598540306,2.220446049250313e-16,0.6713853657116826,5.4558463870170773e-17,0.250000002542218,0.0,0.83203125,True,True,False,False,False,False,False,False,True,False,False,True
83,qft_2_Mutant_Add_x_P0_Q1_[].qasm,Quratest_1,0.2417033883975355,0.0,0.007128003181607987,0.5951043607513805,0.007127405820387979,0.5445807095297549,1.0408340855860843e-16,0.6703518072978567,0.19967482802398673,0.24768005237890817,0.0,0.1572265625,True,True,False,False,False,False,False,False,True,False,False,False
84,qft_2_Mutant_Add_x_P0_Q1_[].qasm,PureState_2,0.3428933842293027,0.0,0.006438353211348173,0.5228449226099041,0.006438311799764251,0.49704028505049014,2.220446049250313e-16,0.6713853657116824,9.097945742262755e-17,0.2500000013534911,0.0,0.83203125,False,True,False,False,False,False,False,False,True,False,False,True
85,qft_2_Mutant_Add_x_P0_Q1_[].qasm,Quratest_2,0.020811914814195098,0.0,0.011057329818934019,0.5265079621643673,0.01105717636525493,0.5112735548368236,1.3357370765021415e-16,0.7081582137604294,0.0009115166871050428,0.2292443036401065,0.0,1.34423828125,True,True,False,False,False,False,False,False,True,False,False,True
86,qft_2_Mutant_Add_x_P0_Q1_[].qasm,PureState_3,0.021007999736566994,0.0,0.011032261440332152,0.5286269699508912,0.011032105117410113,0.501539501925292,2.220446049250313e-16,0.6713853657116825,1.113269998365768e-16,0.24999999687047902,0.0,0.83203125,True,True,False,False,False,False,False,False,True,False,False,True
87,qft_2_Mutant_Add_x_P0_Q1_[].qasm,Quratest_3,0.08632586978462366,0.0,0.009102072699640777,0.5343461624612436,0.009101900200231603,0.4935790218748649,1.942890293094024e-16,0.6393125231157677,0.04980048584661568,0.2725725336230711,0.0,0.369140625,True,True,False,False,False,False,False,False,True,False,False,False
88,qft_2_Mutant_Remove_h_P2_Q0.qasm,PureState_0,0.0,0.0,0.5378109420230203,0.5284285767901045,0.46144137752064235,0.49966219646771587,0.4999999999999999,0.6713853657116824,0.5000000000000007,0.25000000737531985,0.03369140625,0.83203125,True,True,True,False,True,False,True,False,True,False,True,True
89,qft_2_Mutant_Remove_h_P2_Q0.qasm,Quratest_0,0.0,0.0,0.29752261263451213,0.7709211185257453,0.29184573239033085,0.7014411220651317,0.3448187324399593,0.8841113359243888,0.2886829507993107,0.047391368586561906,0.1181640625,0.619140625,True,True,True,False,True,False,True,True,True,True,True,False
90,qft_2_Mutant_Remove_h_P2_Q0.qasm,PureState_1,0.0,0.0,0.5411974068395611,0.5273099419878744,0.46450283938914383,0.5015312364229276,0.4999999999999999,0.6713853657116823,0.5000000000000007,0.25000000254221766,0.00830078125,0.83203125,True,True,True,False,True,False,True,False,True,False,True,True
91,qft_2_Mutant_Remove_h_P2_Q0.qasm,Quratest_1,0.0,0.0,0.16187314954339185,0.5967595571924642,0.1594763672289358,0.5445803924609489,0.14939548504396832,0.6703518072978567,0.20064338499130072,0.24768005237890806,0.06982421875,0.1572265625,True,True,True,False,True,False,True,False,True,False,True,False
92,qft_2_Mutant_Remove_h_P2_Q0.qasm,PureState_2,0.0,0.0,0.5448567259129864,0.5305114380856132,0.46781682641899813,0.5020059905690363,0.4999999999999999,0.6713853657116822,0.5000000000000001,0.25000000135349076,0.00830078125,0.83203125,True,True,True,False,True,False,True,False,True,False,True,True
93,qft_2_Mutant_Remove_h_P2_Q0.qasm,Quratest_2,0.0,0.0,0.43360063198934184,0.5271509277406935,0.41172358627315253,0.5118136120626228,0.4767475055920696,0.7081582137604292,0.40177245333051387,0.22924430364010642,0.95263671875,1.34423828125,True,True,True,False,True,False,True,False,True,False,True,True
94,qft_2_Mutant_Remove_h_P2_Q0.qasm,PureState_3,0.0,0.0,0.5380625523288053,0.5229590440052563,0.46166698057268374,0.49642343709762526,0.4999999999999999,0.6713853657116823,0.5000000000000001,0.24999999687047864,0.03369140625,0.83203125,True,True,True,False,True,False,True,False,True,False,True,True
95,qft_2_Mutant_Remove_h_P2_Q0.qasm,Quratest_3,0.0,0.0,0.3621675175051354,0.5423048583259974,0.35009598763940586,0.49991849703654245,0.365028497945709,0.6393125231157675,0.42415363757293245,0.272572533623071,0.2783203125,0.369140625,True,True,True,False,True,False,True,False,True,False,True,False
96,qft_2_Mutant_Add_s_P0_Q1_[].qasm,PureState_0,0.06038409730184998,0.0,0.009621046562132642,0.5255178874611872,0.009620959475272011,0.4991938458655705,0.0,0.6713853657116827,0.9999999999999998,0.2500000073753201,0.0,0.83203125,True,True,False,False,False,False,False,False,False,False,False,True
97,qft_2_Mutant_Add_s_P0_Q1_[].qasm,Quratest_0,0.0,0.0,0.3862281746933293,0.766442347895694,0.3719806131976671,0.701214885453838,0.40878866171444056,0.8841113359243888,0.5093654837403174,0.04739136858656193,0.380859375,0.619140625,True,True,True,False,True,False,True,True,True,True,True,False
98,qft_2_Mutant_Add_s_P0_Q1_[].qasm,PureState_1,0.026577781954300824,0.0,0.010665037733618363,0.5246829270805442,0.010664837180315212,0.4974895686046282,0.0,0.6713853657116826,0.9999999999999998,0.250000002542218,0.0,0.83203125,True,True,False,False,False,False,False,False,False,False,False,True
99,qft_2_Mutant_Add_s_P0_Q1_[].qasm,Quratest_1,0.0,0.0,0.29820651539799753,0.5982852510950325,0.28197841078942215,0.5437679689445879,0.22342494714332306,0.6703518072978567,0.6239742291651118,0.2476800523789081,0.02978515625,0.1572265625,True,True,True,False,True,False,True,False,True,False,True,False
100,qft_2_Mutant_Add_s_P0_Q1_[].qasm,PureState_2,0.0054653861023001475,0.0,0.012482309641838463,0.5322014165010751,0.01248196615915903,0.5029179382148544,0.0,0.6713853657116824,0.9999999999999993,0.2500000013534911,0.0,0.83203125,True,True,False,False,False,False,False,False,False,False,False,True
101,qft_2_Mutant_Add_s_P0_Q1_[].qasm,Quratest_2,0.0,0.0,0.27529842887395617,0.5303581471844289,0.2696684116607699,0.5145807066745128,0.28383514801197585,0.7081582137604294,0.5199950888801176,0.2292443036401065,0.10693359375,1.34423828125,True,True,True,False,True,False,True,False,True,False,True,True
102,qft_2_Mutant_Add_s_P0_Q1_[].qasm,PureState_3,0.007082669835868012,0.0,0.01232329411829224,0.5270170020859186,0.012322979499959716,0.5001100395063358,0.0,0.6713853657116825,0.9999999999999998,0.24999999687047902,0.0,0.83203125,True,True,False,False,False,False,False,False,False,False,False,True
103,qft_2_Mutant_Add_s_P0_Q1_[].qasm,Quratest_3,6.526968790860497e-93,0.0,0.06998468419780741,0.5453923335394453,0.06990462997223218,0.5027688036837398,0.07381077916753467,0.6393125231157677,0.9643951293405909,0.2725725336230711,0.11376953125,0.369140625,True,True,False,False,False,False,True,False,True,False,True,False
104,qft_2_Mutant_Replace_sx_P0_Q1_[].qasm,PureState_0,0.07473356766595593,0.0,0.00929167544740425,0.5368026160490907,0.009291595586388849,0.508593252385306,1.249000902703301e-16,0.6713853657116827,0.5000000000000001,0.2500000073753201,0.0,0.83203125,True,True,False,False,False,False,False,False,True,False,False,True
105,qft_2_Mutant_Replace_sx_P0_Q1_[].qasm,Quratest_0,0.0,0.0,0.24214523297048826,0.7679995738067175,0.23953115924766055,0.7001823334946504,0.2840157099970886,0.8841113359243888,0.25764580769099815,0.04739136858656193,0.33349609375,0.619140625,True,True,True,False,True,False,True,True,True,True,True,False
106,qft_2_Mutant_Replace_sx_P0_Q1_[].qasm,PureState_1,0.03310431628816092,0.0,0.010430614461895974,0.5291176443008375,0.010430429242866676,0.5030873755322353,1.1102230246251565e-16,0.6713853657116827,0.4999999999999999,0.2500000025422181,0.0,0.83203125,True,True,False,False,False,False,False,False,True,False,False,True
107,qft_2_Mutant_Replace_sx_P0_Q1_[].qasm,Quratest_1,0.0,0.0,0.3405720141728051,0.5956908718237717,0.331349219772235,0.5441672963598608,0.37947232799272945,0.6703518072978567,0.25065265784039215,0.24768005237890806,0.69091796875,0.1572265625,True,True,True,False,True,False,True,False,True,False,True,False
108,qft_2_Mutant_Replace_sx_P0_Q1_[].qasm,PureState_2,0.6289724915602677,0.0,0.004644008719066732,0.5247398601565444,0.004643990390791103,0.4983768180616408,1.1102230246251565e-16,0.6713853657116825,0.4999999999999996,0.250000001353491,0.0,0.83203125,False,True,False,False,False,False,False,False,True,False,False,True
109,qft_2_Mutant_Replace_sx_P0_Q1_[].qasm,Quratest_2,0.0,0.0,0.4225362140309909,0.5307648382797976,0.40454371397060507,0.5150033724064372,0.45066596093433753,0.7081582137604292,0.28379987625475633,0.22924430364010642,0.73681640625,1.34423828125,True,True,True,False,True,False,True,False,True,False,True,True
110,qft_2_Mutant_Replace_sx_P0_Q1_[].qasm,PureState_3,0.05065992738676561,0.0,0.009851366375086348,0.5300024181122293,0.009851260250109533,0.5021687201999573,9.71445146547012e-17,0.6713853657116825,0.4999999999999999,0.24999999687047902,0.0,0.83203125,True,True,False,False,False,False,False,False,True,False,False,True
111,qft_2_Mutant_Replace_sx_P0_Q1_[].qasm,Quratest_3,5.755733871221622e-211,0.0,0.10881720763950603,0.5379223608960702,0.1086926776006333,0.49668501587968694,0.15348158404170079,0.6393125231157677,0.4199007482841562,0.2725725336230711,0.02490234375,0.369140625,True,True,False,False,False,False,True,False,True,False,True,False
112,qft_2_Mutant_Replace_rx_P0_Q1_[2.356194490192345].qasm,PureState_0,0.0,0.0,0.27228850645687575,0.53467185776162,0.26937901733913455,0.5045501189662565,0.35355339059327384,0.6713853657116826,0.4999999999999999,0.25000000737531997,0.0078125,0.83203125,True,True,True,False,True,False,True,False,True,False,True,True
113,qft_2_Mutant_Replace_rx_P0_Q1_[2.356194490192345].qasm,Quratest_0,0.0,0.0,0.225794241594689,0.7685930416496651,0.2200179045569281,0.700692121778512,0.2125944570023109,0.8841113359243891,0.42901610052168165,0.047391368586561955,0.1767578125,0.619140625,True,True,True,False,True,False,True,True,True,True,True,False
114,qft_2_Mutant_Replace_rx_P0_Q1_[2.356194490192345].qasm,PureState_1,0.0,0.0,0.28091863728239513,0.5237169831379591,0.27768318782997986,0.49746343659209386,0.3535533905932738,0.6713853657116825,0.4999999999999998,0.2500000025422179,0.0078125,0.83203125,True,True,True,False,True,False,True,False,True,False,True,True
115,qft_2_Mutant_Replace_rx_P0_Q1_[2.356194490192345].qasm,Quratest_1,0.0,0.0,0.32559259817920844,0.6017239894983429,0.3140306631787708,0.5464871464086402,0.36385569652269867,0.6703518072978569,0.42696785435229295,0.24768005237890828,0.7412109375,0.1572265625,True,True,True,False,True,False,True,False,True,False,True,False
116,qft_2_Mutant_Replace_rx_P0_Q1_[2.356194490192345].qasm,PureState_2,0.0,0.0,0.27837618472265174,0.5287187741275914,0.2752638305032506,0.5007367080398651,0.3535533905932738,0.6713853657116824,0.5000000000000002,0.2500000013534911,0.01611328125,0.83203125,True,True,True,False,True,False,True,False,True,False,True,True
117,qft_2_Mutant_Replace_rx_P0_Q1_[2.356194490192345].qasm,Quratest_2,0.0,0.0,0.3377672661274737,0.523261063722872,0.33306108357634756,0.5083953561952785,0.42912250314194056,0.7081582137604294,0.5345505277366431,0.2292443036401065,0.857421875,1.34423828125,True,True,True,False,True,False,True,False,True,False,True,True
118,qft_2_Mutant_Replace_rx_P0_Q1_[2.356194490192345].qasm,PureState_3,0.0,0.0,0.2807997837424404,0.5300379378241623,0.27768455402224196,0.5022249239656569,0.35355339059327384,0.6713853657116825,0.4999999999999998,0.24999999687047902,0.01611328125,0.83203125,True,True,True,False,True,False,True,False,True,False,True,True
119,qft_2_Mutant_Replace_rx_P0_Q1_[2.356194490192345].qasm,Quratest_3,0.0,0.0,0.1647399564985301,0.5403601511929953,0.16384470034794218,0.49756266875136473,0.199523786808526,0.6393125231157677,0.4918760329544346,0.2725725336230711,0.0478515625,0.369140625,True,True,True,False,True,False,True,False,True,False,True,False
120,qft_2_Mutant_Add_rxx_P1_Q1_[1.5707963267948966].qasm,PureState_0,0.0,0.0,0.3862024692505432,0.5343181967148808,0.3314876493840362,0.5053145256943423,0.25000000000000006,0.6713853657116832,0.4999999999999999,0.2500000073753203,0.49462890625,0.83203125,True,True,True,False,True,False,True,False,True,False,True,True
121,qft_2_Mutant_Add_rxx_P1_Q1_[1.5707963267948966].qasm,Quratest_0,0.0,0.0,0.4052986033762625,0.770158983362142,0.39126633765312496,0.702387366052069,0.41471197579204216,0.8841113359243894,0.5716006336586165,0.04739136858656199,0.0673828125,0.619140625,True,True,True,False,True,False,True,True,True,True,True,False
122,qft_2_Mutant_Add_rxx_P1_Q1_[1.5707963267948966].qasm,PureState_1,0.0,0.0,0.37771384318927886,0.5309995758720233,0.32342671404203016,0.5028670129858965,0.25,0.6713853657116831,0.4999999999999999,0.2500000025422181,0.51806640625,0.83203125,True,True,True,False,True,False,True,False,True,False,True,True
123,qft_2_Mutant_Add_rxx_P1_Q1_[1.5707963267948966].qasm,Quratest_1,0.0,0.0,0.278186172270478,0.599775954018102,0.2685931633443177,0.5461808667990594,0.2674907025240419,0.6703518072978573,0.8097229848568444,0.24768005237890844,0.13232421875,0.1572265625,True,True,True,False,True,False,True,False,True,False,True,False
124,qft_2_Mutant_Add_rxx_P1_Q1_[1.5707963267948966].qasm,PureState_2,0.0,0.0,0.3896999872959374,0.524826437862953,0.3349375700588742,0.49704420428845625,0.24999999999999994,0.6713853657116828,0.5000000000000001,0.2500000013534912,0.49462890625,0.83203125,True,True,True,False,True,False,True,False,True,False,True,True
125,qft_2_Mutant_Add_rxx_P1_Q1_[1.5707963267948966].qasm,Quratest_2,0.0,0.0,0.20944572410573573,0.5285546160353689,0.2048087132607109,0.5130179592095325,0.22647047070943413,0.70815821376043,0.7726139909056696,0.2292443036401069,0.1474609375,1.34423828125,True,True,True,False,True,False,True,False,True,False,True,True
126,qft_2_Mutant_Add_rxx_P1_Q1_[1.5707963267948966].qasm,PureState_3,0.0,0.0,0.3785888745980508,0.5321142402498061,0.32535860773395114,0.5032559679888924,0.25,0.6713853657116828,0.5000000000000002,0.24999999687047908,0.51806640625,0.83203125,True,True,True,False,True,False,True,False,True,False,True,True
127,qft_2_Mutant_Add_rxx_P1_Q1_[1.5707963267948966].qasm,Quratest_3,0.0,0.0,0.17681789599691608,0.5405338749754335,0.17274758046145253,0.49774128031981596,0.1370256419616303,0.6393125231157684,0.5841814406050062,0.2725725336230717,0.2314453125,0.369140625,True,True,True,False,True,False,True,False,True,False,True,False
128,qft_2_Mutant_Replace_y_P0_Q1_[].qasm,PureState_0,0.0,0.0,0.5406245868116515,0.5287943772443235,0.4639873584115248,0.5019960858466375,0.5000000000000001,0.6713853657116827,0.5000000000000006,0.2500000073753201,0.00830078125,0.83203125,True,True,True,False,True,False,True,False,True,False,True,True
129,qft_2_Mutant_Replace_y_P0_Q1_[].qasm,Quratest_0,0.0,0.0,0.357705694827198,0.7698028044365958,0.3462704600897959,0.7012783550631249,0.31535566366521084,0.8841113359243888,0.10062226667838833,0.04739136858656194,0.59130859375,0.619140625,True,True,True,False,True,False,True,True,True,True,True,False
130,qft_2_Mutant_Replace_y_P0_Q1_[].qasm,PureState_1,0.0,0.0,0.5429638368448636,0.5309124974476701,0.46611506613036885,0.5029375510494879,0.5000000000000001,0.6713853657116826,0.5000000000000001,0.250000002542218,0.00830078125,0.83203125,True,True,True,False,True,False,True,False,True,False,True,True
131,qft_2_Mutant_Replace_y_P0_Q1_[].qasm,Quratest_1,0.0,0.0,0.39803229645352345,0.5982860709862079,0.37056509766693396,0.5454087607525554,0.2749507576294385,0.6703518072978567,0.4463179706734263,0.2476800523789081,0.5400390625,0.1572265625,True,True,True,False,True,False,True,False,True,False,True,False
132,qft_2_Mutant_Replace_y_P0_Q1_[].qasm,PureState_2,0.0,0.0,0.5428606230459997,0.5280681817356838,0.4660268667338803,0.5001748944838517,0.5000000000000001,0.6713853657116825,0.4999999999999998,0.250000001353491,0.03369140625,0.83203125,True,True,True,False,True,False,True,False,True,False,True,True
133,qft_2_Mutant_Replace_y_P0_Q1_[].qasm,Quratest_2,0.0,0.0,0.2919012418643535,0.5263702815157223,0.28839299838264726,0.5110156327770431,0.3572494729776138,0.7081582137604292,0.014413321708299637,0.22924430364010642,0.7158203125,1.34423828125,True,True,True,False,True,False,True,False,True,False,True,True
134,qft_2_Mutant_Replace_y_P0_Q1_[].qasm,PureState_3,0.0,0.0,0.5479181718576709,0.5284849179989551,0.47059016420199173,0.5009401572438164,0.5000000000000001,0.6713853657116825,0.5000000000000003,0.24999999687047902,0.03369140625,0.83203125,True,True,True,False,True,False,True,False,True,False,True,True
135,qft_2_Mutant_Replace_y_P0_Q1_[].qasm,Quratest_3,0.0,0.0,0.3806155890769807,0.54633635903022,0.35873632685590223,0.5014616368061287,0.37028871286609966,0.6393125231157678,0.7043632827757359,0.2725725336230712,0.083984375,0.369140625,True,True,True,False,True,False,True,False,True,False,True,False
136,qft_2_Mutant_Add_ry_P0_Q1_[5.497787143782138].qasm,PureState_0,0.0,0.0,0.2735282681988236,0.5324213771824012,0.2705437617505599,0.5038789355875763,0.35355339059327384,0.6713853657116826,0.853553390593273,0.25000000737531997,0.0078125,0.83203125,True,True,True,False,True,False,True,False,True,False,True,True
137,qft_2_Mutant_Add_ry_P0_Q1_[5.497787143782138].qasm,Quratest_0,0.0,0.0,0.21136505311518095,0.7651406509087751,0.207366996153085,0.6989953239737137,0.2042853538391326,0.8841113359243891,0.8535533905932735,0.047391368586561955,0.40869140625,0.619140625,True,True,True,False,True,False,True,True,True,True,True,False
138,qft_2_Mutant_Add_ry_P0_Q1_[5.497787143782138].qasm,PureState_1,0.0,0.0,0.27819923905111354,0.5277816541822012,0.27509698041473174,0.5009099826167456,0.35355339059327384,0.6713853657116825,0.8535533905932733,0.2500000025422179,0.0078125,0.83203125,True,True,True,False,True,False,True,False,True,False,True,True
139,qft_2_Mutant_Add_ry_P0_Q1_[5.497787143782138].qasm,Quratest_1,0.0,0.0,0.24899828870361815,0.5982116757110086,0.242491512612645,0.5441110497610729,0.20642031945830547,0.6703518072978567,0.8535533905932737,0.24768005237890817,0.25537109375,0.1572265625,True,True,True,False,True,False,True,False,True,False,True,False
140,qft_2_Mutant_Add_ry_P0_Q1_[5.497787143782138].qasm,PureState_2,0.0,0.0,0.27911485998392355,0.5297140192724018,0.27596531162439475,0.5008993633440945,0.35355339059327384,0.6713853657116824,0.8535533905932744,0.2500000013534911,0.01611328125,0.83203125,True,True,True,False,True,False,True,False,True,False,True,True
141,qft_2_Mutant_Add_ry_P0_Q1_[5.497787143782138].qasm,Quratest_2,0.0,0.0,0.1738946726184053,0.5265465397561033,0.17169184413036273,0.5112705636738166,0.18965791612752625,0.7081582137604293,0.9058990512974885,0.2292443036401065,0.318359375,1.34423828125,True,True,True,False,True,False,True,False,True,False,True,True
142,qft_2_Mutant_Add_ry_P0_Q1_[5.497787143782138].qasm,PureState_3,0.0,0.0,0.2816023647351802,0.5290063781139789,0.27845068327565653,0.501674814656025,0.35355339059327384,0.6713853657116825,0.8535533905932737,0.24999999687047902,0.01611328125,0.83203125,True,True,True,False,True,False,True,False,True,False,True,True
143,qft_2_Mutant_Add_ry_P0_Q1_[5.497787143782138].qasm,Quratest_3,0.0,0.0,0.27296005127084805,0.5464176911047915,0.2678356078206966,0.5031175301880364,0.3080516556716658,0.6393125231157678,0.8545818753683201,0.2725725336230712,0.033203125,0.369140625,True,True,True,False,True,False,True,False,True,False,True,False
144,qft_2_Mutant_Add_cz_P1_Q1_[].qasm,PureState_0,0.6787099394981169,0.0,0.0043528987501158575,0.5292820022650296,0.004352891389690473,0.5021144047411364,0.0,0.671385365711683,7.496278210268572e-17,0.2500000073753201,0.0,0.83203125,False,True,False,False,False,False,False,False,True,False,False,True
145,qft_2_Mutant_Add_cz_P1_Q1_[].qasm,Quratest_0,0.0,0.0,0.42619570120102046,0.7659306401505793,0.4150359305570075,0.6999378007612425,0.45516064985868415,0.8841113359243894,0.028554733654734002,0.04739136858656201,0.9384765625,0.619140625,True,True,True,False,True,False,True,True,True,True,True,False
146,qft_2_Mutant_Add_cz_P1_Q1_[].qasm,PureState_1,0.19929303208972896,0.0,0.007649427017968605,0.532346656177805,0.007649360052493397,0.5041356840410663,0.0,0.6713853657116828,0.9999999999999998,0.250000002542218,0.0,0.83203125,True,True,False,False,False,False,False,False,False,False,False,True
147,qft_2_Mutant_Add_cz_P1_Q1_[].qasm,Quratest_1,0.0,0.0,0.3608373702578781,0.5969898832061186,0.35496975051941637,0.5436611076169223,0.40855643022410215,0.6703518072978571,0.09946385346513088,0.24768005237890844,0.849609375,0.1572265625,True,True,True,False,True,False,True,False,True,False,True,False
148,qft_2_Mutant_Add_cz_P1_Q1_[].qasm,PureState_2,0.23049947205500693,0.0,0.007330674765250275,0.5230629268482108,0.007330631217512197,0.4966437663522019,0.0,0.6713853657116827,0.9999999999999993,0.2500000013534912,0.0,0.83203125,True,True,False,False,False,False,False,False,False,False,False,True
149,qft_2_Mutant_Add_cz_P1_Q1_[].qasm,Quratest_2,0.0,0.0,0.523286178052347,0.5303599160650849,0.4923985944801908,0.5146416541820447,0.4568416598191241,0.7081582137604299,0.2650295293610871,0.22924430364010695,0.9326171875,1.34423828125,True,True,True,False,True,False,True,False,True,False,True,True
150,qft_2_Mutant_Add_cz_P1_Q1_[].qasm,PureState_3,0.00026936041205261356,0.0,0.01539693206494317,0.5361882626212642,0.015396401586661838,0.5067750336603126,0.0,0.6713853657116828,1.1838308212271182e-16,0.24999999687047902,0.0,0.83203125,True,True,False,False,False,False,False,False,True,False,False,True
151,qft_2_Mutant_Add_cz_P1_Q1_[].qasm,Quratest_3,0.0,0.0,0.2536750396177706,0.5393009686371469,0.25132190571252616,0.4978002694543246,0.27121528919436166,0.6393125231157681,0.010121308944147292,0.2725725336230716,0.56982421875,0.369140625,True,True,True,False,True,False,True,False,True,False,True,False
152,qft_2_Mutant_Add_z_P0_Q1_[].qasm,PureState_0,0.11744281281167501,0.0,0.008575316276982487,0.5297976165167684,0.008575216294223144,0.5037810833430203,0.0,0.6713853657116827,0.9999999999999998,0.2500000073753201,0.0,0.83203125,True,True,False,False,False,False,False,False,False,False,False,True
153,qft_2_Mutant_Add_z_P0_Q1_[].qasm,Quratest_0,0.0,0.0,0.5324385916052459,0.7662822650927792,0.5112032259368602,0.6995625383011018,0.662479034564309,0.884111335924389,0.018730967480635095,0.04739136858656193,0.06298828125,0.619140625,True,True,True,False,True,False,True,True,True,True,True,False
154,qft_2_Mutant_Add_z_P0_Q1_[].qasm,PureState_1,0.44272875775405984,0.0,0.005808338625140903,0.5322327257031371,0.005808308263481061,0.502724693015879,0.0,0.6713853657116826,0.9999999999999998,0.250000002542218,0.0,0.83203125,False,True,False,False,False,False,False,False,False,False,False,True
155,qft_2_Mutant_Add_z_P0_Q1_[].qasm,Quratest_1,0.0,0.0,0.43914496665198394,0.60013774573214,0.419856392892726,0.5457198190811141,0.45258963513551226,0.6703518072978567,0.24794845833022472,0.24768005237890817,0.66552734375,0.1572265625,True,True,True,False,True,False,True,False,True,False,True,False
156,qft_2_Mutant_Add_z_P0_Q1_[].qasm,PureState_2,0.0057147411780236745,0.0,0.012523383465400047,0.529118080338766,0.012523191132887367,0.5003530462439637,0.0,0.6713853657116824,0.9999999999999993,0.2500000013534911,0.0,0.83203125,True,True,False,False,False,False,False,False,False,False,False,True
157,qft_2_Mutant_Add_z_P0_Q1_[].qasm,Quratest_2,0.0,0.0,0.3607169154619328,0.5240558381215814,0.3500724380926794,0.5091101821048868,0.43177813989667746,0.7081582137604293,0.03999017776023386,0.2292443036401065,0.85986328125,1.34423828125,True,True,True,False,True,False,True,False,True,False,True,True
158,qft_2_Mutant_Add_z_P0_Q1_[].qasm,PureState_3,0.01355600103520704,0.0,0.0115493261565384,0.5295117698705599,0.011549183438526251,0.5035317640149902,0.0,0.6713853657116825,0.9999999999999998,0.24999999687047902,0.0,0.83203125,True,True,False,False,False,False,False,False,False,False,False,True
159,qft_2_Mutant_Add_z_P0_Q1_[].qasm,Quratest_3,0.0,0.0,0.17348985336668474,0.5391280813823524,0.17291189891209208,0.4962813986336225,0.22316022460692986,0.6393125231157677,0.9287902586811851,0.2725725336230711,0.14013671875,0.369140625,True,True,True,False,True,False,True,False,True,False,True,False
