Name,Input,Ideal_chisquare,Noisy_chisquare,Ideal_hellinger,Noisy_hellinger,Ideal_jensenshannon,Noisy_jensenshannon,Ideal_trace,Noisy_trace,Ideal_fidelity,Noisy_fidelity,Ideal_expectation,Noisy_expectation,Killed_IC,Killed_NC,Killed_IH,Killed_NH,Killed_IJ,Killed_NJ,Killed_IT,Killed_NT,Killed_IF,Killed_NF,Killed_IE,Killed_NE
wstate_3_Mutant_Add_sx_P0_Q0_[].qasm,PureState_0,0.5221673983052897,0.0,0.0022628206744031,0.970730321158851,0.0022628197086037,0.825744171376209,2.220446049250313e-16,0.9980129915338972,3.251768004230793e-17,0.000993504243787,0.0,0.25146484375,False,True,False,True,False,True,False,True,True,True,False,False
wstate_3_Mutant_Add_sx_P0_Q0_[].qasm,Quratest_0,0.0,0.0,0.2527439042709751,0.7657034236509158,0.2507951556537074,0.6897642051164322,0.3072750532054197,0.8663360299030679,0.8162282220148639,0.055661584419742,0.00244140625,0.9765625,True,True,True,True,True,True,True,True,True,True,True,True
wstate_3_Mutant_Add_sx_P0_Q0_[].qasm,PureState_1,0.0,0.0,0.8164867707186572,0.9038645488059508,0.6797812552409652,0.7625098124177844,0.6666666666666667,0.9274615124530264,5.47408301472245e-17,0.0121064024049652,0.0,1.74853515625,True,True,True,True,True,True,True,True,True,True,False,True
wstate_3_Mutant_Add_sx_P0_Q0_[].qasm,Quratest_1,5.2927660784498794e-18,0.0,0.0351224596827875,0.8557758735618483,0.0346756522203941,0.7419607211023795,0.0232819105685025,0.9071699094654516,0.1328688081928705,0.0136940264082185,0.00390625,0.83740234375,True,True,False,True,False,True,True,True,True,True,True,True
wstate_3_Mutant_Add_sx_P0_Q0_[].qasm,PureState_2,0.0,0.0,0.5727412182877155,0.8001343914688401,0.4768488000240669,0.7012651565849191,0.3333333333333334,0.9028454070133553,4.553367942983485e-17,0.0324095992814965,0.0,1.74853515625,True,True,True,True,True,True,True,True,True,True,False,True
wstate_3_Mutant_Add_sx_P0_Q0_[].qasm,Quratest_2,0.0,0.0,0.4705334895705583,0.6436857709397883,0.4553531595780209,0.6035746219307906,0.5022997841307224,0.7820691156405841,0.445556627714843,0.1281129616276949,0.00390625,1.05810546875,True,True,True,True,True,True,True,True,True,True,True,True
wstate_3_Mutant_Add_sx_P0_Q0_[].qasm,PureState_3,0.0,0.0,1.0,0.2629452080034565,0.8325546111576977,0.2205827178253942,1.0,0.1004889348199414,4.237855485493532e-83,0.8995110651800601,0.0,0.25146484375,True,True,True,False,True,False,True,False,True,False,False,False
wstate_3_Mutant_Add_sx_P0_Q0_[].qasm,Quratest_3,0.0,0.0,0.2430819565739715,0.6743297111266418,0.2392638966442383,0.6241525432785183,0.2030829278891966,0.8136342464402089,0.0197830492781183,0.0930861721864304,0.001953125,0.96533203125,True,True,True,True,True,True,True,True,True,True,True,True
wstate_3_Mutant_Add_sx_P0_Q0_[].qasm,PureState_4,0.057397091577046,0.0,0.0067177791677385,0.9667617407022976,0.006717753897918,0.8240933301479585,2.220446049250313e-16,0.9980129915338972,3.251768004666256e-17,0.000993504243787,0.0,0.25146484375,True,True,False,True,False,True,False,True,True,True,False,False
wstate_3_Mutant_Add_sx_P0_Q0_[].qasm,Quratest_4,0.0,0.0,0.4070742202152821,0.8132806756874045,0.3667799489488848,0.7230246409106269,0.2165140112159013,0.8965678158472766,0.0603342254930558,0.0178711349928299,0.00048828125,0.626953125,True,True,True,True,True,True,True,True,True,True,True,True
wstate_3_Mutant_Add_sx_P0_Q0_[].qasm,PureState_5,0.0,0.0,1.0,0.9713039985015384,0.8325546111576977,0.8260467638914694,1.0,0.9986886067424624,6.23233659477584e-83,0.0013113932575384,0.0,0.25146484375,True,True,True,True,True,True,True,True,True,True,False,False
wstate_3_Mutant_Add_sx_P0_Q0_[].qasm,Quratest_5,0.0,0.0,0.6599791174868229,0.7276653179069698,0.575524188234021,0.6750624339918657,0.4896274218873703,0.883137187679243,0.0033065417800261,0.0425521666188187,0.00439453125,1.6396484375,True,True,True,True,True,True,True,True,True,True,True,True
wstate_3_Mutant_Add_sx_P0_Q0_[].qasm,PureState_6,0.0,0.0,0.5780037075195779,0.8661978024462056,0.4812796696939446,0.7423664310649492,0.3333333333333334,0.9274615124530264,4.5533679434497776e-17,0.024180811836713,0.0,1.74853515625,True,True,True,True,True,True,True,True,True,True,False,True
wstate_3_Mutant_Add_sx_P0_Q0_[].qasm,Quratest_6,0.0,0.0,0.174091744204287,0.5616397254885811,0.173290609616187,0.5104026751617025,0.1828788233560977,0.5946166679784378,0.2216718329520176,0.3320051268614375,0.00439453125,0.1708984375,True,True,True,True,True,True,True,True,True,True,True,False
wstate_3_Mutant_Add_sx_P0_Q0_[].qasm,PureState_7,0.0,0.0,0.8161007302290163,0.8192668867246335,0.6794530328509919,0.7159199881221097,0.6666666666666667,0.9028454070133553,2.137028146603385e-17,0.0284937211085884,0.0,1.74853515625,True,True,True,True,True,True,True,True,True,True,False,True
wstate_3_Mutant_Add_sx_P0_Q0_[].qasm,Quratest_7,0.0,0.0,0.3302675968810098,0.516187010816154,0.3183632798321797,0.4971226811310186,0.2385150783230317,0.655486118683161,0.6234333497080802,0.2658335869595306,0.0185546875,1.07666015625,True,True,True,True,True,False,True,True,True,True,True,True
wstate_3_Mutant_Add_t_P0_Q0_[].qasm,PureState_0,0.1235556611200257,0.0,0.0054447824161196,0.9696379796084428,0.0054447689643726,0.8253721712143625,4.718447854656915e-16,0.9980129915338972,0.9999999999999988,0.000993504243787,0.0,0.25146484375,True,True,False,True,False,True,False,True,False,True,False,False
wstate_3_Mutant_Add_t_P0_Q0_[].qasm,Quratest_0,0.0,0.0,0.4031503047061225,0.765218034285739,0.3767203201906196,0.6888115850639762,0.2558730948400324,0.8663360299030679,0.1837717779851356,0.0556615844197421,0.0,0.9765625,True,True,True,True,True,True,True,True,True,True,False,True
wstate_3_Mutant_Add_t_P0_Q0_[].qasm,PureState_1,0.3878513906509676,0.0,0.0048529948294862,0.9087031842268788,0.0048529788054047,0.7631393585190845,3.05311331771918e-16,0.9274615124530264,0.9999999999999972,0.0121064024049652,0.0,1.74853515625,False,True,False,True,False,True,False,True,False,True,False,True
wstate_3_Mutant_Add_t_P0_Q0_[].qasm,Quratest_1,0.0,0.0,0.2810112985554862,0.8617468406175273,0.2709273534984064,0.7454931792210746,0.2238401352052019,0.9071699094654516,0.1890882890682737,0.0136940264082185,0.0,0.83740234375,True,True,True,True,True,True,True,True,True,True,False,True
wstate_3_Mutant_Add_t_P0_Q0_[].qasm,PureState_2,0.0575645981063117,0.0,0.0084125590936863,0.8008779399795625,0.0084124846235978,0.7019833749125082,0.0,0.9028454070133553,1.0,0.0324095992814965,0.0,1.74853515625,True,True,False,True,False,True,False,True,False,True,False,True
wstate_3_Mutant_Add_t_P0_Q0_[].qasm,Quratest_2,0.0,0.0,0.2789544211956702,0.6438460375673385,0.2726547309272603,0.6051314122612486,0.2172169754636947,0.7820691156405841,0.5544433722851567,0.1281129616276949,0.0,1.05810546875,True,True,True,True,True,True,True,True,True,True,False,True
wstate_3_Mutant_Add_t_P0_Q0_[].qasm,PureState_3,,0.0,0.0,0.2630473298522384,0.0,0.2206696736267795,0.0,0.1004889348199414,1.0,0.8995110651800601,0.0,0.25146484375,False,True,False,False,False,False,False,False,False,False,False,False
wstate_3_Mutant_Add_t_P0_Q0_[].qasm,Quratest_3,0.0,0.0,0.1387328786370817,0.6757834086504857,0.1382299191529661,0.6236548175958455,0.1439932712299708,0.8136342464402087,0.2495927017917708,0.0930861721864303,0.0,0.96533203125,True,True,True,True,True,True,True,True,True,True,False,True
wstate_3_Mutant_Add_t_P0_Q0_[].qasm,PureState_4,0.081814868914533,0.0,0.0061520991349996,0.9710490598077623,0.0061520797254408,0.8258995630104694,0.0,0.9980129915338972,1.0,0.000993504243787,0.0,0.25146484375,True,True,False,True,False,True,False,True,False,True,False,False
wstate_3_Mutant_Add_t_P0_Q0_[].qasm,Quratest_4,0.0,0.0,0.1559048542107541,0.8177772876942123,0.1554937071844727,0.7266448670637565,0.1907670570153994,0.8965678158472765,0.9396657745069428,0.0178711349928299,0.0,0.626953125,True,True,True,True,True,True,True,True,True,True,False,True
wstate_3_Mutant_Add_t_P0_Q0_[].qasm,PureState_5,,0.0,0.0,0.9717624999822227,0.0,0.8262211768824839,5.551115123125784e-16,0.9986886067424624,0.9999999999999988,0.0013113932575384,0.0,0.25146484375,False,True,False,True,False,True,False,True,False,True,False,False
wstate_3_Mutant_Add_t_P0_Q0_[].qasm,Quratest_5,0.0,0.0,0.1432628159104314,0.7320287465518888,0.1423664241091303,0.6788543196742556,0.1330809367444163,0.8831371876792431,0.0091977959406201,0.0425521666188186,0.0,1.6396484375,True,True,True,True,True,True,True,True,True,True,False,True
wstate_3_Mutant_Add_t_P0_Q0_[].qasm,PureState_6,0.0969120606384185,0.0,0.007611716232858,0.8636690127327233,0.0076116603714906,0.743738451536481,4.718447854656915e-16,0.9274615124530264,0.9999999999999992,0.024180811836713,0.0,1.74853515625,True,True,False,True,False,True,False,True,False,True,False,True
wstate_3_Mutant_Add_t_P0_Q0_[].qasm,Quratest_6,0.0,0.0,0.3810656922099943,0.5594128913607231,0.367741648996595,0.5092755407594348,0.317538603476115,0.5946166679784378,0.0011053130948795,0.3320051268614375,0.0,0.1708984375,True,True,True,True,True,True,True,True,True,True,False,False
wstate_3_Mutant_Add_t_P0_Q0_[].qasm,PureState_7,0.1807134269532218,0.0,0.0065883060795017,0.816926544042835,0.0065882129269675,0.7138682420212268,0.0,0.902845407013355,1.000000000000001,0.0284937211085885,0.0,1.74853515625,True,True,False,True,False,True,False,True,False,True,False,True
wstate_3_Mutant_Add_t_P0_Q0_[].qasm,Quratest_7,0.0,0.0,0.6376530796841493,0.5176535144737052,0.5901759911684978,0.4982119357989515,0.6099652542019324,0.655486118683161,0.0066619250135431,0.2658335869595306,0.0,1.07666015625,True,True,True,True,True,False,True,True,True,True,False,True
wstate_3_Mutant_Remove_ry_P4_Q1.qasm,PureState_0,0.0,0.0,0.33512146598921,0.9691758954385457,0.2824403699477161,0.8251972429504071,0.2113248654051872,0.9980129915338972,0.7886751345948131,0.000993504243787,0.0,0.25146484375,True,True,True,True,True,True,True,True,True,True,False,False
wstate_3_Mutant_Remove_ry_P4_Q1.qasm,Quratest_0,2.458114884840209e-59,0.0,0.0601854175040919,0.7585341375617023,0.0601436512247158,0.6878599190067946,0.063611415653617,0.866336029903068,0.7887252052570604,0.0556615844197437,0.01318359375,0.9765625,True,True,False,True,False,True,True,True,True,True,True,True
wstate_3_Mutant_Remove_ry_P4_Q1.qasm,PureState_1,0.0,0.0,0.3405676926860492,0.9070334942835978,0.3368393499747413,0.7615479973159381,0.4553418012614794,0.9274615124530264,0.7886751345948121,0.0121064024049652,0.0,1.74853515625,True,True,True,True,True,True,True,True,True,True,False,True
wstate_3_Mutant_Remove_ry_P4_Q1.qasm,Quratest_1,0.0,0.0,0.3263035423455839,0.8572144807277697,0.3074751201731091,0.7416258320133144,0.354015011588889,0.9071699094654516,0.7886753861560711,0.0136940264082184,0.0322265625,0.83740234375,True,True,True,True,True,True,True,True,True,True,True,True
wstate_3_Mutant_Remove_ry_P4_Q1.qasm,PureState_2,0.0,0.0,0.3440089268619,0.8031595915365278,0.3401497878361291,0.7039496569617291,0.4553418012614795,0.9028454070133553,0.7886751345948134,0.0324095992814964,0.0,1.74853515625,True,True,True,True,True,True,True,True,True,True,False,True
wstate_3_Mutant_Remove_ry_P4_Q1.qasm,Quratest_2,0.0,0.0,0.182954419822044,0.6405734180976126,0.1821076901867545,0.6027014801128415,0.2383858634381268,0.7820691156405843,0.9145377429693876,0.1281129616276917,0.01904296875,1.05810546875,True,True,True,True,True,True,True,True,True,True,True,True
wstate_3_Mutant_Remove_ry_P4_Q1.qasm,PureState_3,0.0,0.0,0.334616898898228,0.2643718580592614,0.2820049333324199,0.2217976315129203,0.2113248654051871,0.1004889348199415,0.7886751345948129,0.8995110651800603,0.0,0.25146484375,True,True,True,False,True,False,True,False,True,False,False,False
wstate_3_Mutant_Remove_ry_P4_Q1.qasm,Quratest_3,0.0,0.0,0.2097447551895016,0.6774715216653071,0.2053990653244524,0.6253779377883271,0.1828949788020759,0.8136342464402089,0.7887053421771454,0.0930861721864297,0.025390625,0.96533203125,True,True,True,True,True,True,True,True,True,True,True,True
wstate_3_Mutant_Remove_ry_P4_Q1.qasm,PureState_4,0.0,0.0,0.3300504653888399,0.96758533270374,0.2780663778108606,0.8244275365164953,0.2113248654051872,0.9980129915338972,0.7886751345948133,0.000993504243787,0.0,0.25146484375,True,True,True,True,True,True,True,True,True,True,False,False
wstate_3_Mutant_Remove_ry_P4_Q1.qasm,Quratest_4,0.0,0.0,0.2688289649426352,0.8113487358834426,0.2596404355424406,0.7218174223459549,0.2644901561760682,0.8965678158472765,0.7906776757769679,0.0178711349928291,0.0283203125,0.626953125,True,True,True,True,True,True,True,True,True,True,True,True
wstate_3_Mutant_Remove_ry_P4_Q1.qasm,PureState_5,0.0,0.0,0.3307298548234,0.9757262345385987,0.2786520862101615,0.8276531797759515,0.2113248654051871,0.9986886067424624,0.7886751345948129,0.0013113932575384,0.0,0.25146484375,True,True,True,True,True,True,True,True,True,True,False,False
wstate_3_Mutant_Remove_ry_P4_Q1.qasm,Quratest_5,0.0,0.0,0.216915863831649,0.726522423406639,0.2067911186901959,0.674269321199047,0.1702112735548329,0.883137187679243,0.7891713276708835,0.0425521666188185,0.01220703125,1.6396484375,True,True,True,True,True,True,True,True,True,True,True,True
wstate_3_Mutant_Remove_ry_P4_Q1.qasm,PureState_6,0.0,0.0,0.3328598483046726,0.8670169322574743,0.329370283898753,0.7465970586081747,0.4553418012614795,0.9274615124530264,0.7886751345948133,0.024180811836713,0.0,1.74853515625,True,True,True,True,True,True,True,True,True,True,False,True
wstate_3_Mutant_Remove_ry_P4_Q1.qasm,Quratest_6,0.0,0.0,0.1947666887829029,0.5621730265898498,0.1924104032033065,0.5105070923720689,0.1863458460968941,0.5946166679784379,0.8831657233389921,0.3320051268614387,0.00732421875,0.1708984375,True,True,True,True,True,True,True,True,True,True,True,False
wstate_3_Mutant_Remove_ry_P4_Q1.qasm,PureState_7,0.0,0.0,0.3296103198321265,0.8198542491511275,0.3262315870211739,0.7158295627690103,0.4553418012614794,0.9028454070133553,0.7886751345948136,0.0284937211085884,0.0,1.74853515625,True,True,True,True,True,True,True,True,True,True,False,True
wstate_3_Mutant_Remove_ry_P4_Q1.qasm,Quratest_7,0.0,0.0,0.3393281489856719,0.5176432570453282,0.3292834724741739,0.4983500145558098,0.3842519784395314,0.6554861186831608,0.7886751345948126,0.2658335869595299,0.044921875,1.07666015625,True,True,True,True,True,False,True,True,True,True,True,True
wstate_3_Mutant_Replace_z_P0_Q0_[].qasm,PureState_0,0.0,0.0,0.2741129832269593,0.965499487784578,0.2711192784205971,0.8236902855789515,0.3535533905932738,0.9980129915338972,0.8535533905932737,0.000993504243787,0.0,0.25146484375,True,True,True,True,True,True,True,True,True,True,False,False
wstate_3_Mutant_Replace_z_P0_Q0_[].qasm,Quratest_0,0.0,0.0,0.3622019508359958,0.767876552055481,0.3473154503028341,0.6911441629115825,0.3594309154014483,0.8663360299030679,0.5502538952924084,0.055661584419742,0.005859375,0.9765625,True,True,True,True,True,True,True,True,True,True,True,True
wstate_3_Mutant_Replace_z_P0_Q0_[].qasm,PureState_1,0.0,0.0,0.2657985200062708,0.9037777515774786,0.2358910652867276,0.7624373951484714,0.2154822031355753,0.9274615124530264,0.8535533905932735,0.0121064024049652,0.0,1.74853515625,True,True,True,True,True,True,True,True,True,True,False,True
wstate_3_Mutant_Replace_z_P0_Q0_[].qasm,Quratest_1,0.0,0.0,0.2884705675901581,0.8576076190797041,0.2817979948337502,0.7414037354903262,0.3083964444472264,0.9071699094654516,0.0687749519959438,0.0136940264082185,0.01513671875,0.83740234375,True,True,True,True,True,True,True,True,True,True,True,True
wstate_3_Mutant_Replace_z_P0_Q0_[].qasm,PureState_2,0.0,0.0,0.2793373765942955,0.8064947760697229,0.2636736491233815,0.70687559764893,0.2845177968644247,0.9028454070133554,0.853553390593273,0.0324095992814965,0.0,1.74853515625,True,True,True,True,True,True,True,True,True,True,False,True
wstate_3_Mutant_Replace_z_P0_Q0_[].qasm,Quratest_2,0.0,0.0,0.4884218156067292,0.6411494158101606,0.443451384791396,0.6024881061106695,0.5038350132783874,0.7820691156405842,0.1870460583486313,0.1281129616276949,0.00732421875,1.05810546875,True,True,True,True,True,True,True,True,True,True,True,True
wstate_3_Mutant_Replace_z_P0_Q0_[].qasm,PureState_3,0.0,0.0,0.2736885277861346,0.2614093037591254,0.2297387790583143,0.2192750881082434,0.1464466094067262,0.1004889348199414,0.8535533905932737,0.8995110651800601,0.0,0.25146484375,True,True,True,False,True,False,True,False,True,False,False,False
wstate_3_Mutant_Replace_z_P0_Q0_[].qasm,Quratest_3,5.6908200705633094e-15,0.0,0.0324351408545478,0.6818569572222222,0.0324277820411631,0.6244536607073096,0.0416000392885548,0.8136342464402087,0.2656254047005142,0.0930861721864304,0.0068359375,0.96533203125,True,True,False,True,False,True,True,True,True,True,True,True
wstate_3_Mutant_Replace_z_P0_Q0_[].qasm,PureState_4,0.0,0.0,0.2706369707058162,0.9698462204964848,0.2677112517518867,0.8252900900788298,0.3535533905932738,0.9980129915338972,0.8535533905932731,0.000993504243787,0.0,0.25146484375,True,True,True,True,True,True,True,True,True,True,False,False
wstate_3_Mutant_Replace_z_P0_Q0_[].qasm,Quratest_4,0.0,0.0,0.0992933722938151,0.8121852922872005,0.0983593257427946,0.721610383243955,0.1156533245232622,0.8965678158472766,0.97925633405955,0.0178711349928299,0.00537109375,0.626953125,True,True,False,True,False,True,True,True,True,True,True,True
wstate_3_Mutant_Replace_z_P0_Q0_[].qasm,PureState_5,0.0,0.0,0.2728976420320868,0.9779626836258084,0.2290641690067873,0.8283982570646904,0.1464466094067262,0.9986886067424624,0.8535533905932733,0.0013113932575384,0.0,0.25146484375,True,True,True,True,True,True,True,True,True,True,False,False
wstate_3_Mutant_Replace_z_P0_Q0_[].qasm,Quratest_5,0.0,0.0,0.3525807067942095,0.7295230537301982,0.3383894866852103,0.6767808711539626,0.3555211759318711,0.883137187679243,0.0122345863684607,0.0425521666188187,0.0087890625,1.6396484375,True,True,True,True,True,True,True,True,True,True,True,True
wstate_3_Mutant_Replace_z_P0_Q0_[].qasm,PureState_6,0.0,0.0,0.2874177006840475,0.8644836252698481,0.2702684337456263,0.7434956692682019,0.2845177968644247,0.9274615124530264,0.8535533905932735,0.024180811836713,0.0,1.74853515625,True,True,True,True,True,True,True,True,True,True,False,True
wstate_3_Mutant_Replace_z_P0_Q0_[].qasm,Quratest_6,0.0,0.0,0.4440317867962602,0.5674037562500811,0.4202462350082192,0.5117558671236744,0.3748592131015387,0.5946166679784378,0.0223381812570827,0.3320051268614378,0.00341796875,0.1708984375,True,True,True,True,True,True,True,True,True,True,True,False
wstate_3_Mutant_Replace_z_P0_Q0_[].qasm,PureState_7,0.0,0.0,0.2751959154937255,0.8150576372118434,0.2456422061045869,0.7122008426710849,0.2154822031355753,0.9028454070133553,0.8535533905932742,0.0284937211085884,0.0,1.74853515625,True,True,True,True,True,True,True,True,True,True,False,True
wstate_3_Mutant_Replace_z_P0_Q0_[].qasm,Quratest_7,0.0,0.0,0.498026830785118,0.5114175043190766,0.4728196526179329,0.4935288417730873,0.5666799844240157,0.655486118683161,0.0514159188211684,0.2658335869595306,0.00390625,1.07666015625,True,True,True,True,True,False,True,True,True,True,True,True
wstate_3_Mutant_Replace_h_P1_Q1_[].qasm,PureState_0,0.0,0.0,0.8306124052149761,0.9688581423046853,0.7281695238859401,0.8250428085110736,0.9082482904638632,0.9980129915338972,0.091751709536137,0.000993504243787,0.0,0.25146484375,True,True,True,True,True,True,True,True,True,True,False,False
wstate_3_Mutant_Replace_h_P1_Q1_[].qasm,Quratest_0,2.9660024943582823e-197,0.0,0.0968599568191163,0.7661332296426115,0.0965933204147135,0.6904435806830332,0.1112984039772363,0.8663360299030679,0.317538537745927,0.0556615844197421,0.0068359375,0.9765625,True,True,False,True,False,True,True,True,True,True,True,True
wstate_3_Mutant_Replace_h_P1_Q1_[].qasm,PureState_1,0.0,0.0,0.4522045926882437,0.9006121428427563,0.4405571623458538,0.7620389237493636,0.5749149571305295,0.9274615124530264,0.091751709536137,0.0121064024049652,0.0,1.74853515625,True,True,True,True,True,True,True,True,True,True,False,True
wstate_3_Mutant_Replace_h_P1_Q1_[].qasm,Quratest_1,0.0,0.0,0.6506813473226395,0.8570654916323717,0.5932196386798703,0.7420065710868285,0.7280223144805686,0.9071699094654516,0.0756161072415119,0.0136940264082185,0.06005859375,0.83740234375,True,True,True,True,True,True,True,True,True,True,True,True
wstate_3_Mutant_Replace_h_P1_Q1_[].qasm,PureState_2,0.0,0.0,0.4552779629934717,0.8069724109660478,0.4433084923742734,0.7073234860392836,0.5749149571305295,0.9028454070133553,0.091751709536137,0.0324095992814965,0.0,1.74853515625,True,True,True,True,True,True,True,True,True,True,False,True
wstate_3_Mutant_Replace_h_P1_Q1_[].qasm,Quratest_2,0.0,0.0,0.2626725312393517,0.6353295585968002,0.2605274590080398,0.5985687239568795,0.3422857730507064,0.7820691156405841,0.131093811608805,0.1281129616276949,0.0068359375,1.05810546875,True,True,True,True,True,True,True,True,True,True,True,True
wstate_3_Mutant_Replace_h_P1_Q1_[].qasm,PureState_3,0.0,0.0,0.8310510417747152,0.2669033201739826,0.7285571331590721,0.2239541027953246,0.908248290463863,0.1004889348199414,0.0917517095361367,0.8995110651800601,0.0,0.25146484375,True,True,True,False,True,False,True,False,True,False,False,False
wstate_3_Mutant_Replace_h_P1_Q1_[].qasm,Quratest_3,0.0,0.0,0.3958418265479966,0.678477026274473,0.3775684932374551,0.623982519333245,0.4036323918817765,0.8136342464402087,0.1165291329612118,0.0930861721864304,0.01220703125,0.96533203125,True,True,True,True,True,True,True,True,True,True,True,True
wstate_3_Mutant_Replace_h_P1_Q1_[].qasm,PureState_4,0.0,0.0,0.8354709002519479,0.971976755881202,0.7323474111959897,0.8262489488353365,0.9082482904638632,0.9980129915338972,0.091751709536137,0.000993504243787,0.0,0.25146484375,True,True,True,True,True,True,True,True,True,True,False,False
wstate_3_Mutant_Replace_h_P1_Q1_[].qasm,Quratest_4,0.0,0.0,0.6149717186395491,0.8188318887801255,0.5702023282568525,0.727426202835627,0.6801469920810725,0.8965678158472766,0.0007733467852957,0.0178711349928299,0.04345703125,0.626953125,True,True,True,True,True,True,True,True,True,True,True,True
wstate_3_Mutant_Replace_h_P1_Q1_[].qasm,PureState_5,0.0,0.0,0.8340848391536326,0.9751975210921816,0.7311617288382072,0.8274702398640154,0.908248290463863,0.9986886067424624,0.091751709536137,0.0013113932575384,0.0,0.25146484375,True,True,True,True,True,True,True,True,True,True,False,False
wstate_3_Mutant_Replace_h_P1_Q1_[].qasm,Quratest_5,0.0,0.0,0.3072872705422442,0.7283896200791694,0.2885222886125485,0.6756127327668945,0.2673044787724678,0.8831371876792432,0.0261070150325117,0.0425521666188187,0.0185546875,1.6396484375,True,True,True,True,True,True,True,True,True,True,True,True
wstate_3_Mutant_Replace_h_P1_Q1_[].qasm,PureState_6,0.0,0.0,0.4491880308771562,0.8629108998342061,0.4375750526925639,0.7420825494325648,0.5749149571305295,0.9274615124530264,0.0917517095361371,0.024180811836713,0.0,1.74853515625,True,True,True,True,True,True,True,True,True,True,False,True
wstate_3_Mutant_Replace_h_P1_Q1_[].qasm,Quratest_6,0.0,0.0,0.2735321993474069,0.5643949387101884,0.2681717696718321,0.5118198211947739,0.2530668648413317,0.5946166679784382,0.1007346887773096,0.3320051268614378,0.00830078125,0.1708984375,True,True,True,True,True,True,True,True,True,True,True,False
wstate_3_Mutant_Replace_h_P1_Q1_[].qasm,PureState_7,0.0,0.0,0.4483360216379937,0.8196352754100714,0.4367054268844436,0.7158163148170862,0.5749149571305295,0.9028454070133553,0.091751709536137,0.0284937211085884,0.0,1.74853515625,True,True,True,True,True,True,True,True,True,True,False,True
wstate_3_Mutant_Replace_h_P1_Q1_[].qasm,Quratest_7,0.0,0.0,0.5534918352037859,0.5169297915229533,0.520325323541636,0.4981390364116639,0.62623983432779,0.655486118683161,0.2559598697291994,0.2658335869595306,0.0615234375,1.07666015625,True,True,True,True,True,False,True,True,True,True,True,True
wstate_3_Mutant_Add_y_P0_Q0_[].qasm,PureState_0,0.6170706765597451,0.0,0.0017678180550085,0.9690699800336396,0.001767817594532,0.8249629422133896,2.220446049250313e-16,0.9980129915338972,3.251768004230793e-17,0.000993504243787,0.0,0.25146484375,False,True,False,True,False,True,False,True,True,True,False,False
wstate_3_Mutant_Add_y_P0_Q0_[].qasm,Quratest_0,0.0,0.0,0.4810804431219439,0.7640525806108767,0.4575814878200254,0.6887967823514415,0.5631481480454519,0.8663360299030679,1.226119986159328e-16,0.0556615844197421,0.00244140625,0.9765625,True,True,True,True,True,True,True,True,True,True,True,True
wstate_3_Mutant_Add_y_P0_Q0_[].qasm,PureState_1,0.0,0.0,0.8166290162775331,0.9090504565511174,0.6798956883283507,0.7634778300806971,0.6666666666666667,0.9274615124530264,5.47408301472245e-17,0.0121064024049652,0.0,1.74853515625,True,True,True,True,True,True,True,True,True,True,False,True
wstate_3_Mutant_Add_y_P0_Q0_[].qasm,Quratest_1,0.0,0.0,0.2884805151396153,0.8570509658654341,0.2772767617532111,0.7415358719172955,0.2471220457737044,0.9071699094654516,0.0301118759545782,0.0136940264082185,0.00390625,0.83740234375,True,True,True,True,True,True,True,True,True,True,True,True
wstate_3_Mutant_Add_y_P0_Q0_[].qasm,PureState_2,0.0,0.0,0.573919979877526,0.799221393906607,0.4778306884891466,0.7005015922906763,0.3333333333333334,0.9028454070133553,4.553367942983485e-17,0.0324095992814965,0.0,1.74853515625,True,True,True,True,True,True,True,True,True,True,False,True
wstate_3_Mutant_Add_y_P0_Q0_[].qasm,Quratest_2,0.0,0.0,0.5518424356361449,0.6412274725265248,0.5352422385879163,0.6016728661177961,0.7195167595944172,0.782069115640584,7.311284792405944e-17,0.1281129616276948,0.00390625,1.05810546875,True,True,True,True,True,True,True,True,True,True,True,True
wstate_3_Mutant_Add_y_P0_Q0_[].qasm,PureState_3,0.0,0.0,1.0,0.2644735111747229,0.8325546111576977,0.2218842088486584,1.0,0.1004889348199414,4.237855485493532e-83,0.8995110651800601,0.0,0.25146484375,True,True,True,False,True,False,True,False,True,False,False,False
wstate_3_Mutant_Add_y_P0_Q0_[].qasm,Quratest_3,0.0,0.0,0.2752426660899689,0.6764040286782206,0.271534066633593,0.6249400328293025,0.3470761991191673,0.8136342464402087,4.909712846819506e-06,0.0930861721864304,0.001953125,0.96533203125,True,True,True,True,True,True,True,True,True,True,True,True
wstate_3_Mutant_Add_y_P0_Q0_[].qasm,PureState_4,0.0890847188390483,0.0,0.006010679082613,0.967689410466874,0.0060106609808061,0.8245496445504035,2.220446049250313e-16,0.9980129915338972,3.251768004666256e-17,0.000993504243787,0.0,0.25146484375,True,True,False,True,False,True,False,True,True,True,False,False
wstate_3_Mutant_Add_y_P0_Q0_[].qasm,Quratest_4,0.0,0.0,0.4409532641822526,0.8163833521878,0.4026159935579705,0.7239727188565886,0.4072810682313004,0.8965678158472765,7.375469330082286e-17,0.0178711349928299,0.00048828125,0.626953125,True,True,True,True,True,True,True,True,True,True,True,True
wstate_3_Mutant_Add_y_P0_Q0_[].qasm,PureState_5,0.0,0.0,1.0,0.9736726738349668,0.8325546111576977,0.8269285216782177,1.0,0.9986886067424626,6.23233659477584e-83,0.0013113932575384,0.0,0.25146484375,True,True,True,True,True,True,True,True,True,True,False,False
wstate_3_Mutant_Add_y_P0_Q0_[].qasm,Quratest_5,0.0,0.0,0.6731294187580232,0.7245369091746722,0.5922118849647663,0.6722459897706125,0.6227083586317866,0.8831371876792433,0.0382098624470217,0.0425521666188187,0.00439453125,1.6396484375,True,True,True,True,True,True,True,True,True,True,True,True
wstate_3_Mutant_Add_y_P0_Q0_[].qasm,PureState_6,0.0,0.0,0.5829502248250497,0.8623655308458501,0.4853476857926268,0.7415647800769489,0.3333333333333334,0.9274615124530264,4.5533679434497776e-17,0.024180811836713,0.0,1.74853515625,True,True,True,True,True,True,True,True,True,True,False,True
wstate_3_Mutant_Add_y_P0_Q0_[].qasm,Quratest_6,0.0,0.0,0.4186627613052886,0.5672738639070293,0.4060077483244267,0.5122757880187017,0.5004174268322126,0.5946166679784382,0.4729585906093055,0.3320051268614378,0.00439453125,0.1708984375,True,True,True,True,True,True,True,True,True,True,True,False
wstate_3_Mutant_Add_y_P0_Q0_[].qasm,PureState_7,0.0,0.0,0.8165328427844718,0.8156335009575234,0.6798253053214958,0.7126048701282472,0.6666666666666667,0.902845407013355,2.137028146603385e-17,0.0284937211085885,0.0,1.74853515625,True,True,True,True,True,True,True,True,True,True,False,True
wstate_3_Mutant_Add_y_P0_Q0_[].qasm,Quratest_7,0.0,0.0,0.7243971575807482,0.5199361487379301,0.6756625301836526,0.5000936512494093,0.8484803325249642,0.655486118683161,0.0015141736579621,0.2658335869595306,0.0185546875,1.07666015625,True,True,True,True,True,True,True,True,True,True,True,True
wstate_3_Mutant_Add_s_P0_Q0_[].qasm,PureState_0,0.6744816183707627,0.0,0.0014849313032414,0.9689588241255848,0.0014849310303733,0.8250570870131261,0.0,0.9980129915338972,1.0000000000000004,0.000993504243787,0.0,0.25146484375,False,True,False,True,False,True,False,True,False,True,False,False
wstate_3_Mutant_Add_s_P0_Q0_[].qasm,Quratest_0,0.0,0.0,0.2098932859932502,0.7709178958221178,0.202356266063204,0.6939496252013118,0.1279365474200161,0.8663360299030679,0.5918858889925677,0.055661584419742,0.0,0.9765625,True,True,True,True,True,True,True,True,True,True,False,True
wstate_3_Mutant_Add_s_P0_Q0_[].qasm,PureState_1,0.0854091505604375,0.0,0.0077952095154899,0.9099062738997742,0.007795109157952,0.7642813399330515,0.0,0.9274615124530264,0.9999999999999984,0.0121064024049652,0.0,1.74853515625,True,True,False,True,False,True,False,True,False,True,False,True
wstate_3_Mutant_Add_s_P0_Q0_[].qasm,Quratest_1,0.0,0.0,0.2653122171063921,0.8627861363498875,0.2591114422511305,0.7439911407717905,0.2472890732310939,0.9071699094654516,0.5945441445341362,0.0136940264082185,0.0,0.83740234375,True,True,True,True,True,True,True,True,True,True,False,True
wstate_3_Mutant_Add_s_P0_Q0_[].qasm,PureState_2,0.0972916361325283,0.0,0.0076594187774135,0.8057314614730334,0.0076593634655968,0.7062647843945649,0.0,0.9028454070133553,1.0,0.0324095992814965,0.0,1.74853515625,True,True,False,True,False,True,False,True,False,True,False,True
wstate_3_Mutant_Add_s_P0_Q0_[].qasm,Quratest_2,0.0,0.0,0.1437631897845134,0.6429649438032438,0.1425173726265371,0.603452189525955,0.1086084877318475,0.7820691156405845,0.7772216861425777,0.1281129616276949,0.0,1.05810546875,True,True,True,True,True,True,True,True,True,True,False,True
wstate_3_Mutant_Add_s_P0_Q0_[].qasm,PureState_3,,0.0,0.0,0.2602780631710858,0.0,0.2183121919789719,0.0,0.1004889348199414,1.0,0.8995110651800601,0.0,0.25146484375,False,True,False,False,False,False,False,False,False,False,False,False
wstate_3_Mutant_Add_s_P0_Q0_[].qasm,Quratest_3,0.0,0.0,0.1826237681163519,0.6845370879946007,0.1805117721327864,0.6274164233586943,0.1809583925313479,0.8136342464402087,0.6247963508958851,0.0930861721864304,0.0,0.96533203125,True,True,True,True,True,True,True,True,True,True,False,True
wstate_3_Mutant_Add_s_P0_Q0_[].qasm,PureState_4,0.0005004732771278,0.0,0.0123041246709727,0.9697604958930436,0.012303969432189,0.825389216985369,0.0,0.9980129915338972,1.0,0.000993504243787,0.0,0.25146484375,True,True,False,True,False,True,False,True,False,True,False,False
wstate_3_Mutant_Add_s_P0_Q0_[].qasm,Quratest_4,2.950708532073221e-114,0.0,0.0807438360323401,0.8125356839016012,0.0806827271513894,0.7227938829093643,0.0953835285076996,0.8965678158472766,0.9698328872534714,0.0178711349928299,0.0,0.626953125,True,True,False,True,False,True,True,True,True,True,False,True
wstate_3_Mutant_Add_s_P0_Q0_[].qasm,PureState_5,,0.0,0.0,0.9736726738349668,0.0,0.8269285216782177,0.0,0.9986886067424624,1.0,0.0013113932575384,0.0,0.25146484375,False,True,False,True,False,True,False,True,False,True,False,False
wstate_3_Mutant_Add_s_P0_Q0_[].qasm,Quratest_5,0.0,0.0,0.1823575700387484,0.7207498853162942,0.1808399872899255,0.6690779390053821,0.1675889850646954,0.883137187679243,0.5045988979703102,0.0425521666188186,0.0,1.6396484375,True,True,True,True,True,True,True,True,True,True,False,True
wstate_3_Mutant_Add_s_P0_Q0_[].qasm,PureState_6,0.4247410254228082,0.0,0.0046348616882104,0.862676160013666,0.0046348491682311,0.7428006798662719,0.0,0.9274615124530264,1.0000000000000004,0.024180811836713,0.0,1.74853515625,False,True,False,True,False,True,False,True,False,True,False,True
wstate_3_Mutant_Add_s_P0_Q0_[].qasm,Quratest_6,0.0,0.0,0.1260011222170742,0.5643466810538398,0.1235778077559468,0.511328605103201,0.0865245576862819,0.5946166679784378,0.5005526565474393,0.3320051268614375,0.0,0.1708984375,True,True,False,True,True,True,True,True,True,True,False,False
wstate_3_Mutant_Add_s_P0_Q0_[].qasm,PureState_7,0.0924061458214535,0.0,0.0077464258400472,0.8152308171974284,0.0077463660765163,0.7121220764059344,0.0,0.902845407013355,1.000000000000001,0.0284937211085885,0.0,1.74853515625,True,True,False,True,False,True,False,True,False,True,False,True
wstate_3_Mutant_Add_s_P0_Q0_[].qasm,Quratest_7,0.0,0.0,0.2930270909316441,0.515214006977216,0.2808545685667067,0.4962348161575281,0.2441098503313336,0.655486118683161,0.5033309625067711,0.2658335869595306,0.0,1.07666015625,True,True,True,True,True,False,True,True,True,True,False,True
wstate_3_Mutant_Add_swap_P3_Q2_[].qasm,PureState_0,0.0,0.0,0.8920870806022572,0.9685331268920214,0.7782239289060976,0.8247788995472045,0.9553418012614796,0.9980129915338982,0.0446581987385204,0.000993504243787,1.58740234375,0.25146484375,True,True,True,True,True,True,True,True,True,True,True,False
wstate_3_Mutant_Add_swap_P3_Q2_[].qasm,Quratest_0,0.0,0.0,0.4524520600164702,0.7613005307069873,0.4353281137266887,0.6893429351367993,0.5106107453911254,0.8663360299030688,0.0263465009890253,0.0556615844197422,0.72509765625,0.9765625,True,True,True,True,True,True,True,True,True,True,True,True
wstate_3_Mutant_Add_swap_P3_Q2_[].qasm,PureState_1,0.0,0.0,0.461986335660025,0.9085150109235894,0.4217514393206359,0.7629590653439453,0.5,0.9274615124530275,0.6220084679281458,0.0121064024049652,0.4453125,1.74853515625,True,True,True,True,True,True,True,True,True,True,True,True
wstate_3_Mutant_Add_swap_P3_Q2_[].qasm,Quratest_1,0.0,0.0,0.498596750784157,0.8634139037874211,0.4669381708757238,0.7443397498631125,0.5743600603525387,0.9071699094654528,0.0861980932810445,0.0136940264082185,0.47607421875,0.83740234375,True,True,True,True,True,True,True,True,True,True,True,True
wstate_3_Mutant_Add_swap_P3_Q2_[].qasm,PureState_2,0.0,0.0,0.7399801402476096,0.8016823777941675,0.6467743753735443,0.7027182061324163,0.7886751345948129,0.9028454070133564,0.0446581987385205,0.0324095992814966,1.58740234375,1.74853515625,True,True,True,True,True,True,True,True,True,True,True,True
wstate_3_Mutant_Add_swap_P3_Q2_[].qasm,Quratest_2,0.0,0.0,0.2400958687842255,0.6428322022773897,0.2378527690589615,0.6042919625219918,0.2857482627668116,0.7820691156405855,0.3855070651673379,0.1281129616276952,0.482421875,1.05810546875,True,True,True,True,True,True,True,True,True,True,True,True
wstate_3_Mutant_Add_swap_P3_Q2_[].qasm,PureState_3,0.0,0.0,0.4553528625464729,0.2633534931148654,0.3875848633727619,0.2209303776733521,0.3779915320718537,0.1004889348199406,0.6220084679281466,0.8995110651800626,0.4453125,0.25146484375,True,True,True,False,True,False,True,False,True,False,True,False
wstate_3_Mutant_Add_swap_P3_Q2_[].qasm,Quratest_3,0.0,0.0,0.4276760356270322,0.6734080010784939,0.4103482762731591,0.6209179788695015,0.5063521879627928,0.8136342464402095,0.1764734608294299,0.0930861721864305,0.25048828125,0.96533203125,True,True,True,True,True,True,True,True,True,True,True,True
wstate_3_Mutant_Add_swap_P3_Q2_[].qasm,PureState_4,0.0,0.0,0.8851276174881848,0.968268540036664,0.7729236878971041,0.8246333902892273,0.9553418012614796,0.9980129915338982,0.0446581987385204,0.000993504243787,1.5927734375,0.25146484375,True,True,True,True,True,True,True,True,True,True,True,False
wstate_3_Mutant_Add_swap_P3_Q2_[].qasm,Quratest_4,0.0,0.0,0.3207629371106303,0.8162718444166417,0.2992445340786334,0.7241199927531653,0.2825325539947719,0.8965678158472773,0.0067261648386474,0.01787113499283,0.15771484375,0.626953125,True,True,True,True,True,True,True,True,True,True,True,True
wstate_3_Mutant_Add_swap_P3_Q2_[].qasm,PureState_5,0.0,0.0,0.4570137631923798,0.9751975210921816,0.3890580486250932,0.8274702398640154,0.3779915320718537,0.9986886067424638,0.622008467928146,0.0013113932575384,0.39794921875,0.25146484375,True,True,True,True,True,True,True,True,True,True,True,False
wstate_3_Mutant_Add_swap_P3_Q2_[].qasm,Quratest_5,0.0,0.0,0.6340772256409284,0.7271795195300542,0.574879767349908,0.6743709255773115,0.6449852088517463,0.883137187679244,0.186267107688724,0.0425521666188187,1.0751953125,1.6396484375,True,True,True,True,True,True,True,True,True,True,True,True
wstate_3_Mutant_Add_swap_P3_Q2_[].qasm,PureState_6,0.0,0.0,0.739413390280023,0.8640038895192141,0.6462621522128824,0.7430269410478706,0.7886751345948129,0.9274615124530275,0.0446581987385204,0.0241808118367131,1.5927734375,1.74853515625,True,True,True,True,True,True,True,True,True,True,True,True
wstate_3_Mutant_Add_swap_P3_Q2_[].qasm,Quratest_6,0.0,0.0,0.5289042555179286,0.5598372685033808,0.4904031178122583,0.509398505663043,0.5724847556329573,0.594616667978439,0.1407696420664855,0.3320051268614383,1.14599609375,0.1708984375,True,True,True,True,True,True,True,True,True,True,True,False
wstate_3_Mutant_Add_swap_P3_Q2_[].qasm,PureState_7,0.0,0.0,0.4566850111205224,0.8231701734097482,0.4165781784686457,0.7185232600808186,0.5,0.9028454070133564,0.6220084679281458,0.0284937211085885,0.39794921875,1.74853515625,True,True,True,True,True,True,True,True,True,True,True,True
wstate_3_Mutant_Add_swap_P3_Q2_[].qasm,Quratest_7,0.0,0.0,0.1897115649785473,0.5220684180349163,0.1791646734434236,0.5013473817817536,0.1630889246234936,0.6554861186831622,0.7779703332549144,0.2658335869595314,0.083984375,1.07666015625,True,True,True,True,True,True,True,True,True,True,True,True
wstate_3_Mutant_Add_rxx_P3_Q2_[0.7853981633974483].qasm,PureState_0,0.0,0.0,0.2746992118574451,0.971065281671852,0.23060928655724,0.8257881491049017,0.1464466094067262,0.998012991533898,0.853553390593274,0.0009935042437869,0.2861328125,0.25146484375,True,True,True,True,True,True,True,True,True,True,True,False
wstate_3_Mutant_Add_rxx_P3_Q2_[0.7853981633974483].qasm,Quratest_0,4.2398528103068765e-99,0.0,0.0834606548628126,0.7594266093387719,0.0832913213186184,0.6893834742519844,0.0935923920749494,0.8663360299030702,0.86769210303245,0.0556615844197419,0.115234375,0.9765625,True,True,False,True,False,True,True,True,True,True,True,True
wstate_3_Mutant_Add_rxx_P3_Q2_[0.7853981633974483].qasm,PureState_1,0.0,0.0,0.269569352476185,0.90700483070232,0.2262781873878565,0.7615231662447084,0.1464466094067263,0.9274615124530268,0.853553390593273,0.0121064024049652,0.2919921875,1.74853515625,True,True,True,True,True,True,True,True,True,True,True,True
wstate_3_Mutant_Add_rxx_P3_Q2_[0.7853981633974483].qasm,Quratest_1,0.0,0.0,0.1356889614770587,0.8583761325959632,0.1240263447317045,0.7435641274574621,0.1022379764853016,0.9071699094654544,0.887023032765841,0.013694026408218,0.01904296875,0.83740234375,True,True,True,True,True,True,True,True,True,True,True,True
wstate_3_Mutant_Add_rxx_P3_Q2_[0.7853981633974483].qasm,PureState_2,0.0,0.0,0.2774297654375915,0.8018483392277048,0.2329346850144195,0.7028417034901612,0.1464466094067263,0.9028454070133576,0.8535533905932735,0.0324095992814958,0.27587890625,1.74853515625,True,True,True,True,True,True,True,True,True,True,True,True
wstate_3_Mutant_Add_rxx_P3_Q2_[0.7853981633974483].qasm,Quratest_2,0.0,0.0,0.2767930703776084,0.6395935973410941,0.2679117165691299,0.6014775061271292,0.2786891745306146,0.782069115640587,0.8557190157276973,0.1281129616276943,0.5615234375,1.05810546875,True,True,True,True,True,True,True,True,True,True,True,True
wstate_3_Mutant_Add_rxx_P3_Q2_[0.7853981633974483].qasm,PureState_3,0.0,0.0,0.281591458219859,0.2623317660893747,0.2364849292134728,0.2200604089226759,0.1464466094067263,0.100488934819939,0.8535533905932735,0.8995110651800627,0.2861328125,0.25146484375,True,True,True,False,True,False,True,False,True,False,True,False
wstate_3_Mutant_Add_rxx_P3_Q2_[0.7853981633974483].qasm,Quratest_3,0.0,0.0,0.1251459680640366,0.6747220728615928,0.1240108872670157,0.6233882552554473,0.1277690622339262,0.8136342464402111,0.863373789972294,0.0930861721864305,0.060546875,0.96533203125,True,True,False,True,True,True,True,True,True,True,True,True
wstate_3_Mutant_Add_rxx_P3_Q2_[0.7853981633974483].qasm,PureState_4,0.0,0.0,0.2754711310688975,0.9673306561987516,0.2312630085908329,0.8243899477526657,0.1464466094067262,0.998012991533898,0.8535533905932733,0.0009935042437869,0.27978515625,0.25146484375,True,True,True,True,True,True,True,True,True,True,True,False
wstate_3_Mutant_Add_rxx_P3_Q2_[0.7853981633974483].qasm,Quratest_4,0.0,0.0,0.2407931744199092,0.8121283034636416,0.2338927601018238,0.722450205325851,0.2294106606284985,0.8965678158472788,0.8559560595342982,0.0178711349928295,0.44482421875,0.626953125,True,True,True,True,True,True,True,True,True,True,True,True
wstate_3_Mutant_Add_rxx_P3_Q2_[0.7853981633974483].qasm,PureState_5,0.0,0.0,0.2720055902502618,0.9785568931486852,0.2283033766826813,0.8285881964479318,0.1464466094067263,0.998688606742463,0.8535533905932733,0.0013113932575384,0.27978515625,0.25146484375,True,True,True,True,True,True,True,True,True,True,True,False
wstate_3_Mutant_Add_rxx_P3_Q2_[0.7853981633974483].qasm,Quratest_5,0.0,0.0,0.1648979112413876,0.7233867371750177,0.1617383995661098,0.6714631008834429,0.131012447354215,0.8831371876792455,0.8537974611882917,0.0425521666188177,0.25634765625,1.6396484375,True,True,True,True,True,True,True,True,True,True,True,True
wstate_3_Mutant_Add_rxx_P3_Q2_[0.7853981633974483].qasm,PureState_6,0.0,0.0,0.2735246298108781,0.8661780413539121,0.2296432664386933,0.7422596978592347,0.1464466094067263,0.9274615124530268,0.8535533905932737,0.0241808118367131,0.3046875,1.74853515625,True,True,True,True,True,True,True,True,True,True,True,True
wstate_3_Mutant_Add_rxx_P3_Q2_[0.7853981633974483].qasm,Quratest_6,0.0,0.0,0.1713613537556268,0.5632360179226357,0.1666338030757611,0.5111266963430935,0.1492346608363235,0.5946166679784384,0.8559534631492198,0.3320051268614384,0.28564453125,0.1708984375,True,True,True,True,True,True,True,True,True,True,True,False
wstate_3_Mutant_Add_rxx_P3_Q2_[0.7853981633974483].qasm,PureState_7,0.0,0.0,0.2692641320636521,0.815010762090091,0.2260163935968346,0.7118845650976161,0.1464466094067263,0.9028454070133576,0.8535533905932733,0.028493721108587,0.2705078125,1.74853515625,True,True,True,True,True,True,True,True,True,True,True,True
wstate_3_Mutant_Add_rxx_P3_Q2_[0.7853981633974483].qasm,Quratest_7,1.393817587017361e-147,0.0,0.0866036670716818,0.5173340449770847,0.0864291530751186,0.497465119522729,0.1105715541045203,0.6554861186831614,0.9249466011412366,0.2658335869595316,0.2099609375,1.07666015625,True,True,False,True,False,False,True,True,True,True,True,True
wstate_3_Mutant_Replace_cp_P8_Q0_[2.356194490192345].qasm,PureState_0,0.0,0.0,0.7056352258368844,0.975203113453056,0.5874853640689913,0.8272257476045021,0.4999999999999999,0.9986183431723016,0.2500000000000001,0.0006908284163616,1.0126953125,0.21630859375,True,True,True,True,True,True,True,True,True,True,True,False
wstate_3_Mutant_Replace_cp_P8_Q0_[2.356194490192345].qasm,Quratest_0,0.0,0.0,0.1957468656038938,0.7722276207549498,0.1948659641352803,0.6939641731919824,0.2424843049781343,0.8691757468428547,0.3087237046160202,0.0568615388525382,0.30029296875,1.01171875,True,True,True,True,True,True,True,True,True,True,True,True
wstate_3_Mutant_Replace_cp_P8_Q0_[2.356194490192345].qasm,PureState_1,0.0,0.0,0.9144457446490254,0.9221766104238304,0.7613282420660419,0.7757090300870294,0.8333333333333334,0.949583782925114,0.0277777777777777,0.0084036554048341,1.67626953125,1.78369140625,True,True,True,True,True,True,True,True,True,True,True,True
wstate_3_Mutant_Replace_cp_P8_Q0_[2.356194490192345].qasm,Quratest_1,0.0,0.0,0.4033937675277862,0.8661945721090012,0.3359051322634532,0.7475626057027219,0.1613433884650386,0.9228079742211188,0.4785051651155216,0.0134405752708612,0.3095703125,0.87255859375,True,True,True,True,True,True,True,True,True,True,True,True
wstate_3_Mutant_Replace_cp_P8_Q0_[2.356194490192345].qasm,PureState_2,0.0,0.0,0.5765672147477996,0.8251222019009018,0.4800491811276183,0.7220132671599219,0.3333333333333332,0.9242942810057728,0.4444444444444445,0.0252353588857655,0.69140625,1.78369140625,True,True,True,True,True,True,True,True,True,True,True,True
wstate_3_Mutant_Replace_cp_P8_Q0_[2.356194490192345].qasm,Quratest_2,0.0,0.0,0.2324626375928012,0.6504961363004154,0.2284276663044139,0.6099269604337266,0.1851769316956965,0.8002505586690165,0.623851425071858,0.1315531820952835,0.048828125,1.09326171875,True,True,True,True,True,True,True,True,True,True,True,True
wstate_3_Mutant_Replace_cp_P8_Q0_[2.356194490192345].qasm,PureState_3,,0.0,0.0,0.2437520781543144,0.0,0.2042656582394438,6.575536136307361e-34,0.0771592667101637,1.0,0.9228407332898376,0.0,0.21630859375,False,True,False,False,False,False,False,False,False,False,False,False
wstate_3_Mutant_Replace_cp_P8_Q0_[2.356194490192345].qasm,Quratest_3,0.0,0.0,0.306381045971364,0.7017942513535826,0.2914959975207461,0.642279073749828,0.1962543925861374,0.8369639145499863,0.2410334868027128,0.0912229944825281,0.3798828125,1.00048828125,True,True,True,True,True,True,True,True,True,True,True,True
wstate_3_Mutant_Replace_cp_P8_Q0_[2.356194490192345].qasm,PureState_4,0.0,0.0,0.7050035960768892,0.9750305801966068,0.5869618547401677,0.8268391095318017,0.5000000000000001,0.9986183431723016,0.2500000000000001,0.0006908284163616,1.0126953125,0.21630859375,True,True,True,True,True,True,True,True,True,True,True,False
wstate_3_Mutant_Replace_cp_P8_Q0_[2.356194490192345].qasm,Quratest_4,0.0,0.0,0.4926427519200543,0.8330055828885354,0.4322776024501433,0.7371216101654706,0.2895166140138004,0.9186560638987312,0.5191573695053189,0.0143992735823561,0.2177734375,0.662109375,True,True,True,True,True,True,True,True,True,True,True,True
wstate_3_Mutant_Replace_cp_P8_Q0_[2.356194490192345].qasm,PureState_5,0.0,0.0,1.0,0.9876766184192922,0.8325546111576977,0.8310364109394459,1.0,0.999930026800786,7.845812659342819e-82,6.99731992154733e-05,2.0,0.21630859375,True,True,True,True,True,True,True,True,True,True,True,False
wstate_3_Mutant_Replace_cp_P8_Q0_[2.356194490192345].qasm,Quratest_5,0.0,0.0,0.2931853629487304,0.7594102940226349,0.2801892117959215,0.7007925169039951,0.1671512870928802,0.9064668557890208,0.6492768483035738,0.0361475359668849,0.27294921875,1.6748046875,True,True,True,True,True,True,True,True,True,True,True,True
wstate_3_Mutant_Replace_cp_P8_Q0_[2.356194490192345].qasm,PureState_6,0.0,0.0,0.8139772073144412,0.8885426314805892,0.6776824908969826,0.761135574842872,0.6666666666666667,0.949583782925114,0.1111111111111111,0.0168054120735923,1.35205078125,1.78369140625,True,True,True,True,True,True,True,True,True,True,True,True
wstate_3_Mutant_Replace_cp_P8_Q0_[2.356194490192345].qasm,Quratest_6,0.0,0.0,0.3652500575997667,0.5815955094780167,0.3431424826673238,0.5194270791825069,0.2218217246685621,0.6126367500144818,0.516211117388702,0.3390956591691185,0.453125,0.1357421875,True,True,True,True,True,True,True,True,True,True,True,False
wstate_3_Mutant_Replace_cp_P8_Q0_[2.356194490192345].qasm,PureState_7,0.0,0.0,0.4102075582349372,0.8389300287498838,0.3415292869693741,0.7326333458277389,0.1666666666666666,0.924294281005773,0.6944444444444443,0.0252632112094145,0.32421875,1.78369140625,True,True,True,True,True,True,True,True,True,True,True,True
wstate_3_Mutant_Replace_cp_P8_Q0_[2.356194490192345].qasm,Quratest_7,0.0,0.0,0.6086391466111832,0.5242804536171414,0.5704479036574944,0.5033919946290929,0.599248951419696,0.6775335351243198,0.1375158602291831,0.2718863069756618,1.12548828125,1.11181640625,True,True,True,True,True,True,True,True,True,True,True,True
wstate_3_Mutant_Replace_t_P0_Q0_[].qasm,PureState_0,0.0,0.0,0.2779587910531054,0.9659759534154344,0.2747947327775058,0.8238685255280466,0.3535533905932738,0.9980129915338972,0.853553390593273,0.000993504243787,0.0,0.25146484375,True,True,True,True,True,True,True,True,True,True,False,False
wstate_3_Mutant_Replace_t_P0_Q0_[].qasm,Quratest_0,0.0,0.0,0.1822286207997243,0.7618523002650125,0.1814620950696729,0.6905689914657147,0.2279374744738228,0.8663360299030679,0.8091362078716915,0.055661584419742,0.00634765625,0.9765625,True,True,True,True,True,True,True,True,True,True,True,True
wstate_3_Mutant_Replace_t_P0_Q0_[].qasm,PureState_1,0.0,0.0,0.270848408667915,0.9043578293451716,0.2417540206030101,0.7629818056409775,0.2154822031355754,0.9274615124530264,0.8535533905932731,0.0121064024049652,0.0,1.74853515625,True,True,True,True,True,True,True,True,True,True,False,True
wstate_3_Mutant_Replace_t_P0_Q0_[].qasm,Quratest_1,0.0,0.0,0.1558765134264936,0.8580636102784307,0.1541283184653676,0.7429547178834032,0.1621198411224729,0.9071699094654516,0.7300749623307775,0.0136940264082185,0.00634765625,0.83740234375,True,True,True,True,True,True,True,True,True,True,True,True
wstate_3_Mutant_Replace_t_P0_Q0_[].qasm,PureState_2,0.0,0.0,0.2816246805880479,0.8040057285443255,0.2648890989552664,0.7046882480690437,0.2845177968644247,0.9028454070133554,0.853553390593273,0.0324095992814965,0.0,1.74853515625,True,True,True,True,True,True,True,True,True,True,False,True
wstate_3_Mutant_Replace_t_P0_Q0_[].qasm,Quratest_2,0.0,0.0,0.190959523151428,0.6440654405158216,0.1888643316037056,0.6034026966403674,0.1789844074435699,0.7820691156405841,0.7559456516413222,0.1281129616276949,0.00390625,1.05810546875,True,True,True,True,True,True,True,True,True,True,True,True
wstate_3_Mutant_Replace_t_P0_Q0_[].qasm,PureState_3,0.0,0.0,0.2762457979762965,0.2621270136870579,0.2319207128759808,0.2198860864446792,0.1464466094067262,0.1004889348199414,0.8535533905932737,0.8995110651800601,0.0,0.25146484375,True,True,True,False,True,False,True,False,True,False,False,False
wstate_3_Mutant_Replace_t_P0_Q0_[].qasm,Quratest_3,0.0,0.0,0.2020681303673903,0.6782145980982465,0.1980398108372445,0.622431765896321,0.2066166109991205,0.8136342464402087,0.7671449235396735,0.0930861721864304,0.00048828125,0.96533203125,True,True,True,True,True,True,True,True,True,True,True,True
wstate_3_Mutant_Replace_t_P0_Q0_[].qasm,PureState_4,0.0,0.0,0.2759865001167562,0.9700666163864908,0.2728243059239422,0.8255423846041441,0.3535533905932738,0.9980129915338972,0.8535533905932731,0.000993504243787,0.0,0.25146484375,True,True,True,True,True,True,True,True,True,True,False,False
wstate_3_Mutant_Replace_t_P0_Q0_[].qasm,Quratest_4,0.0,0.0,0.2464001238914344,0.8120147410779585,0.2404208953105196,0.7223019793418052,0.2639043018417693,0.8965678158472766,0.8719621604563543,0.0178711349928299,0.0107421875,0.626953125,True,True,True,True,True,True,True,True,True,True,True,True
wstate_3_Mutant_Replace_t_P0_Q0_[].qasm,PureState_5,0.0,0.0,0.2771264094132006,0.9746794344808962,0.2326722996472805,0.8272885159824948,0.1464466094067263,0.9986886067424624,0.8535533905932725,0.0013113932575384,0.0,0.25146484375,True,True,True,True,True,True,True,True,True,True,False,False
wstate_3_Mutant_Replace_t_P0_Q0_[].qasm,Quratest_5,0.0,0.0,0.2872932906554078,0.7309125553196627,0.2791304373020208,0.6778057404472938,0.2832568862690384,0.883137187679243,0.7409720265233324,0.0425521666188187,0.0029296875,1.6396484375,True,True,True,True,True,True,True,True,True,True,True,True
wstate_3_Mutant_Replace_t_P0_Q0_[].qasm,PureState_6,0.0,0.0,0.2779965957592095,0.8725714186780583,0.262542822351867,0.7480500936057585,0.2845177968644246,0.9274615124530264,0.853553390593274,0.024180811836713,0.0,1.74853515625,True,True,True,True,True,True,True,True,True,True,False,True
wstate_3_Mutant_Replace_t_P0_Q0_[].qasm,Quratest_6,0.0,0.0,0.2436850170592443,0.563870013035502,0.2416662416851651,0.5109493412332956,0.3079286473469473,0.5946166679784378,0.7631307781536236,0.3320051268614375,0.0009765625,0.1708984375,True,True,True,True,True,True,True,True,True,True,True,False
wstate_3_Mutant_Replace_t_P0_Q0_[].qasm,PureState_7,0.0,0.0,0.2767522066598929,0.8193629118827748,0.247368571437838,0.7157549264619926,0.2154822031355753,0.9028454070133553,0.8535533905932742,0.0284937211085884,0.0,1.74853515625,True,True,True,True,True,True,True,True,True,True,False,True
wstate_3_Mutant_Replace_t_P0_Q0_[].qasm,Quratest_7,0.0,0.0,0.1320061172061816,0.510376861999284,0.1304218535501129,0.4924819447066067,0.0967895573989509,0.655486118683161,0.7338847507306524,0.2658335869595306,0.0048828125,1.07666015625,True,True,False,True,True,False,True,True,True,True,True,True
wstate_3_Mutant_Add_ch_P3_Q2_[].qasm,PureState_0,0.4715194541498771,0.0,0.0025455910308625,0.9620721211269831,0.0025455896562433,0.8221209566056279,1.1102230246251568e-16,0.9980129915338972,1.0,0.000993504243787,0.0,0.25146484375,False,True,False,True,False,True,False,True,False,True,False,False
wstate_3_Mutant_Add_ch_P3_Q2_[].qasm,Quratest_0,4.2269318712825866e-11,0.0,0.0308813285586137,0.7617982707832583,0.030770968418015,0.6890345658623904,0.0181408285717499,0.8663360299030686,0.7266464830093609,0.0556615844197421,0.00244140625,0.9765625,True,True,False,True,False,True,True,True,True,True,True,True
wstate_3_Mutant_Add_ch_P3_Q2_[].qasm,PureState_1,2.7385086526562886e-284,0.0,0.1223654102425406,0.9005888413506572,0.1221919746421661,0.7609177092146886,0.1666666666666666,0.9274615124530268,0.0285954792089683,0.0121064024049652,0.0,1.74853515625,True,True,False,True,True,True,True,True,True,True,False,True
wstate_3_Mutant_Add_ch_P3_Q2_[].qasm,Quratest_1,4.894797105359645e-146,0.0,0.0887672554470285,0.8566788265972133,0.0886446250894285,0.7408725114065875,0.0927775988867538,0.9071699094654524,0.3035584024671936,0.0136940264082185,0.00390625,0.83740234375,True,True,False,True,False,True,True,True,True,True,True,True
wstate_3_Mutant_Add_ch_P3_Q2_[].qasm,PureState_2,1.8119295930783734e-304,0.0,0.1265780732211002,0.8009985584830883,0.1263862500152477,0.7020990577261731,0.1666666666666666,0.9028454070133556,0.0285954792089685,0.0324095992814965,0.0,1.74853515625,True,True,False,True,True,True,True,True,True,True,False,True
wstate_3_Mutant_Add_ch_P3_Q2_[].qasm,Quratest_2,6.100802264318722e-35,0.0,0.0447994545810576,0.6400206785579099,0.0447664120915332,0.5996159370442119,0.0405538770211056,0.7820691156405846,0.5333528794523053,0.1281129616276948,0.00634765625,1.05810546875,True,True,False,True,False,True,True,True,True,True,True,True
wstate_3_Mutant_Add_ch_P3_Q2_[].qasm,PureState_3,,0.0,0.0,0.2654882236752131,0.0,0.2227485142610965,1.1139769789280508e-32,0.1004889348199415,1.0,0.8995110651800603,0.0,0.25146484375,False,True,False,False,False,False,False,False,False,False,False,False
wstate_3_Mutant_Add_ch_P3_Q2_[].qasm,Quratest_3,1.299500232567537e-82,0.0,0.0746634207244549,0.6736053444165365,0.074558085692471,0.6214834121437243,0.0728757474691914,0.8136342464402091,0.0970058809394096,0.0930861721864304,0.0107421875,0.96533203125,True,True,False,True,False,True,True,True,True,True,True,True
wstate_3_Mutant_Add_ch_P3_Q2_[].qasm,PureState_4,0.0203227452498647,0.0,0.0082026962512078,0.9682824064116254,0.00820265025181,0.8247434478004734,1.1102230246251568e-16,0.9980129915338972,0.9999999999999996,0.000993504243787,0.0,0.25146484375,True,True,False,True,False,True,False,True,False,True,False,False
wstate_3_Mutant_Add_ch_P3_Q2_[].qasm,Quratest_4,4.990251992579148e-103,0.0,0.0786649742214915,0.8161383417765105,0.078565734375563,0.7245543047939751,0.0688192584177087,0.8965678158472767,0.372144340483465,0.0178711349928299,0.00048828125,0.626953125,True,True,False,True,False,True,True,True,True,True,True,True
wstate_3_Mutant_Add_ch_P3_Q2_[].qasm,PureState_5,,0.0,0.0,0.9746794344808962,0.0,0.8272885159824948,1.1139769789280508e-32,0.9986886067424624,1.0000000000000009,0.0013113932575384,0.0,0.25146484375,False,True,False,True,False,True,False,True,False,True,False,False
wstate_3_Mutant_Add_ch_P3_Q2_[].qasm,Quratest_5,2.3463372473349498e-111,0.0,0.0644017632752246,0.7297127801850847,0.0637756291474127,0.6767440536333527,0.0592069433890906,0.8831371876792433,0.0155041848505417,0.0425521666188186,0.0107421875,1.6396484375,True,True,False,True,False,True,True,True,True,True,True,True
wstate_3_Mutant_Add_ch_P3_Q2_[].qasm,PureState_6,6.243381542342548e-249,0.0,0.11501869453815,0.864492306222672,0.1148745798035204,0.743490249604921,0.1666666666666666,0.9274615124530268,0.0285954792089685,0.024180811836713,0.0,1.74853515625,True,True,False,True,False,True,True,True,True,True,False,True
wstate_3_Mutant_Add_ch_P3_Q2_[].qasm,Quratest_6,0.0003768213122508,0.0,0.0205742119935749,0.5615927611894411,0.0204922989167712,0.510191977113442,0.0020712927396504,0.5946166679784385,0.8938319838519458,0.332005126861438,0.00146484375,0.1708984375,True,True,False,True,False,True,True,True,True,True,True,False
wstate_3_Mutant_Add_ch_P3_Q2_[].qasm,PureState_7,5.2163528456560563e-250,0.0,0.115227604235698,0.8203950858301227,0.1150833756183571,0.7165983663330062,0.1666666666666666,0.9028454070133556,0.0285954792089687,0.0284937211085883,0.0,1.74853515625,True,True,False,True,False,True,True,True,True,True,False,True
wstate_3_Mutant_Add_ch_P3_Q2_[].qasm,Quratest_7,0.0,0.0,0.0978430952651163,0.5158262671737833,0.0964186629255105,0.4969770388378762,0.0585489877517981,0.6554861186831614,0.0392083699263315,0.2658335869595309,0.00390625,1.07666015625,True,True,False,True,False,False,True,True,True,True,True,True
wstate_3_Mutant_Remove_cx_P7_Q1.qasm,PureState_0,0.0,0.0,1.0,0.9598410467613312,0.8325546111576977,0.8211486545118027,1.0,0.996237039189408,2.553253775956768e-34,0.0018814804256263,2.0,0.2861328125,True,True,True,True,True,True,True,True,True,True,True,False
wstate_3_Mutant_Remove_cx_P7_Q1.qasm,Quratest_0,0.0,0.0,0.1466484354210973,0.74331533340961,0.1456741767114029,0.6737032207575127,0.1107777353414347,0.8436982271704032,0.5584546182226534,0.0587157246053528,0.23583984375,0.94189453125,True,True,True,True,True,True,True,True,True,True,True,True
wstate_3_Mutant_Remove_cx_P7_Q1.qasm,PureState_1,0.0,0.0,0.574065172440785,0.9044429670502032,0.4779408703624646,0.7645673532980166,0.3333333333333333,0.9292053735306816,0.4444444444444436,0.0118331362576921,0.64794921875,1.7138671875,True,True,True,True,True,True,True,True,True,True,True,True
wstate_3_Mutant_Remove_cx_P7_Q1.qasm,Quratest_1,0.0,0.0,0.3759707586454454,0.8399655727261813,0.3555745342139287,0.7279806868023604,0.261243549712921,0.8844999835476683,0.497051896095364,0.0182719913839492,0.53955078125,0.802734375,True,True,True,True,True,True,True,True,True,True,True,True
wstate_3_Mutant_Remove_cx_P7_Q1.qasm,PureState_2,0.0,0.0,0.8150460932047242,0.7897373048193457,0.6785930197099135,0.6918596785075507,0.6666666666666666,0.8825874412366355,0.111111111111111,0.0391375200806836,1.35205078125,1.7138671875,True,True,True,True,True,True,True,True,True,True,True,True
wstate_3_Mutant_Remove_cx_P7_Q1.qasm,Quratest_2,6.437684607890429e-243,0.0,0.1141887884337194,0.6094425571257439,0.1137837856884428,0.5763561861373832,0.0907859287579842,0.75943131290828,0.1386555719437269,0.134214849827834,0.1884765625,1.0234375,True,True,False,True,False,True,True,True,True,True,True,True
wstate_3_Mutant_Remove_cx_P7_Q1.qasm,PureState_3,,0.0,0.0,0.2828427124746189,0.0,0.2375538933744495,7.703719777548943e-34,0.1225224886958414,1.0,0.87747751130416,0.0,0.2861328125,False,True,False,False,False,False,False,False,False,False,False,False
wstate_3_Mutant_Remove_cx_P7_Q1.qasm,Quratest_3,2.471844438525819e-41,0.0,0.0488990993487645,0.6595043241971176,0.0488542394963574,0.6111437937415548,0.0345254890373762,0.7916003069551061,0.7984412162054565,0.0925603756109386,0.0654296875,0.9306640625,True,True,False,True,False,True,True,True,True,True,True,True
wstate_3_Mutant_Remove_cx_P7_Q1.qasm,PureState_4,0.0,0.0,1.0,0.9615034011648634,0.8325546111576977,0.8218279437919028,1.0,0.996237039189408,1.836523855061652e-33,0.0018814804256263,2.0,0.2861328125,True,True,True,True,True,True,True,True,True,True,True,False
wstate_3_Mutant_Remove_cx_P7_Q1.qasm,Quratest_4,0.0,0.0,0.2609002988962966,0.7978797781572214,0.2588816245939935,0.7103788287455725,0.3170111918295474,0.8745017531788557,0.1044556063479791,0.0224482132793207,0.65966796875,0.59228515625,True,True,True,True,True,True,True,True,True,True,True,True
wstate_3_Mutant_Remove_cx_P7_Q1.qasm,PureState_5,,0.0,0.0,0.9751975210921816,0.0,0.8274702398640154,7.703719777548943e-34,0.9987207293645302,1.0,0.0012792706354706,0.0,0.2861328125,False,True,False,True,False,True,False,True,False,True,False,False
wstate_3_Mutant_Remove_cx_P7_Q1.qasm,Quratest_5,0.0,0.0,0.5461408732041867,0.704748121565508,0.5008420197078592,0.6557587435061636,0.4333187054943648,0.8611032481930079,0.3703757357875348,0.0525929215030533,0.8681640625,1.60498046875,True,True,True,True,True,True,True,True,True,True,True,True
wstate_3_Mutant_Remove_cx_P7_Q1.qasm,PureState_6,0.0,0.0,0.8166427730882283,0.8634337019833619,0.6799009292080479,0.7435135419370468,0.6666666666666666,0.9292053735306816,0.1111111111111112,0.0235982090374699,1.33935546875,1.7138671875,True,True,True,True,True,True,True,True,True,True,True,True
wstate_3_Mutant_Remove_cx_P7_Q1.qasm,Quratest_6,0.0,0.0,0.4837655855038016,0.5593627176613281,0.4525555274223516,0.51031394100851,0.3787808429795644,0.5928406845531647,0.2051076991686038,0.3248252013586139,0.787109375,0.20556640625,True,True,True,True,True,True,True,True,True,True,True,False
wstate_3_Mutant_Remove_cx_P7_Q1.qasm,PureState_7,0.0,0.0,0.5790110601995403,0.8002426127149017,0.4820595400077485,0.7004128106078241,0.3333333333333333,0.8825874412366354,0.4444444444444451,0.042911758548486,0.66064453125,1.7138671875,True,True,True,True,True,True,True,True,True,True,True,True
wstate_3_Mutant_Remove_cx_P7_Q1.qasm,Quratest_7,0.0,0.0,0.5677219001594214,0.5209041525088981,0.5372420960649795,0.5004873756406802,0.5662088800734097,0.6548822554345565,0.3639452653265366,0.2593148850261585,1.16455078125,1.0419921875,True,True,True,True,True,True,True,True,True,True,True,True
wstate_3_Mutant_Replace_sx_P0_Q0_[].qasm,PureState_0,0.1615080779721851,0.0,0.0049497876863505,0.9737821784731456,0.004949777580096,0.8269418178562458,1.1102230246251563e-16,0.9980129915338972,0.4999999999999996,0.000993504243787,0.0,0.25146484375,True,True,False,True,False,True,False,True,True,True,False,False
wstate_3_Mutant_Replace_sx_P0_Q0_[].qasm,Quratest_0,0.0,0.0,0.3481216151867352,0.7680179067674391,0.3427552836765736,0.6914883826144878,0.4200635207971672,0.8663360299030679,0.6516497476504325,0.0556615844197421,0.005859375,0.9765625,True,True,True,True,True,True,True,True,True,True,True,True
wstate_3_Mutant_Replace_sx_P0_Q0_[].qasm,PureState_1,0.0,0.0,0.4454514493718122,0.9051488618041188,0.3825736863953148,0.7637333183458634,0.3333333333333333,0.9274615124530264,0.5000000000000001,0.0121064024049652,0.0,1.74853515625,True,True,True,True,True,True,True,True,True,True,False,True
wstate_3_Mutant_Replace_sx_P0_Q0_[].qasm,Quratest_1,0.0,0.0,0.0912930063405682,0.8627116494030516,0.0881683387089864,0.7439609036283222,0.077644272042791,0.9071699094654516,0.5889864002045031,0.0136940264082185,0.005859375,0.83740234375,True,True,False,True,False,True,True,True,True,True,True,True
wstate_3_Mutant_Replace_sx_P0_Q0_[].qasm,PureState_2,0.0,0.0,0.3076987971853743,0.8006666614196845,0.2637544214966909,0.7017635616134177,0.1666666666666667,0.9028454070133554,0.5000000000000003,0.0324095992814965,0.0,1.74853515625,True,True,True,True,True,True,True,True,True,True,False,True
wstate_3_Mutant_Replace_sx_P0_Q0_[].qasm,Quratest_2,1.4667984631279502e-256,0.0,0.1071402499259902,0.6412718039376912,0.1067705351194054,0.6030380964121083,0.1237613915444866,0.7820691156405841,0.8332536661223218,0.1281129616276948,0.00439453125,1.05810546875,True,True,False,True,False,True,True,True,True,True,True,True
wstate_3_Mutant_Replace_sx_P0_Q0_[].qasm,PureState_3,0.0,0.0,0.5445261302467841,0.2658931882558945,0.4675165507203638,0.2230934936153316,0.5,0.1004889348199413,0.4999999999999994,0.8995110651800603,0.0,0.25146484375,True,True,True,False,True,False,True,False,True,False,False,False
wstate_3_Mutant_Replace_sx_P0_Q0_[].qasm,Quratest_3,0.0,0.0,0.1419891802179681,0.6789951443217915,0.1413418024638053,0.6264214974449586,0.1481395106459546,0.8136342464402087,0.428704156202,0.0930861721864304,0.00390625,0.96533203125,True,True,True,True,True,True,True,True,True,True,True,True
wstate_3_Mutant_Replace_sx_P0_Q0_[].qasm,PureState_4,0.4471889290488686,0.0,0.0026872447457727,0.9666328961498398,0.0026872431275479,0.8240739009533598,1.1102230246251563e-16,0.9980129915338972,0.4999999999999996,0.000993504243787,0.0,0.25146484375,False,True,False,True,False,True,False,True,True,True,False,False
wstate_3_Mutant_Replace_sx_P0_Q0_[].qasm,Quratest_4,0.0,0.0,0.2448009398074792,0.8178131852404356,0.226990594116511,0.7247610347199134,0.1555912663511756,0.8965678158472763,0.4371485282668607,0.0178711349928299,0.0087890625,0.626953125,True,True,True,True,True,True,True,True,True,True,True,True
wstate_3_Mutant_Replace_sx_P0_Q0_[].qasm,PureState_5,0.0,0.0,0.5417839989818798,0.9779626836258084,0.4650335472683097,0.8283982570646904,0.5,0.9986886067424626,0.4999999999999999,0.0013113932575384,0.0,0.25146484375,True,True,True,True,True,True,True,True,True,True,False,False
wstate_3_Mutant_Replace_sx_P0_Q0_[].qasm,Quratest_5,0.0,0.0,0.3285586806575387,0.7275050127103,0.2997346729558695,0.6749777594740447,0.2761245205489298,0.883137187679243,0.4309380197011159,0.0425521666188187,0.00146484375,1.6396484375,True,True,True,True,True,True,True,True,True,True,True,True
wstate_3_Mutant_Replace_sx_P0_Q0_[].qasm,PureState_6,0.0,0.0,0.3155170691583741,0.8634221779918381,0.2707613075697854,0.7425051650620949,0.1666666666666667,0.9274615124530264,0.5000000000000003,0.0241808118367131,0.0,1.74853515625,True,True,True,True,True,True,True,True,True,True,False,True
wstate_3_Mutant_Replace_sx_P0_Q0_[].qasm,Quratest_6,0.0,0.0,0.3653824000122468,0.5645843064028997,0.3567204052631474,0.5117179427587032,0.4352808407102999,0.5946166679784379,0.4438014537324084,0.3320051268614377,0.00390625,0.1708984375,True,True,True,True,True,True,True,True,True,True,True,False
wstate_3_Mutant_Replace_sx_P0_Q0_[].qasm,PureState_7,0.0,0.0,0.4355100651721656,0.82212011196893,0.3734539891723765,0.7180981566057991,0.3333333333333333,0.9028454070133553,0.5000000000000006,0.0284937211085884,0.0,1.74853515625,True,True,True,True,True,True,True,True,True,True,False,True
wstate_3_Mutant_Replace_sx_P0_Q0_[].qasm,Quratest_7,0.0,0.0,0.2491445481599939,0.5147193139787194,0.2422712871879768,0.4959157058537545,0.2407997325350983,0.6554861186831612,0.7048994218958882,0.2658335869595307,0.00732421875,1.07666015625,True,True,True,True,True,False,True,True,True,True,True,True
wstate_3_Mutant_Replace_rz_P0_Q0_[4.71238898038469].qasm,PureState_0,0.0,0.0,0.2746037571558903,0.9733339968264078,0.2715887541568724,0.826768805372662,0.3535533905932738,0.9980129915338972,0.8535533905932735,0.000993504243787,0.0,0.25146484375,True,True,True,True,True,True,True,True,True,True,False,False
wstate_3_Mutant_Replace_rz_P0_Q0_[4.71238898038469].qasm,Quratest_0,0.0,0.0,0.1590612432898792,0.7597739224574425,0.1548219354156974,0.6874281565734447,0.1300106475368417,0.8663360299030679,0.7019036429428402,0.055661584419742,0.001953125,0.9765625,True,True,True,True,True,True,True,True,True,True,True,True
wstate_3_Mutant_Replace_rz_P0_Q0_[4.71238898038469].qasm,PureState_1,0.0,0.0,0.2702585089032861,0.9061734551316648,0.2404651652988353,0.7647068256536176,0.2154822031355754,0.9274615124530264,0.8535533905932727,0.0121064024049652,0.0,1.74853515625,True,True,True,True,True,True,True,True,True,True,False,True
wstate_3_Mutant_Replace_rz_P0_Q0_[4.71238898038469].qasm,Quratest_1,0.0,0.0,0.2547745468385252,0.8532508378869035,0.2479752898783164,0.7381119150444432,0.2733434149208936,0.9071699094654516,0.4807840718300915,0.0136940264082185,0.005859375,0.83740234375,True,True,True,True,True,True,True,True,True,True,True,True
wstate_3_Mutant_Replace_rz_P0_Q0_[4.71238898038469].qasm,PureState_2,0.0,0.0,0.2867214617321674,0.802197609634179,0.2697566597939252,0.7030835112258766,0.2845177968644246,0.9028454070133554,0.8535533905932742,0.0324095992814965,0.0,1.74853515625,True,True,True,True,True,True,True,True,True,True,False,True
wstate_3_Mutant_Replace_rz_P0_Q0_[4.71238898038469].qasm,Quratest_2,0.0,0.0,0.262274602169202,0.6398675518753871,0.2578742556078782,0.6019365941909771,0.2678380250256655,0.7820691156405842,0.5202997244709521,0.1281129616276949,0.00341796875,1.05810546875,True,True,True,True,True,True,True,True,True,True,True,True
wstate_3_Mutant_Replace_rz_P0_Q0_[4.71238898038469].qasm,PureState_3,0.0,0.0,0.2764416916430924,0.2689139426196986,0.2320878947787436,0.2256675449005092,0.1464466094067262,0.1004889348199414,0.8535533905932733,0.8995110651800601,0.0,0.25146484375,True,True,True,False,True,False,True,False,True,False,False,False
wstate_3_Mutant_Replace_rz_P0_Q0_[4.71238898038469].qasm,Quratest_3,0.0,0.0,0.2217561844407087,0.682772116660762,0.2200197866442952,0.6282051286617562,0.2760467652722564,0.8136342464402087,0.5600267783584368,0.0930861721864304,0.0078125,0.96533203125,True,True,True,True,True,True,True,True,True,True,True,True
wstate_3_Mutant_Replace_rz_P0_Q0_[4.71238898038469].qasm,PureState_4,0.0,0.0,0.2674063253974668,0.9674468324212672,0.2646160671192223,0.8244071751147161,0.3535533905932738,0.9980129915338972,0.8535533905932737,0.000993504243787,0.0,0.25146484375,True,True,True,True,True,True,True,True,True,True,False,False
wstate_3_Mutant_Replace_rz_P0_Q0_[4.71238898038469].qasm,Quratest_4,0.0,0.0,0.1797556366735648,0.8176774874919043,0.1768669717210237,0.7260750445693112,0.2024967364013775,0.8965678158472766,0.9164048623264116,0.0178711349928299,0.0087890625,0.626953125,True,True,True,True,True,True,True,True,True,True,True,True
wstate_3_Mutant_Replace_rz_P0_Q0_[4.71238898038469].qasm,PureState_5,0.0,0.0,0.2791721608996123,0.97318290869636,0.234418760483539,0.8267501630965672,0.1464466094067262,0.9986886067424624,0.8535533905932731,0.0013113932575384,0.0,0.25146484375,True,True,True,True,True,True,True,True,True,True,False,False
wstate_3_Mutant_Replace_rz_P0_Q0_[4.71238898038469].qasm,Quratest_5,0.0,0.0,0.2309279792136661,0.7330989095139289,0.2211921602627368,0.6797505603937122,0.2180227391453417,0.883137187679243,0.4274177165360787,0.0425521666188186,0.00537109375,1.6396484375,True,True,True,True,True,True,True,True,True,True,True,True
wstate_3_Mutant_Replace_rz_P0_Q0_[4.71238898038469].qasm,PureState_6,0.0,0.0,0.2836126518101173,0.8684263022452351,0.2673203265053566,0.7470748655507049,0.2845177968644246,0.9274615124530264,0.8535533905932737,0.024180811836713,0.0,1.74853515625,True,True,True,True,True,True,True,True,True,True,False,True
wstate_3_Mutant_Replace_rz_P0_Q0_[4.71238898038469].qasm,Quratest_6,0.0,0.0,0.3975841687840757,0.5620541838967376,0.3869494151278891,0.5102028462654354,0.4520312508564938,0.5946166679784382,0.511912011955942,0.3320051268614378,0.00244140625,0.1708984375,True,True,True,True,True,True,True,True,True,True,True,False
wstate_3_Mutant_Replace_rz_P0_Q0_[4.71238898038469].qasm,PureState_7,0.0,0.0,0.2765189839532901,0.8195001150189042,0.2467398798358019,0.7160094105273268,0.2154822031355754,0.9028454070133553,0.8535533905932744,0.0284937211085884,0.0,1.74853515625,True,True,True,True,True,True,True,True,True,True,False,True
wstate_3_Mutant_Replace_rz_P0_Q0_[4.71238898038469].qasm,Quratest_7,0.0,0.0,0.3353560195533435,0.5260574430959356,0.3204697564199274,0.5051879242027926,0.3012796261275021,0.655486118683161,0.4559721017583366,0.2658335869595306,0.00048828125,1.07666015625,True,True,True,True,True,True,True,True,True,True,True,True
wstate_3_Mutant_Replace_p_P6_Q0_[0.0].qasm,PureState_0,0.0,0.0,0.2754888229020101,0.9717927546899368,0.27243508721447,0.8262251217199291,0.3535533905932738,0.9980129966590952,0.8535533905932733,0.0009935016811878,0.0,0.25146484375,True,True,True,True,True,True,True,True,True,True,False,False
wstate_3_Mutant_Replace_p_P6_Q0_[0.0].qasm,Quratest_0,0.0,0.0,0.2389650245068516,0.7603331562943559,0.2297216018293942,0.6895068167456884,0.1894083997221747,0.8663362274449685,0.8535533905932742,0.0556615728022895,0.005859375,0.9765625,True,True,True,True,True,True,True,True,True,True,True,True
wstate_3_Mutant_Replace_p_P6_Q0_[0.0].qasm,PureState_1,0.0,0.0,0.2695032362635048,0.9067348631234048,0.2410930271058562,0.7612635502904013,0.2154822031355754,0.9274616996071712,0.8535533905932733,0.0121063709459593,0.0,1.74853515625,True,True,True,True,True,True,True,True,True,True,False,True
wstate_3_Mutant_Replace_p_P6_Q0_[0.0].qasm,Quratest_1,0.0,0.0,0.2149203275499728,0.8589019940858094,0.2129701025970423,0.7410380065266672,0.2651161824207348,0.9071701017375248,0.8654068624567228,0.0136939976850336,0.01513671875,0.83740234375,True,True,True,True,True,True,True,True,True,True,True,True
wstate_3_Mutant_Replace_p_P6_Q0_[0.0].qasm,PureState_2,0.0,0.0,0.286551147642964,0.8030798089320683,0.2698967430282644,0.7038256342932356,0.2845177968644246,0.902845588753452,0.853553390593274,0.0324095422517845,0.0,1.74853515625,True,True,True,True,True,True,True,True,True,True,False,True
wstate_3_Mutant_Replace_p_P6_Q0_[0.0].qasm,Quratest_2,0.0,0.0,0.2713967805226883,0.6465006421780433,0.2684063615918955,0.6065055053357394,0.3502394169391768,0.7820693131824847,0.8535533905932731,0.1281128786446073,0.00732421875,1.05810546875,True,True,True,True,True,True,True,True,True,True,True,True
wstate_3_Mutant_Replace_p_P6_Q0_[0.0].qasm,PureState_3,0.0,0.0,0.2788806753140779,0.2637612403016643,0.2341698805505008,0.221277603142467,0.1464466094067262,0.100488742540394,0.8535533905932737,0.8995112574596078,0.0,0.25146484375,True,True,True,False,True,False,True,False,True,False,False,False
wstate_3_Mutant_Replace_p_P6_Q0_[0.0].qasm,Quratest_3,3.191753701693843e-271,0.0,0.1513673450993956,0.6795483765310846,0.1488240764584603,0.6234833462510027,0.1434186578205009,0.813634438719756,0.8757252860963666,0.0930863006601522,0.0068359375,0.96533203125,True,True,True,True,True,True,True,True,True,True,True,True
wstate_3_Mutant_Replace_p_P6_Q0_[0.0].qasm,PureState_4,0.0,0.0,0.262756788568538,0.9680867407744822,0.2601522170798324,0.8246074672237006,0.3535533905932738,0.9980129966590952,0.8535533905932733,0.0009935016811884,0.0,0.25146484375,True,True,True,True,True,True,True,True,True,True,False,False
wstate_3_Mutant_Replace_p_P6_Q0_[0.0].qasm,Quratest_4,0.0,0.0,0.2479050439376221,0.8112110624327686,0.2425825893417123,0.7219697794250398,0.250546004165852,0.8965680028569962,0.853553390593273,0.017871149204171,0.00537109375,0.626953125,True,True,True,True,True,True,True,True,True,True,True,True
wstate_3_Mutant_Replace_p_P6_Q0_[0.0].qasm,PureState_5,0.0,0.0,0.278199555043383,0.9727015739314164,0.2335883674361436,0.826572843434585,0.1464466094067262,0.9986886120122904,0.8535533905932733,0.0013113879877108,0.0,0.25146484375,True,True,True,True,True,True,True,True,True,True,False,False
wstate_3_Mutant_Replace_p_P6_Q0_[0.0].qasm,Quratest_5,0.0,0.0,0.2603637731865448,0.7232201467419335,0.2480247429019038,0.6712602116641829,0.2614187431132363,0.8831373799587904,0.8565059774281517,0.0425522257992887,0.0087890625,1.6396484375,True,True,True,True,True,True,True,True,True,True,True,True
wstate_3_Mutant_Replace_p_P6_Q0_[0.0].qasm,PureState_6,0.0,0.0,0.2782891126314226,0.8660750661061057,0.263007230252874,0.7421812427805182,0.2845177968644246,0.9274616996071712,0.8535533905932735,0.024180749646421,0.0,1.74853515625,True,True,True,True,True,True,True,True,True,True,False,True
wstate_3_Mutant_Replace_p_P6_Q0_[0.0].qasm,Quratest_6,0.0,0.0,0.1610316977624413,0.5611256148571541,0.1591309264398968,0.5105292842809905,0.1503255132950716,0.5946166785178886,0.8689776237326245,0.3320052867453968,0.00341796875,0.1708984375,True,True,True,True,True,True,True,True,True,True,True,False
wstate_3_Mutant_Replace_p_P6_Q0_[0.0].qasm,PureState_7,0.0,0.0,0.2781523127229613,0.8187882030702542,0.2486561794125419,0.7150956027407538,0.2154822031355754,0.902845588753452,0.8535533905932742,0.0284936899030742,0.0,1.74853515625,True,True,True,True,True,True,True,True,True,True,False,True
wstate_3_Mutant_Replace_p_P6_Q0_[0.0].qasm,Quratest_7,0.0,0.0,0.1604581392932222,0.514279883873168,0.1587669267718606,0.4948852777392327,0.1353694168896529,0.6554863214946844,0.8596825405449817,0.2658335583528052,0.00390625,1.07666015625,True,True,True,True,True,False,True,True,True,True,True,True
wstate_3_Mutant_Add_rzz_P3_Q2_[5.497787143782138].qasm,PureState_0,0.0,0.0,0.2228446244449409,0.9716594121027488,0.1865683461630712,0.8260932052863794,0.0976310729378175,0.9980129915338982,0.9023689270621826,0.000993504243787,0.0,0.25146484375,True,True,True,True,True,True,True,True,True,True,False,False
wstate_3_Mutant_Add_rzz_P3_Q2_[5.497787143782138].qasm,Quratest_0,0.0,0.0,0.2144657865941277,0.7653322466192328,0.2073588260261882,0.6901544349467116,0.1956598508595969,0.8663360299030688,0.8689845140785815,0.0556615844197421,0.01171875,0.9765625,True,True,True,True,True,True,True,True,True,True,True,True
wstate_3_Mutant_Add_rzz_P3_Q2_[5.497787143782138].qasm,PureState_1,3.4738342319658104e-112,0.0,0.0775832071407996,0.9103331916877296,0.0775347961017753,0.7646910459428762,0.0976310729378176,0.927461512453027,0.902368927062181,0.0121064024049652,0.0,1.74853515625,True,True,False,True,False,True,True,True,True,True,False,True
wstate_3_Mutant_Add_rzz_P3_Q2_[5.497787143782138].qasm,Quratest_1,0.0,0.0,0.1516289215288251,0.8575241108722145,0.135703226618203,0.7421074897044488,0.0999128377153662,0.9071699094654528,0.8541930646956133,0.0136940264082185,0.01123046875,0.83740234375,True,True,True,True,True,True,True,True,True,True,True,True
wstate_3_Mutant_Add_rzz_P3_Q2_[5.497787143782138].qasm,PureState_2,8.217565875685913e-120,0.0,0.080117189107674,0.7999279583063026,0.0800640333419724,0.7011126174507707,0.0976310729378175,0.902845407013356,0.9023689270621832,0.0324095992814965,0.0,1.74853515625,True,True,False,True,False,True,True,True,True,True,False,True
wstate_3_Mutant_Add_rzz_P3_Q2_[5.497787143782138].qasm,Quratest_2,0.0,0.0,0.2201201396818879,0.6390913038302846,0.2187957909732783,0.6013200760686362,0.2930704921074635,0.782069115640585,0.8535616804953322,0.128112961627695,0.009765625,1.05810546875,True,True,True,True,True,True,True,True,True,True,True,True
wstate_3_Mutant_Add_rzz_P3_Q2_[5.497787143782138].qasm,PureState_3,0.0,0.0,0.2246637540024257,0.2598656601894279,0.1880860416702353,0.2179612051757241,0.0976310729378176,0.1004889348199407,0.9023689270621824,0.8995110651800622,0.0,0.25146484375,True,True,True,False,True,False,True,False,True,False,False,False
wstate_3_Mutant_Add_rzz_P3_Q2_[5.497787143782138].qasm,Quratest_3,0.0,0.0,0.1466079864806339,0.6771765292593573,0.1456654541865336,0.6231261740883149,0.1574186787967398,0.8136342464402097,0.8549924932081815,0.0930861721864305,0.0068359375,0.96533203125,True,True,True,True,True,True,True,True,True,True,True,True
wstate_3_Mutant_Add_rzz_P3_Q2_[5.497787143782138].qasm,PureState_4,0.0,0.0,0.223313381748699,0.971976755881202,0.1869639378118192,0.8262489488353365,0.0976310729378175,0.9980129915338982,0.9023689270621824,0.000993504243787,0.0,0.25146484375,True,True,True,True,True,True,True,True,True,True,False,False
wstate_3_Mutant_Add_rzz_P3_Q2_[5.497787143782138].qasm,Quratest_4,0.0,0.0,0.0780137381065025,0.8124597286404218,0.0753941133539662,0.721443495503647,0.0482230721493712,0.8965678158472771,0.9219134015675828,0.0178711349928299,0.013671875,0.626953125,True,True,False,True,False,True,True,True,True,True,True,True
wstate_3_Mutant_Add_rzz_P3_Q2_[5.497787143782138].qasm,PureState_5,0.0,0.0,0.2183735932652967,0.9768184289060284,0.1827643329303102,0.8280229284264541,0.0976310729378176,0.9986886067424636,0.9023689270621827,0.0013113932575384,0.0,0.25146484375,True,True,True,True,True,True,True,True,True,True,False,False
wstate_3_Mutant_Add_rzz_P3_Q2_[5.497787143782138].qasm,Quratest_5,0.0,0.0,0.1782082566389777,0.7277478314009325,0.17516696051708,0.6750617728704325,0.1699248115054333,0.883137187679244,0.8581752157895858,0.0425521666188187,0.013671875,1.6396484375,True,True,True,True,True,True,True,True,True,True,True,True
wstate_3_Mutant_Add_rzz_P3_Q2_[5.497787143782138].qasm,PureState_6,8.88530103794623e-91,0.0,0.0702445605926483,0.8691257467886995,0.0702079146359571,0.7449269893108962,0.0976310729378175,0.927461512453027,0.9023689270621832,0.024180811836713,0.0,1.74853515625,True,True,False,True,False,True,True,True,True,True,False,True
wstate_3_Mutant_Add_rzz_P3_Q2_[5.497787143782138].qasm,Quratest_6,0.0,0.0,0.178299881097846,0.5684211595288007,0.1775940794237874,0.5129032437870017,0.248628122448152,0.5946166679784388,0.8597343379657888,0.3320051268614382,0.001953125,0.1708984375,True,True,True,True,True,True,True,True,True,True,True,False
wstate_3_Mutant_Add_rzz_P3_Q2_[5.497787143782138].qasm,PureState_7,6.579632055693263e-87,0.0,0.0685576748123553,0.8219721609003029,0.068524648346386,0.7179460506815231,0.0976310729378176,0.9028454070133558,0.9023689270621827,0.0284937211085884,0.0,1.74853515625,True,True,False,True,False,True,True,True,True,True,False,True
wstate_3_Mutant_Add_rzz_P3_Q2_[5.497787143782138].qasm,Quratest_7,0.0,0.0,0.1341377897975428,0.5153678511009839,0.132135256469411,0.4965318032851672,0.1166198913305242,0.6554861186831618,0.8541881869625926,0.265833586959531,0.02001953125,1.07666015625,True,True,False,True,True,False,True,True,True,True,True,True
wstate_3_Mutant_Remove_x_P2_Q2.qasm,PureState_0,0.0,0.0,1.0,0.969131819616544,0.8325546111576977,0.8251909911445422,1.0,0.998012991533897,8.510846121044957e-35,0.000993504243787,2.0,0.25146484375,True,True,True,True,True,True,True,True,True,True,True,False
wstate_3_Mutant_Remove_x_P2_Q2.qasm,Quratest_0,0.0,0.0,0.2151980662653178,0.7609805272050003,0.2141375395980232,0.6902243588651298,0.2846516189152277,0.86633602990307,0.8591266461331114,0.0556615844197418,0.4599609375,0.9765625,True,True,True,True,True,True,True,True,True,True,True,True
wstate_3_Mutant_Remove_x_P2_Q2.qasm,PureState_1,0.0,0.0,1.0,0.907345205339216,0.8325546111576977,0.7618453481431521,1.0,0.9274615124530264,6.665744152946338e-35,0.0121064024049652,2.0,1.74853515625,True,True,True,True,True,True,True,True,True,True,True,True
wstate_3_Mutant_Remove_x_P2_Q2.qasm,Quratest_1,0.0,0.0,0.3895911407755313,0.8587967435063398,0.3793832228518922,0.7431153648414534,0.4725645105614707,0.9071699094654542,0.3294116589669166,0.013694026408218,0.2255859375,0.83740234375,True,True,True,True,True,True,True,True,True,True,True,True
wstate_3_Mutant_Remove_x_P2_Q2.qasm,PureState_2,0.0,0.0,1.0,0.8007858482776787,0.8325546111576977,0.7018524859343791,1.0,0.9028454070133574,2.084105509204496e-67,0.0324095992814958,2.0,1.74853515625,True,True,True,True,True,True,True,True,True,True,True,True
wstate_3_Mutant_Remove_x_P2_Q2.qasm,Quratest_2,0.0,0.0,0.2381308150813544,0.6434345965616938,0.2366594757170543,0.6051238088683109,0.3027236311908877,0.7820691156405865,0.0076328219916505,0.1281129616276941,0.619140625,1.05810546875,True,True,True,True,True,True,True,True,True,True,True,True
wstate_3_Mutant_Remove_x_P2_Q2.qasm,PureState_3,0.0,0.0,1.0,0.2630473298522384,0.8325546111576977,0.2206696736267796,1.0,0.1004889348199416,4.049620453542437e-67,0.8995110651800601,2.0,0.25146484375,True,True,True,False,True,False,True,False,True,False,True,False
wstate_3_Mutant_Remove_x_P2_Q2.qasm,Quratest_3,0.0,0.0,0.1571618956229035,0.6761261487022436,0.1568327669784624,0.6201519865029258,0.2239513463204545,0.8136342464402108,0.9498457944812564,0.0930861721864303,0.46044921875,0.96533203125,True,True,True,True,True,True,True,True,True,True,True,True
wstate_3_Mutant_Remove_x_P2_Q2.qasm,PureState_4,0.0,0.0,1.0,0.9722529101898534,0.8325546111576977,0.8263996946789491,1.0,0.998012991533897,6.121746226382987e-34,0.000993504243787,2.0,0.25146484375,True,True,True,True,True,True,True,True,True,True,True,False
wstate_3_Mutant_Remove_x_P2_Q2.qasm,Quratest_4,0.0,0.0,0.5870948218080448,0.8116477582207995,0.5378915900549484,0.7216141113642544,0.5392532204266167,0.8965678158472787,0.078734133170809,0.0178711349928294,0.25341796875,0.626953125,True,True,True,True,True,True,True,True,True,True,True,True
wstate_3_Mutant_Remove_x_P2_Q2.qasm,PureState_5,0.0,0.0,1.0,0.9785568931486852,0.8325546111576978,0.8285881964479318,1.0,0.9986886067424624,2.0509290442280677e-79,0.0013113932575384,2.0,0.25146484375,True,True,True,True,True,True,True,True,True,True,True,False
wstate_3_Mutant_Remove_x_P2_Q2.qasm,Quratest_5,0.0,0.0,0.7394075995143865,0.7214680490542884,0.6943198151187069,0.6699733207965188,0.8946089491929039,0.8831371876792452,0.199674828023967,0.0425521666188176,1.78662109375,1.6396484375,True,True,True,True,True,True,True,True,True,True,True,True
wstate_3_Mutant_Remove_x_P2_Q2.qasm,PureState_6,0.0,0.0,1.0,0.8688904612973631,0.8325546111576978,0.7474694639584154,1.0,0.9274615124530264,3.454293105719878e-49,0.0241808118367131,2.0,1.74853515625,True,True,True,True,True,True,True,True,True,True,True,True
wstate_3_Mutant_Remove_x_P2_Q2.qasm,Quratest_6,0.0,0.0,0.7831975755120305,0.5715741918488327,0.7270657521863172,0.5151734090387188,0.9221952708390916,0.5946166679784382,0.1361848071730771,0.3320051268614383,1.845703125,0.1708984375,True,True,True,True,True,True,True,True,True,True,True,False
wstate_3_Mutant_Remove_x_P2_Q2.qasm,PureState_7,0.0,0.0,1.0,0.8186299060180019,0.8325546111576977,0.7150616052944768,1.0,0.9028454070133576,6.58771925244569e-35,0.028493721108587,2.0,1.74853515625,True,True,True,True,True,True,True,True,True,True,True,True
wstate_3_Mutant_Remove_x_P2_Q2.qasm,Quratest_7,0.0,0.0,0.381139709012249,0.5200139820745991,0.3691293836697748,0.4995972314783205,0.4394011968485879,0.655486118683161,0.5125068918937765,0.2658335869595311,0.61669921875,1.07666015625,True,True,True,True,True,False,True,True,True,True,True,True
wstate_3_Mutant_Remove_ry_P0_Q0.qasm,PureState_0,0.0,0.0,0.2714740989300339,0.9727994968455256,0.2685927519745041,0.8265851647896084,0.3535533905932738,0.9980129915338972,0.8535533905932737,0.000993504243787,0.0,0.25146484375,True,True,True,True,True,True,True,True,True,True,False,False
wstate_3_Mutant_Remove_ry_P0_Q0.qasm,Quratest_0,0.0,0.0,0.2351382732858908,0.7618459597000788,0.2335699139639921,0.6906908475155774,0.2794071791165849,0.8663360299030679,0.8535533905932744,0.055661584419742,0.00732421875,0.9765625,True,True,True,True,True,True,True,True,True,True,True,True
wstate_3_Mutant_Remove_ry_P0_Q0.qasm,PureState_1,0.0,0.0,0.2723911541237079,0.9096478438439646,0.2422119586336375,0.7640413975537214,0.2154822031355753,0.9274615124530264,0.8535533905932735,0.0121064024049652,0.0,1.74853515625,True,True,True,True,True,True,True,True,True,True,False,True
wstate_3_Mutant_Remove_ry_P0_Q0.qasm,Quratest_1,0.0,0.0,0.2121575506243285,0.8597115875164195,0.2100933438259803,0.7415135103186642,0.2583378775658972,0.9071699094654516,0.8579631727296964,0.0136940264082185,0.01318359375,0.83740234375,True,True,True,True,True,True,True,True,True,True,True,True
wstate_3_Mutant_Remove_ry_P0_Q0.qasm,PureState_2,0.0,0.0,0.2769878030945952,0.8024463531571573,0.2609375201833004,0.7032694225654338,0.2845177968644247,0.9028454070133554,0.853553390593273,0.0324095992814965,0.0,1.74853515625,True,True,True,True,True,True,True,True,True,True,False,True
wstate_3_Mutant_Remove_ry_P0_Q0.qasm,Quratest_2,0.0,0.0,0.2554367132691387,0.6412934632877408,0.2376191409016856,0.6029909515741235,0.203119216355827,0.7820691156405841,0.8535533905932731,0.1281129616276949,0.0126953125,1.05810546875,True,True,True,True,True,True,True,True,True,True,True,True
wstate_3_Mutant_Remove_ry_P0_Q0.qasm,PureState_3,0.0,0.0,0.2760497882801582,0.2701142447444355,0.2317534376616592,0.2266907154829424,0.1464466094067262,0.1004889348199414,0.8535533905932737,0.8995110651800601,0.0,0.25146484375,True,True,True,False,True,False,True,False,True,False,False,False
wstate_3_Mutant_Remove_ry_P0_Q0.qasm,Quratest_3,0.0,0.0,0.1689070745193127,0.6825763759806501,0.1661178428476844,0.6261281695136504,0.185911401577407,0.8136342464402087,0.8535541096040735,0.0930861721864304,0.0107421875,0.96533203125,True,True,True,True,True,True,True,True,True,True,True,True
wstate_3_Mutant_Remove_ry_P0_Q0.qasm,PureState_4,0.0,0.0,0.2714244805611185,0.9692003065676232,0.2684649159788156,0.8252007108790163,0.3535533905932738,0.9980129915338972,0.8535533905932731,0.000993504243787,0.0,0.25146484375,True,True,True,True,True,True,True,True,True,True,False,False
wstate_3_Mutant_Remove_ry_P0_Q0.qasm,Quratest_4,0.0,0.0,0.280264539355241,0.8122767674659512,0.2714857770666335,0.722168091157752,0.2893401482794929,0.8965678158472766,0.8535533905932723,0.0178711349928299,0.013671875,0.626953125,True,True,True,True,True,True,True,True,True,True,True,True
wstate_3_Mutant_Remove_ry_P0_Q0.qasm,PureState_5,0.0,0.0,0.2691143065234206,0.9741713426620968,0.2258383260538693,0.8271079585148301,0.1464466094067262,0.9986886067424624,0.8535533905932733,0.0013113932575384,0.0,0.25146484375,True,True,True,True,True,True,True,True,True,True,False,False
wstate_3_Mutant_Remove_ry_P0_Q0.qasm,Quratest_5,0.0,0.0,0.2197201589999029,0.7341082963087535,0.2137737848222074,0.6804083403365704,0.2153247643492546,0.883137187679243,0.8591490953945358,0.0425521666188187,0.00390625,1.6396484375,True,True,True,True,True,True,True,True,True,True,True,True
wstate_3_Mutant_Remove_ry_P0_Q0.qasm,PureState_6,0.0,0.0,0.2785209936429588,0.8640587222787777,0.2624072769817585,0.7441157841004665,0.2845177968644247,0.9274615124530264,0.8535533905932735,0.024180811836713,0.0,1.74853515625,True,True,True,True,True,True,True,True,True,True,False,True
wstate_3_Mutant_Remove_ry_P0_Q0.qasm,Quratest_6,0.0,0.0,0.1780066211601294,0.5592725825619326,0.1761147352013825,0.5088672633584749,0.2038894805206557,0.5946166679784382,0.9228165725777906,0.3320051268614378,0.00146484375,0.1708984375,True,True,True,True,True,True,True,True,True,True,True,False
wstate_3_Mutant_Remove_ry_P0_Q0.qasm,PureState_7,0.0,0.0,0.2761643011157126,0.8193120280999088,0.2462662830766733,0.7157278735855842,0.2154822031355753,0.9028454070133553,0.8535533905932742,0.0284937211085884,0.0,1.74853515625,True,True,True,True,True,True,True,True,True,True,False,True
wstate_3_Mutant_Remove_ry_P0_Q0.qasm,Quratest_7,4.2202926012782862e-224,0.0,0.1096431949704084,0.5191731294402081,0.1087013031202029,0.4998364092541187,0.0698660823270429,0.655486118683161,0.8537751361915356,0.2658335869595306,0.001953125,1.07666015625,True,True,False,True,False,False,True,True,True,True,True,True
wstate_3_Mutant_Add_cz_P5_Q1_[].qasm,PureState_0,0.0,0.0,0.5395624672474065,0.9785875284742188,0.4630230746887291,0.8285912553715976,0.5000000000000001,0.9980129915338944,0.4999999999999999,0.0009935042437886,0.0,0.25146484375,True,True,True,True,True,True,True,True,True,True,False,False
wstate_3_Mutant_Add_cz_P5_Q1_[].qasm,Quratest_0,0.0,0.0,0.1260080787586816,0.7645050474985955,0.1230223577065188,0.6888956252838261,0.0672310207266511,0.866336029903028,0.2025028315449942,0.0556615850292656,0.0,0.9765625,True,True,False,True,True,True,True,True,True,True,False,True
wstate_3_Mutant_Add_cz_P5_Q1_[].qasm,PureState_1,0.0,0.0,0.3076461332605417,0.9034030985670358,0.2639647816936592,0.7646909344625894,0.1666666666666666,0.9274615124530298,0.1857303194726453,0.0121064024060086,0.0,1.74853515625,True,True,True,True,True,True,True,True,True,True,False,True
wstate_3_Mutant_Add_cz_P5_Q1_[].qasm,Quratest_1,0.0,0.0,0.2607079413169001,0.8582082930381004,0.2530404656538402,0.742665406480392,0.2363842277889033,0.907169909465412,0.3951864773487117,0.0136940263679143,0.0,0.83740234375,True,True,True,True,True,True,True,True,True,True,False,True
wstate_3_Mutant_Add_cz_P5_Q1_[].qasm,PureState_2,0.0,0.0,0.446198922476223,0.8008403840802253,0.3825582582356844,0.7019550370560964,0.3333333333333333,0.9028454070133194,0.647603013860688,0.0324095992618839,0.0,1.74853515625,True,True,True,True,True,True,True,True,True,True,False,True
wstate_3_Mutant_Add_cz_P5_Q1_[].qasm,Quratest_2,0.0,0.0,0.3049928046163259,0.6375211013894441,0.2964150259759877,0.5982942860161902,0.2297633674211457,0.7820691156405444,0.4793135259077808,0.1281129604078109,0.0,1.05810546875,True,True,True,True,True,True,True,True,True,True,False,True
wstate_3_Mutant_Add_cz_P5_Q1_[].qasm,PureState_3,,0.0,0.0,0.2568588049749329,0.0,0.2154028591734936,0.0,0.10048893481998,1.0,0.8995110651800211,0.0,0.25146484375,False,True,False,False,False,False,False,False,False,False,False,False
wstate_3_Mutant_Add_cz_P5_Q1_[].qasm,Quratest_3,0.0,0.0,0.1796472416818261,0.678323409970011,0.174441417575015,0.6253954071927947,0.1456715488583598,0.8136342464401698,0.0001725255558825,0.0930861719183231,0.0,0.96533203125,True,True,True,True,True,True,True,True,True,True,False,True
wstate_3_Mutant_Add_cz_P5_Q1_[].qasm,PureState_4,0.0,0.0,0.5356380686244371,0.9719974692824094,0.4594739983291884,0.8257890516409869,0.5000000000000001,0.9980129915338944,0.5000000000000001,0.0009935042437886,0.0,0.25146484375,True,True,True,True,True,True,True,True,True,True,False,False
wstate_3_Mutant_Add_cz_P5_Q1_[].qasm,Quratest_4,0.0,0.0,0.3293124913352329,0.818463285240052,0.3094955407587005,0.7253124445331224,0.2810412621452944,0.8965678158472374,0.7931587181870047,0.0178711346636853,0.0,0.626953125,True,True,True,True,True,True,True,True,True,True,False,True
wstate_3_Mutant_Add_cz_P5_Q1_[].qasm,PureState_5,,0.0,0.0,0.9741713426620968,0.0,0.8271079585148301,0.0,0.9986886067424632,1.0,0.0013113932575384,0.0,0.25146484375,False,True,False,True,False,True,False,True,False,True,False,False
wstate_3_Mutant_Add_cz_P5_Q1_[].qasm,Quratest_5,0.0,0.0,0.3140105046564334,0.7308634907107184,0.3044737208449735,0.6775770043722962,0.2670415700159308,0.8831371876792041,0.1033646771675705,0.0425521665932221,0.0,1.6396484375,True,True,True,True,True,True,True,True,True,True,False,True
wstate_3_Mutant_Add_cz_P5_Q1_[].qasm,PureState_6,0.0,0.0,0.4474056265322195,0.8666838257326607,0.3843269868590081,0.7464974791471821,0.3333333333333333,0.9274615124530295,0.0190636528059789,0.0241808118356681,0.0,1.74853515625,True,True,True,True,True,True,True,True,True,True,False,True
wstate_3_Mutant_Add_cz_P5_Q1_[].qasm,Quratest_6,0.0,0.0,0.3139843229266094,0.5674542642537385,0.3061970317355503,0.5129668289583954,0.2668318380838644,0.594616667978435,0.4070497488739126,0.3320051272751007,0.0,0.1708984375,True,True,True,True,True,True,True,True,True,True,False,False
wstate_3_Mutant_Add_cz_P5_Q1_[].qasm,PureState_7,0.0,0.0,0.3159035454323509,0.8192789651059346,0.2710676560774731,0.7157271115436996,0.1666666666666666,0.9028454070133196,0.8142696805273559,0.0284937211282383,0.0,1.74853515625,True,True,True,True,True,True,True,True,True,True,False,True
wstate_3_Mutant_Add_cz_P5_Q1_[].qasm,Quratest_7,0.0,0.0,0.2842509945530879,0.5204906697537813,0.2732105975421702,0.5006769653037192,0.2339717486543827,0.65548611868316,0.0458731806064197,0.2658335867421686,0.0,1.07666015625,True,True,True,True,True,True,True,True,True,True,False,True
wstate_3_Mutant_Replace_rx_P0_Q0_[4.71238898038469].qasm,PureState_0,0.4353851361376113,0.0,0.0027577233582256,0.969336056395607,0.0027577216105104,0.8252197846057902,5.551115123125783e-17,0.9980129915338972,0.5000000000000001,0.000993504243787,0.0,0.25146484375,False,True,False,True,False,True,False,True,True,True,False,False
wstate_3_Mutant_Replace_rx_P0_Q0_[4.71238898038469].qasm,Quratest_0,0.0,0.0,0.3439653144477073,0.7630347839872695,0.3388522599519644,0.6909802866447096,0.4200635207971673,0.8663360299030679,0.651649747650433,0.0556615844197421,0.005859375,0.9765625,True,True,True,True,True,True,True,True,True,True,True,True
wstate_3_Mutant_Replace_rx_P0_Q0_[4.71238898038469].qasm,PureState_1,0.0,0.0,0.4446268959477421,0.9000751771318074,0.3822843794269573,0.7615413485521335,0.3333333333333333,0.9274615124530264,0.4999999999999999,0.0121064024049652,0.0,1.74853515625,True,True,True,True,True,True,True,True,True,True,False,True
wstate_3_Mutant_Replace_rx_P0_Q0_[4.71238898038469].qasm,Quratest_1,0.0,0.0,0.3153307259713702,0.8538548175420125,0.2944094180472457,0.7401903856821577,0.3051968254246369,0.9071699094654516,0.5221589177903952,0.0136940264082185,0.017578125,0.83740234375,True,True,True,True,True,True,True,True,True,True,True,True
wstate_3_Mutant_Replace_rx_P0_Q0_[4.71238898038469].qasm,PureState_2,0.0,0.0,0.3096127951163169,0.8071904286558611,0.2650751453186989,0.7075782456501762,0.1666666666666667,0.9028454070133554,0.4999999999999999,0.0324095992814965,0.0,1.74853515625,True,True,True,True,True,True,True,True,True,True,False,True
wstate_3_Mutant_Replace_rx_P0_Q0_[4.71238898038469].qasm,Quratest_2,2.352786462775702e-261,0.0,0.1080628136924379,0.6346747305857695,0.107688569161241,0.597839490354469,0.1237613915444866,0.7820691156405841,0.8332536661223215,0.1281129616276949,0.00439453125,1.05810546875,True,True,False,True,False,True,True,True,True,True,True,True
wstate_3_Mutant_Replace_rx_P0_Q0_[4.71238898038469].qasm,PureState_3,0.0,0.0,0.536815954436639,0.2649812797798619,0.4605388995858089,0.2223166943706277,0.5,0.1004889348199414,0.5000000000000006,0.8995110651800601,0.0,0.25146484375,True,True,True,False,True,False,True,False,True,False,False,False
wstate_3_Mutant_Replace_rx_P0_Q0_[4.71238898038469].qasm,Quratest_3,0.0,0.0,0.3158844046584642,0.675046138865204,0.3098785320826739,0.622818790746892,0.3612660394153196,0.8136342464402089,0.4286002997714486,0.0930861721864304,0.013671875,0.96533203125,True,True,True,True,True,True,True,True,True,True,True,True
wstate_3_Mutant_Replace_rx_P0_Q0_[4.71238898038469].qasm,PureState_4,0.9044694089334044,0.0,0.0004243211543757,0.9667325075305668,0.0004243211479712,0.8241941277898926,5.551115123125783e-17,0.9980129915338972,0.5000000000000001,0.000993504243787,0.0,0.25146484375,False,True,False,True,False,True,False,True,True,True,False,False
wstate_3_Mutant_Replace_rx_P0_Q0_[4.71238898038469].qasm,Quratest_4,0.0,0.0,0.241915207909513,0.8139427140290736,0.2248425543151349,0.7234307060965183,0.1555912663511758,0.8965678158472766,0.4371485282668604,0.0178711349928299,0.0087890625,0.626953125,True,True,True,True,True,True,True,True,True,True,True,True
wstate_3_Mutant_Replace_rx_P0_Q0_[4.71238898038469].qasm,PureState_5,0.0,0.0,0.5422411790071723,0.9779626836258084,0.4654474177808284,0.8283982570646904,0.5,0.9986886067424624,0.4999999999999996,0.0013113932575384,0.0,0.25146484375,True,True,True,True,True,True,True,True,True,True,False,False
wstate_3_Mutant_Replace_rx_P0_Q0_[4.71238898038469].qasm,Quratest_5,0.0,0.0,0.3442591211710692,0.7298325197897462,0.3155820373334403,0.6769361267584676,0.3275649999990497,0.883137187679243,0.4284808270456063,0.0425521666188186,0.00341796875,1.6396484375,True,True,True,True,True,True,True,True,True,True,True,True
wstate_3_Mutant_Replace_rx_P0_Q0_[4.71238898038469].qasm,PureState_6,0.0,0.0,0.3091442284389156,0.8626331869996601,0.2655775937827548,0.7440938891046799,0.1666666666666667,0.9274615124530264,0.5000000000000003,0.024180811836713,0.0,1.74853515625,True,True,True,True,True,True,True,True,True,True,False,True
wstate_3_Mutant_Replace_rx_P0_Q0_[4.71238898038469].qasm,Quratest_6,2.461351581540254e-74,0.0,0.0767275557142593,0.5641001638563572,0.0758352313582837,0.5117615641812225,0.0616481142427537,0.5946166679784378,0.6794540836351959,0.3320051268614375,0.0029296875,0.1708984375,True,True,False,True,False,True,True,True,True,True,True,False
wstate_3_Mutant_Replace_rx_P0_Q0_[4.71238898038469].qasm,PureState_7,0.0,0.0,0.4435678014734312,0.8205814120992218,0.3812964971678652,0.7167395885496559,0.3333333333333333,0.9028454070133553,0.5000000000000007,0.0284937211085884,0.0,1.74853515625,True,True,True,True,True,True,True,True,True,True,False,True
wstate_3_Mutant_Replace_rx_P0_Q0_[4.71238898038469].qasm,Quratest_7,2.305453606672884e-286,0.0,0.1057233802712168,0.5184783643547194,0.1048975656600921,0.4984966477237939,0.0850555401975716,0.6554861186831612,0.727555070196102,0.2658335869595307,0.01220703125,1.07666015625,True,True,False,True,False,False,True,True,True,True,True,True
