Name,Input,Ideal_output_distribution,Ideal_density_matrix,Noisy_output_distribution,Noisy_density_matrix
data/selected_mutant_qc/mutants_qftentangled_5/qftentangled_5_Mutant_Add_z_P0_Q4_[].qasm,PureState_0,"{'00010': 1, '11011': 4, '10010': 67, '11111': 28, '01101': 20, '11010': 19, '00001': 26, '00011': 51, '11000': 32, '10001': 35, '01000': 33, '01110': 60, '10011': 10, '01111': 39, '00000': 59, '00111': 58, '10100': 12, '11101': 37, '00110': 19, '10110': 43, '11001': 72, '11110': 5, '00101': 4, '10101': 58, '01010': 45, '11100': 62, '01011': 56, '01100': 9, '00100': 60}","DensityMatrix([[ 0.0625    +0.j        ,  0.03945866+0.00388634j,
                -0.01195886-0.00237876j, ..., -0.05274663+0.01600051j,
                -0.01195886+0.00237876j,  0.03945866-0.00388634j],
               [ 0.03945866-0.00388634j,  0.02515343+0.j        ,
                -0.007698  -0.00075819j, ..., -0.03230604+0.0133816j ,
                -0.00740217+0.00224542j,  0.02467011-0.00490719j],
               [-0.01195886+0.00237876j, -0.007698  +0.00075819j,
                 0.00237876+0.j        , ...,  0.00948365-0.00506911j,
                 0.00219769-0.00091031j, -0.00740217+0.00224542j],
               ...,
               [-0.05274663-0.01600051j, -0.03230604-0.0133816j ,
                 0.00948365+0.00506911j, ...,  0.04861157+0.j        ,
                 0.01070161+0.00105402j, -0.03429591-0.00682188j],
               [-0.01195886-0.00237876j, -0.00740217-0.00224542j,
                 0.00219769+0.00091031j, ...,  0.01070161-0.00105402j,
                 0.00237876+0.j        , -0.007698  -0.00075819j],
               [ 0.03945866+0.00388634j,  0.02467011+0.00490719j,
                -0.00740217-0.00224542j, ..., -0.03429591+0.00682188j,
                -0.007698  +0.00075819j,  0.02515343+0.j        ]],
              dims=(2, 2, 2, 2, 2))","{'01001': 9, '11110': 3, '10001': 47, '11011': 9, '10010': 64, '11000': 28, '10011': 21, '01110': 50, '00000': 48, '01100': 15, '00100': 54, '10100': 12, '00111': 63, '01000': 27, '11111': 27, '11101': 38, '00110': 19, '10110': 43, '01010': 40, '11100': 65, '01011': 57, '10000': 6, '11001': 61, '00101': 4, '10101': 64, '00010': 11, '01111': 33, '10111': 4, '01101': 17, '00011': 36, '11010': 20, '00001': 29}","DensityMatrix([[ 0.05868904+1.38263394e-17j,  0.0360635 +3.58064115e-03j,
                -0.01115263-2.32509184e-03j, ...,
                -0.04713332+1.42351323e-02j, -0.01080993+2.22413065e-03j,
                 0.03490947-3.42287356e-03j],
               [ 0.0360635 -3.58064115e-03j,  0.02594194-2.16870919e-19j,
                -0.00579302-5.47446879e-04j, ...,
                -0.03001313+1.24612651e-02j, -0.00694237+2.15658098e-03j,
                 0.02138074-4.21485154e-03j],
               [-0.01115263+2.32509184e-03j, -0.00579302+5.47446879e-04j,
                 0.00577908+6.93860024e-18j, ...,
                 0.00845098-4.53374177e-03j,  0.00066492-2.50054328e-04j,
                -0.00725248+2.25897239e-03j],
               ...,
               [-0.04713332-1.42351323e-02j, -0.03001313-1.24612651e-02j,
                 0.00845098+4.53374177e-03j, ...,
                 0.04678186+2.70856679e-20j,  0.01044535+9.97517123e-04j,
                -0.03079233-6.11127111e-03j],
               [-0.01080993-2.22413065e-03j, -0.00694237-2.15658098e-03j,
                 0.00066492+2.50054328e-04j, ...,
                 0.01044535-9.97517123e-04j,  0.00552334+5.21246851e-18j,
                -0.0055209 -5.01835326e-04j],
               [ 0.03490947+3.42287356e-03j,  0.02138074+4.21485154e-03j,
                -0.00725248-2.25897239e-03j, ...,
                -0.03079233+6.11127111e-03j, -0.0055209 +5.01835326e-04j,
                 0.0258653 +1.36966412e-20j]],
              dims=(2, 2, 2, 2, 2))"
data/selected_mutant_qc/mutants_qftentangled_5/qftentangled_5_Mutant_Add_z_P0_Q4_[].qasm,PureState_1,"{'01100': 14, '11001': 20, '11011': 17, '00011': 9, '11000': 34, '00111': 27, '10100': 19, '10011': 60, '01110': 3, '10111': 35, '01101': 61, '01111': 61, '00000': 59, '01001': 40, '11101': 4, '00110': 45, '10110': 25, '10101': 50, '00101': 16, '01010': 18, '11100': 53, '10001': 68, '01000': 25, '00010': 51, '10010': 4, '11010': 41, '01011': 53, '11110': 52, '00100': 60}","DensityMatrix([[ 0.0625    +0.j        , -0.00609657-0.00060046j,
                -0.06012124-0.01195886j, ...,  0.01736157-0.00526657j,
                -0.06012124+0.01195886j, -0.00609657+0.00060046j],
               [-0.00609657+0.00060046j,  0.00060046+0.j        ,
                 0.00597943+0.00058892j, ..., -0.00164294+0.00068053j,
                 0.00574964-0.00174413j,  0.00058892-0.00011714j],
               [-0.06012124+0.01195886j,  0.00597943-0.00058892j,
                 0.06012124+0.j        , ..., -0.01569307+0.00838812j,
                 0.05554478-0.0230074j ,  0.00574964-0.00174413j],
               ...,
               [ 0.01736157+0.00526657j, -0.00164294-0.00068053j,
                -0.01569307-0.00838812j, ...,  0.00526657+0.j        ,
                -0.0177085 -0.00174413j, -0.00174413-0.00034693j],
               [-0.06012124-0.01195886j,  0.00574964+0.00174413j,
                 0.05554478+0.0230074j , ..., -0.0177085 +0.00174413j,
                 0.06012124+0.j        ,  0.00597943+0.00058892j],
               [-0.00609657-0.00060046j,  0.00058892+0.00011714j,
                 0.00574964+0.00174413j, ..., -0.00174413+0.00034693j,
                 0.00597943-0.00058892j,  0.00060046+0.j        ]],
              dims=(2, 2, 2, 2, 2))","{'11111': 2, '10010': 7, '00111': 21, '10100': 25, '00000': 59, '10101': 38, '00101': 20, '11000': 33, '11010': 35, '00001': 6, '00011': 8, '01000': 30, '10001': 53, '10000': 9, '11001': 20, '11011': 23, '01001': 38, '01011': 53, '11110': 59, '01010': 19, '01101': 31, '10111': 46, '11100': 50, '10110': 24, '11101': 11, '00110': 34, '01100': 21, '00100': 60, '01110': 9, '10011': 62, '01111': 62, '00010': 56}","DensityMatrix([[ 0.05875697+5.00608379e-18j, -0.00582286-6.05104202e-04j,
                -0.05478037-1.08979771e-02j, ...,
                 0.01571383-4.96638191e-03j, -0.05367723+1.06170763e-02j,
                -0.00561172+6.20044173e-04j],
               [-0.00582286+6.05104202e-04j,  0.00408963-3.37438687e-18j,
                 0.00505735+4.55009478e-04j, ...,
                -0.00026839+1.87396233e-04j,  0.00524293-1.79370386e-03j,
                -0.00030564+7.39644335e-05j],
               [-0.05478037+1.08979771e-02j,  0.00505735-4.55009478e-04j,
                 0.05692529-1.93757920e-21j, ...,
                -0.01403567+7.59946312e-03j,  0.05037513-2.08016924e-02j,
                 0.0056169 -1.78273486e-03j],
               ...,
               [ 0.01571383+4.96638191e-03j, -0.00026839-1.87396233e-04j,
                -0.01403567-7.59946312e-03j, ...,
                 0.00809377-3.36518863e-18j, -0.01586477-1.55043855e-03j,
                -0.00335942-7.07658249e-04j],
               [-0.05367723-1.06170763e-02j,  0.00524293+1.79370386e-03j,
                 0.05037513+2.08016924e-02j, ...,
                -0.01586477+1.55043855e-03j,  0.05690936-1.29796645e-17j,
                 0.00515704+4.64787793e-04j],
               [-0.00561172-6.20044173e-04j, -0.00030564-7.39644335e-05j,
                 0.0056169 +1.78273486e-03j, ...,
                -0.00335942+7.07658249e-04j,  0.00515704-4.64787793e-04j,
                 0.00399115-4.33763000e-18j]],
              dims=(2, 2, 2, 2, 2))"
data/selected_mutant_qc/mutants_qftentangled_5/qftentangled_5_Mutant_Add_z_P0_Q4_[].qasm,PureState_2,"{'00010': 2, '11110': 3, '10001': 31, '00101': 5, '10101': 46, '01000': 34, '00000': 70, '11011': 7, '01111': 39, '01101': 14, '11001': 80, '00110': 28, '11101': 53, '11000': 28, '01011': 68, '00001': 26, '11010': 17, '10100': 16, '00111': 55, '00011': 48, '01010': 41, '11100': 58, '10010': 64, '01100': 3, '00100': 55, '11111': 25, '10110': 44, '10011': 12, '01110': 52}","DensityMatrix([[ 0.0625    +0.j        , -0.03945866-0.00388634j,
                -0.01195886-0.00237876j, ...,  0.05274663-0.01600051j,
                -0.01195886+0.00237876j, -0.03945866+0.00388634j],
               [-0.03945866+0.00388634j,  0.02515343+0.j        ,
                 0.007698  +0.00075819j, ..., -0.03230604+0.0133816j ,
                 0.00740217-0.00224542j,  0.02467011-0.00490719j],
               [-0.01195886+0.00237876j,  0.007698  -0.00075819j,
                 0.00237876+0.j        , ..., -0.00948365+0.00506911j,
                 0.00219769-0.00091031j,  0.00740217-0.00224542j],
               ...,
               [ 0.05274663+0.01600051j, -0.03230604-0.0133816j ,
                -0.00948365-0.00506911j, ...,  0.04861157+0.j        ,
                -0.01070161-0.00105402j, -0.03429591-0.00682188j],
               [-0.01195886-0.00237876j,  0.00740217+0.00224542j,
                 0.00219769+0.00091031j, ..., -0.01070161+0.00105402j,
                 0.00237876+0.j        ,  0.007698  +0.00075819j],
               [-0.03945866-0.00388634j,  0.02467011+0.00490719j,
                 0.00740217+0.00224542j, ..., -0.03429591+0.00682188j,
                 0.007698  -0.00075819j,  0.02515343+0.j        ]],
              dims=(2, 2, 2, 2, 2))","{'01001': 5, '01100': 6, '00010': 11, '01111': 42, '11110': 8, '00111': 45, '10100': 10, '10010': 57, '11011': 11, '10011': 20, '01110': 50, '01000': 23, '10001': 30, '10000': 4, '11001': 52, '00100': 58, '01010': 46, '11100': 48, '00000': 60, '10111': 6, '01101': 16, '00011': 47, '11010': 22, '00001': 25, '11101': 47, '00110': 24, '10110': 46, '11111': 38, '11000': 39, '01011': 59, '00101': 5, '10101': 64}","DensityMatrix([[ 0.05868904-1.23219321e-17j, -0.0360275 -3.54481969e-03j,
                -0.01115446-2.31594271e-03j, ...,
                 0.04709009-1.42274025e-02j, -0.01080556+2.21501824e-03j,
                -0.03489104+3.35787168e-03j],
               [-0.0360275 +3.54481969e-03j,  0.02594194+1.84436760e-18j,
                 0.00578262+5.92708976e-04j, ...,
                -0.0300139 +1.24657878e-02j,  0.00692028-2.18350906e-03j,
                 0.02138481-4.22542926e-03j],
               [-0.01115446+2.31594271e-03j,  0.00578262-5.92708976e-04j,
                 0.00577908+6.07509828e-18j, ...,
                -0.00841444+4.57365758e-03j,  0.0006641 -2.45803981e-04j,
                 0.00723701-2.27977966e-03j],
               ...,
               [ 0.04709009+1.42274025e-02j, -0.0300139 -1.24657878e-02j,
                -0.00841444-4.57365758e-03j, ...,
                 0.04678186-1.39109855e-17j, -0.01043861-9.42547466e-04j,
                -0.03079416-6.10210668e-03j],
               [-0.01080556-2.21501824e-03j,  0.00692028+2.18350906e-03j,
                 0.0006641 +2.45803981e-04j, ...,
                -0.01043861+9.42547466e-04j,  0.00552334+3.89905556e-18j,
                 0.00550904+5.53731067e-04j],
               [-0.03489104-3.35787168e-03j,  0.02138481+4.22542926e-03j,
                 0.00723701+2.27977966e-03j, ...,
                -0.03079416+6.10210668e-03j,  0.00550904-5.53731067e-04j,
                 0.0258653 +5.74073282e-18j]],
              dims=(2, 2, 2, 2, 2))"
data/selected_mutant_qc/mutants_qftentangled_5/qftentangled_5_Mutant_Add_z_P0_Q4_[].qasm,PureState_3,"{'01111': 49, '01100': 6, '01110': 19, '00010': 46, '01000': 29, '10001': 40, '01011': 30, '11110': 49, '10100': 6, '00111': 7, '00110': 1, '11101': 62, '10000': 64, '11001': 4, '11000': 36, '11011': 34, '01001': 52, '11111': 14, '10110': 68, '00100': 53, '00101': 25, '10101': 39, '11010': 5, '00001': 11, '00011': 69, '10111': 69, '01010': 54, '11100': 58, '10010': 25}","DensityMatrix([[ 5.19052511e-33+0.00000000e+00j,
                 6.02729770e-18-5.97996055e-18j,
                 1.16138681e-17-9.45487842e-18j, ...,
                -6.92467828e-18+1.65329957e-17j,
                -7.11158972e-18+1.31796036e-17j,
                -4.74485244e-18+7.04092473e-18j],
               [ 6.02729770e-18+5.97996055e-18j,
                 1.38884302e-02+0.00000000e+00j,
                 2.43790441e-02+2.40112627e-03j, ...,
                -2.70885424e-02+1.12204417e-02j,
                -2.34421711e-02+7.11110486e-03j,
                -1.36215679e-02+2.70949832e-03j],
               [ 1.16138681e-17+9.45487842e-18j,
                 2.43790441e-02-2.40112627e-03j,
                 4.32088573e-02+0.00000000e+00j, ...,
                -4.56099835e-02+2.43790441e-02j,
                -3.99197788e-02+1.65353138e-02j,
                -2.34421711e-02+7.11110486e-03j],
               ...,
               [-6.92467828e-18-1.65329957e-17j,
                -2.70885424e-02-1.12204417e-02j,
                -4.56099835e-02-2.43790441e-02j, ...,
                 6.18995400e-02+0.00000000e+00j,
                 5.14675865e-02+5.06911483e-03j,
                 2.87570433e-02+5.72013155e-03j],
               [-7.11158972e-18-1.31796036e-17j,
                -2.34421711e-02-7.11110486e-03j,
                -3.99197788e-02-1.65353138e-02j, ...,
                 5.14675865e-02-5.06911483e-03j,
                 4.32088573e-02+0.00000000e+00j,
                 2.43790441e-02+2.40112627e-03j],
               [-4.74485244e-18-7.04092473e-18j,
                -1.36215679e-02-2.70949832e-03j,
                -2.34421711e-02-7.11110486e-03j, ...,
                 2.87570433e-02-5.72013155e-03j,
                 2.43790441e-02-2.40112627e-03j,
                 1.38884302e-02+0.00000000e+00j]],
              dims=(2, 2, 2, 2, 2))","{'10010': 31, '11010': 12, '00001': 19, '00111': 13, '10100': 19, '01100': 7, '01010': 51, '11000': 28, '00011': 71, '10011': 4, '01110': 23, '00101': 24, '10101': 30, '10110': 65, '11111': 23, '01011': 40, '00000': 7, '01111': 40, '00100': 46, '11110': 39, '01001': 64, '11011': 27, '11001': 8, '10000': 61, '00110': 6, '11101': 49, '00010': 52, '10001': 44, '01000': 29, '11100': 43, '01101': 7, '10111': 42}","DensityMatrix([[ 0.00354185+2.48823770e-18j,  0.00210503+2.34341343e-04j,
                 0.00122782+1.43736922e-04j, ...,
                 0.00017792+1.91593172e-04j,  0.00054879+1.14537025e-04j,
                 0.00056273-1.20237077e-05j],
               [ 0.00210503-2.34341343e-04j,  0.01583006+6.93315025e-18j,
                 0.02285452+2.23936513e-03j, ...,
                -0.02438661+1.04555186e-02j, -0.02036085+6.36626539e-03j,
                -0.01146937+2.37441325e-03j],
               [ 0.00122782-1.43736922e-04j,  0.02285452-2.23936513e-03j,
                 0.04179581-1.27041290e-17j, ...,
                -0.04011594+2.16211071e-02j, -0.03575712+1.49897088e-02j,
                -0.02051852+6.26162192e-03j],
               ...,
               [ 0.00017792-1.91593172e-04j, -0.02438661-1.04555186e-02j,
                -0.04011594-2.16211071e-02j, ...,
                 0.05857796-4.35098460e-19j,  0.04670609+4.56687385e-03j,
                 0.02662835+5.29035569e-03j],
               [ 0.00054879-1.14537025e-04j, -0.02036085-6.36626539e-03j,
                -0.03575712-1.49897088e-02j, ...,
                 0.04670609-4.56687385e-03j,  0.0419977 +2.38373039e-20j,
                 0.02369605+2.37665232e-03j],
               [ 0.00056273+1.20237077e-05j, -0.01146937-2.37441325e-03j,
                -0.02051852-6.26162192e-03j, ...,
                 0.02662835-5.29035569e-03j,  0.02369605-2.37665232e-03j,
                 0.01604857+6.68469349e-18j]],
              dims=(2, 2, 2, 2, 2))"
data/selected_mutant_qc/mutants_qftentangled_5/qftentangled_5_Mutant_Add_z_P0_Q4_[].qasm,PureState_4,"{'01010': 3, '01001': 13, '10110': 3, '11111': 6, '11011': 70, '01100': 8, '00100': 59, '00011': 44, '10100': 8, '00111': 45, '11110': 24, '00001': 7, '11010': 64, '00101': 55, '01000': 34, '10001': 57, '10111': 18, '01101': 28, '01110': 50, '10011': 26, '01111': 49, '00110': 61, '11101': 31, '10000': 62, '11001': 51, '11000': 22, '11100': 58, '00010': 23, '10010': 45}","DensityMatrix([[ 3.31582538e-33+0.00000000e+00j,
                -1.50043916e-18+3.90022103e-18j,
                 3.58948827e-18-7.14714171e-18j, ...,
                -2.83136845e-19-1.11245021e-17j,
                -5.81162028e-19+7.97673563e-18j,
                 7.10713270e-19-4.11800054e-18j],
               [-1.50043916e-18-3.90022103e-18j,
                 5.26657462e-03+0.00000000e+00j,
                -1.00310594e-02-9.87973113e-04j, ...,
                -1.29570114e-02+5.36696987e-03j,
                 9.64557137e-03-2.92595209e-03j,
                -5.16537886e-03+1.02745774e-03j],
               [ 3.58948827e-18+7.14714171e-18j,
                -1.00310594e-02+9.87973113e-04j,
                 1.92911427e-02+0.00000000e+00j, ...,
                 2.36719572e-02-1.26529247e-02j,
                -1.78226919e-02+7.38240072e-03j,
                 9.64557137e-03-2.92595209e-03j],
               ...,
               [-2.83136845e-19+1.11245021e-17j,
                -1.29570114e-02-5.36696987e-03j,
                 2.36719572e-02+1.26529247e-02j, ...,
                 3.73465726e-02+0.00000000e+00j,
                -2.67121014e-02-2.63091236e-03j,
                 1.37550900e-02+2.73605751e-03j],
               [-5.81162028e-19-7.97673563e-18j,
                 9.64557137e-03+2.92595209e-03j,
                -1.78226919e-02-7.38240072e-03j, ...,
                -2.67121014e-02+2.63091236e-03j,
                 1.92911427e-02+0.00000000e+00j,
                -1.00310594e-02-9.87973113e-04j],
               [ 7.10713270e-19+4.11800054e-18j,
                -5.16537886e-03-1.02745774e-03j,
                 9.64557137e-03+2.92595209e-03j, ...,
                 1.37550900e-02-2.73605751e-03j,
                -1.00310594e-02+9.87973113e-04j,
                 5.26657462e-03+0.00000000e+00j]],
              dims=(2, 2, 2, 2, 2))","{'00000': 6, '01011': 3, '01100': 9, '10110': 8, '01001': 17, '00010': 17, '10011': 21, '01110': 50, '11101': 37, '00110': 59, '11111': 16, '01010': 13, '11100': 48, '00011': 45, '11000': 30, '00001': 16, '11010': 55, '10111': 22, '01101': 24, '01111': 44, '11110': 17, '10100': 17, '00111': 47, '10001': 56, '01000': 31, '11001': 46, '10000': 66, '11011': 58, '10101': 6, '00101': 46, '10010': 37, '00100': 57}","DensityMatrix([[ 0.00344466+4.28436791e-18j, -0.0021681 -2.25727248e-04j,
                 0.00166263+2.92285767e-04j, ...,
                -0.00030646-2.46693558e-05j,  0.00061222-1.03582343e-04j,
                -0.00053681+8.96470118e-05j],
               [-0.0021681 +2.25727248e-04j,  0.00813216+1.03860242e-17j,
                -0.01040219-1.03168168e-03j, ...,
                -0.01099274+4.71174666e-03j,  0.00819773-2.54804447e-03j,
                -0.003886  +7.35291394e-04j],
               [ 0.00166263-2.92285767e-04j, -0.01040219+1.03168168e-03j,
                 0.02056281-4.74198701e-19j, ...,
                 0.02074854-1.11566451e-02j, -0.01532831+6.36198502e-03j,
                 0.00815327-2.47574593e-03j],
               ...,
               [-0.00030646+2.46693558e-05j, -0.01099274-4.71174666e-03j,
                 0.02074854+1.11566451e-02j, ...,
                 0.03665418+2.63732900e-18j, -0.02492215-2.46996004e-03j,
                 0.01370656+2.77765970e-03j],
               [ 0.00061222+1.03582343e-04j,  0.00819773+2.54804447e-03j,
                -0.01532831-6.36198502e-03j, ...,
                -0.02492215+2.46996004e-03j,  0.02057069-2.49346531e-18j,
                -0.01095487-1.10816609e-03j],
               [-0.00053681-8.96470118e-05j, -0.003886  -7.35291394e-04j,
                 0.00815327+2.47574593e-03j, ...,
                 0.01370656-2.77765970e-03j, -0.01095487+1.10816609e-03j,
                 0.00816196+4.76377238e-18j]],
              dims=(2, 2, 2, 2, 2))"
data/selected_mutant_qc/mutants_qftentangled_5/qftentangled_5_Mutant_Add_z_P0_Q4_[].qasm,PureState_5,"{'00110': 5, '10001': 12, '11000': 22, '10010': 16, '00010': 35, '01011': 22, '00101': 38, '10101': 23, '10000': 67, '11001': 65, '00100': 53, '01100': 8, '01001': 5, '11011': 41, '11010': 2, '00001': 66, '01010': 66, '11100': 55, '10100': 7, '00111': 61, '11110': 55, '01111': 15, '01110': 13, '10011': 71, '10111': 5, '01101': 60, '01000': 39, '10110': 54, '11111': 43}","DensityMatrix([[ 2.34337466e-34+0.00000000e+00j,
                 3.35887924e-18+3.30820730e-19j,
                 3.12090964e-18+6.20787525e-19j, ...,
                 3.58961410e-19-1.08889753e-19j,
                -3.12090964e-18+6.20787525e-19j,
                -3.35887924e-18+3.30820730e-19j],
               [ 3.35887924e-18-3.30820730e-19j,
                 4.86115698e-02+0.00000000e+00j,
                 4.56099835e-02+4.49219128e-03j, ...,
                 4.99145552e-03-2.06752857e-03j,
                -4.38572174e-02+1.33039415e-02j,
                -4.76775121e-02+9.48364680e-03j],
               [ 3.12090964e-18-6.20787525e-19j,
                 4.56099835e-02-4.49219128e-03j,
                 4.32088573e-02+0.00000000e+00j, ...,
                 4.49219128e-03-2.40112627e-03j,
                -3.99197788e-02+1.65353138e-02j,
                -4.38572174e-02+1.33039415e-02j],
               ...,
               [ 3.58961410e-19+1.08889753e-19j,
                 4.99145552e-03+2.06752857e-03j,
                 4.49219128e-03+2.40112627e-03j, ...,
                 6.00459987e-04+0.00000000e+00j,
                -5.06911483e-03-4.99264233e-04j,
                -5.29890091e-03-1.05401693e-03j],
               [-3.12090964e-18-6.20787525e-19j,
                -4.38572174e-02-1.33039415e-02j,
                -3.99197788e-02-1.65353138e-02j, ...,
                -5.06911483e-03+4.99264233e-04j,
                 4.32088573e-02+0.00000000e+00j,
                 4.56099835e-02+4.49219128e-03j],
               [-3.35887924e-18-3.30820730e-19j,
                -4.76775121e-02-9.48364680e-03j,
                -4.38572174e-02-1.33039415e-02j, ...,
                -5.29890091e-03+1.05401693e-03j,
                 4.56099835e-02-4.49219128e-03j,
                 4.86115698e-02+0.00000000e+00j]],
              dims=(2, 2, 2, 2, 2))","{'10001': 16, '00011': 7, '01011': 25, '01001': 9, '11000': 35, '11110': 43, '01000': 35, '00001': 52, '11010': 6, '00000': 11, '10101': 26, '00101': 36, '01010': 51, '01101': 59, '10111': 17, '11100': 62, '00100': 41, '01100': 13, '11011': 29, '10100': 12, '00111': 51, '10110': 51, '11111': 38, '01111': 20, '01110': 19, '10011': 74, '00010': 45, '10000': 64, '11001': 44, '00110': 6, '11101': 7, '10010': 20}","DensityMatrix([[ 0.00361892+2.21036472e-18j,  0.00101975+1.44971750e-04j,
                -0.00113197-2.81154474e-04j, ...,
                -0.00068533+2.94388600e-04j, -0.00068368+6.68705112e-05j,
                 0.00019143-2.08324444e-04j],
               [ 0.00101975-1.44971750e-04j,  0.04643335+3.69415554e-18j,
                 0.04071732+3.96954035e-03j, ...,
                 0.00409443-1.43946339e-03j, -0.03899205+1.18195669e-02j,
                -0.04255975+8.31158341e-03j],
               [-0.00113197+2.81154474e-04j,  0.04071732-3.96954035e-03j,
                 0.0417034 -1.37379937e-17j, ...,
                 0.00427871-2.01899359e-03j, -0.0357145 +1.48792425e-02j,
                -0.03922088+1.19619756e-02j],
               ...,
               [-0.00068533-2.94388600e-04j,  0.00409443+1.43946339e-03j,
                 0.00427871+2.01899359e-03j, ...,
                 0.00403235-6.52359924e-19j, -0.00374955-2.76493725e-04j,
                -0.00587779-1.14574611e-03j],
               [-0.00068368-6.68705112e-05j, -0.03899205-1.18195669e-02j,
                -0.0357145 -1.48792425e-02j, ...,
                -0.00374955+2.76493725e-04j,  0.04206775-6.26584506e-20j,
                 0.04146626+4.12261601e-03j],
               [ 0.00019143+2.08324444e-04j, -0.04255975-8.31158341e-03j,
                -0.03922088-1.19619756e-02j, ...,
                -0.00587779+1.14574611e-03j,  0.04146626-4.12261601e-03j,
                 0.04684715-5.61633978e-20j]],
              dims=(2, 2, 2, 2, 2))"
data/selected_mutant_qc/mutants_qftentangled_5/qftentangled_5_Mutant_Add_z_P0_Q4_[].qasm,PureState_6,"{'01010': 2, '11111': 2, '00010': 31, '10101': 1, '00101': 58, '10011': 26, '01110': 42, '00001': 7, '11010': 60, '00011': 37, '11000': 18, '11001': 50, '10000': 72, '00110': 46, '11101': 29, '01001': 13, '11011': 64, '01000': 44, '10001': 62, '01111': 71, '10111': 15, '01101': 25, '10010': 46, '11100': 53, '10100': 6, '00111': 55, '11110': 22, '10110': 2, '00100': 55, '01100': 10}","DensityMatrix([[ 5.19052511e-33+0.00000000e+00j,
                 3.71159160e-18-3.68244152e-18j,
                 7.76013858e-18-6.31754778e-18j, ...,
                -5.37874884e-18+1.28420163e-17j,
                -4.75181233e-18+8.80632956e-18j,
                -2.92186570e-18+4.33578004e-18j],
               [ 3.71159160e-18+3.68244152e-18j,
                 5.26657462e-03+0.00000000e+00j,
                 1.00310594e-02+9.87973113e-04j, ...,
                -1.29570114e-02+5.36696987e-03j,
                -9.64557137e-03+2.92595209e-03j,
                -5.16537886e-03+1.02745774e-03j],
               [ 7.76013858e-18+6.31754778e-18j,
                 1.00310594e-02-9.87973113e-04j,
                 1.92911427e-02+0.00000000e+00j, ...,
                -2.36719572e-02+1.26529247e-02j,
                -1.78226919e-02+7.38240072e-03j,
                -9.64557137e-03+2.92595209e-03j],
               ...,
               [-5.37874884e-18-1.28420163e-17j,
                -1.29570114e-02-5.36696987e-03j,
                -2.36719572e-02-1.26529247e-02j, ...,
                 3.73465726e-02+0.00000000e+00j,
                 2.67121014e-02+2.63091236e-03j,
                 1.37550900e-02+2.73605751e-03j],
               [-4.75181233e-18-8.80632956e-18j,
                -9.64557137e-03-2.92595209e-03j,
                -1.78226919e-02-7.38240072e-03j, ...,
                 2.67121014e-02-2.63091236e-03j,
                 1.92911427e-02+0.00000000e+00j,
                 1.00310594e-02+9.87973113e-04j],
               [-2.92186570e-18-4.33578004e-18j,
                -5.16537886e-03-1.02745774e-03j,
                -9.64557137e-03-2.92595209e-03j, ...,
                 1.37550900e-02-2.73605751e-03j,
                 1.00310594e-02-9.87973113e-04j,
                 5.26657462e-03+0.00000000e+00j]],
              dims=(2, 2, 2, 2, 2))","{'01010': 12, '01011': 6, '11000': 36, '01100': 11, '10110': 8, '01001': 22, '00000': 5, '10010': 27, '00011': 37, '00100': 52, '10101': 11, '00101': 41, '00010': 20, '00111': 37, '10100': 17, '11011': 65, '11110': 17, '00001': 12, '11010': 66, '10111': 20, '01101': 28, '01110': 43, '10011': 34, '01111': 67, '11111': 15, '11101': 36, '00110': 50, '11001': 44, '10000': 63, '11100': 47, '10001': 45, '01000': 30}","DensityMatrix([[ 0.00344466-8.57157189e-19j,  0.00216828+2.45907456e-04j,
                 0.0016637 +2.87055901e-04j, ...,
                 0.0002991 -2.68785915e-05j,  0.00061825-1.00093596e-04j,
                 0.00053822-1.09621811e-04j],
               [ 0.00216828-2.45907456e-04j,  0.00813216+5.20710659e-18j,
                 0.01041144+1.05316174e-03j, ...,
                -0.01098111+4.71702921e-03j, -0.00821358+2.50130538e-03j,
                -0.00387988+7.39352006e-04j],
               [ 0.0016637 -2.87055901e-04j,  0.01041144-1.05316174e-03j,
                 0.02056281+1.41996203e-17j, ...,
                -0.02079504+1.11086278e-02j, -0.01531687+6.36683400e-03j,
                -0.00817046+2.42729537e-03j],
               ...,
               [ 0.0002991 +2.68785915e-05j, -0.01098111-4.71702921e-03j,
                -0.02079504-1.11086278e-02j, ...,
                 0.03665418-1.30115322e-18j,  0.02494727+2.49335499e-03j,
                 0.01370761+2.77242670e-03j],
               [ 0.00061825+1.00093596e-04j, -0.00821358-2.50130538e-03j,
                -0.01531687-6.36683400e-03j, ...,
                 0.02494727-2.49335499e-03j,  0.02057068+2.22223003e-18j,
                 0.01096469+1.12915446e-03j],
               [ 0.00053822+1.09621811e-04j, -0.00387988-7.39352006e-04j,
                -0.00817046-2.42729537e-03j, ...,
                 0.01370761-2.77242670e-03j,  0.01096469-1.12915446e-03j,
                 0.00816195+2.30113996e-19j]],
              dims=(2, 2, 2, 2, 2))"
data/selected_mutant_qc/mutants_qftentangled_5/qftentangled_5_Mutant_Add_z_P0_Q4_[].qasm,PureState_7,"{'10110': 3, '01010': 2, '00011': 1, '00100': 6, '01001': 1, '11100': 14, '00000': 65, '11000': 37, '00010': 28, '01100': 49, '10001': 14, '01000': 27, '11011': 45, '10011': 58, '01110': 48, '11001': 53, '00101': 42, '10101': 32, '11110': 22, '10100': 61, '00111': 65, '10010': 46, '00001': 53, '11010': 46, '01011': 27, '11111': 39, '00110': 65, '01111': 7, '10111': 5, '01101': 63}","DensityMatrix([[ 0.0625    +0.j        , -0.05485466-0.00540271j,
                 0.03405594+0.00677415j, ..., -0.00586228+0.0017783j ,
                 0.03405594-0.00677415j, -0.05485466+0.00540271j],
               [-0.05485466+0.00540271j,  0.04861157+0.j        ,
                -0.03047562-0.00300159j, ...,  0.00499146-0.00206753j,
                -0.02930446+0.00888941j,  0.04767751-0.00948365j],
               [ 0.03405594-0.00677415j, -0.03047562+0.00300159j,
                 0.01929114+0.j        , ..., -0.00300159+0.00160438j,
                 0.01782269-0.0073824j , -0.02930446+0.00888941j],
               ...,
               [-0.00586228-0.0017783j ,  0.00499146+0.00206753j,
                -0.00300159-0.00160438j, ...,  0.00060046+0.j        ,
                -0.00338707-0.0003336j ,  0.0052989 +0.00105402j],
               [ 0.03405594+0.00677415j, -0.02930446-0.00888941j,
                 0.01782269+0.0073824j , ..., -0.00338707+0.0003336j ,
                 0.01929114+0.j        , -0.03047562-0.00300159j],
               [-0.05485466-0.00540271j,  0.04767751+0.00948365j,
                -0.02930446-0.00888941j, ...,  0.0052989 -0.00105402j,
                -0.03047562+0.00300159j,  0.04861157+0.j        ]],
              dims=(2, 2, 2, 2, 2))","{'00011': 4, '01010': 6, '01111': 16, '11011': 36, '10000': 8, '11001': 49, '01100': 47, '01001': 13, '11010': 49, '00001': 43, '11000': 29, '10110': 8, '11101': 5, '00110': 55, '11111': 44, '00000': 60, '11100': 9, '00100': 19, '00111': 57, '10100': 48, '10010': 35, '01011': 29, '11110': 28, '00101': 31, '10101': 27, '10001': 16, '01000': 34, '10011': 70, '01110': 43, '10111': 18, '01101': 61, '00010': 27}","DensityMatrix([[ 0.05875597-6.07031347e-18j, -0.05019135-4.93727226e-03j,
                 0.03110292+6.10603830e-03j, ...,
                -0.00546208+1.43989773e-03j,  0.03066227-5.94116979e-03j,
                -0.04865184+4.67533361e-03j],
               [-0.05019135+4.93727226e-03j,  0.04664571-1.29133576e-17j,
                -0.02816516-2.74047944e-03j, ...,
                 0.00402407-1.34994008e-03j, -0.02588513+7.60856280e-03j,
                 0.04266606-8.31968922e-03j],
               [ 0.03110292-6.10603830e-03j, -0.02816516+2.74047944e-03j,
                 0.02069854+7.31702107e-18j, ...,
                -0.00250733+1.15547583e-03j,  0.01535548-6.14562888e-03j,
                -0.02605056+7.74047659e-03j],
               ...,
               [-0.00546208-1.43989773e-03j,  0.00402407+1.34994008e-03j,
                -0.00250733-1.15547583e-03j, ...,
                 0.00392065-9.10698629e-18j, -0.00435451-4.33724071e-04j,
                 0.00574471+1.11824652e-03j],
               [ 0.03066227+5.94116979e-03j, -0.02588513-7.60856280e-03j,
                 0.01535548+6.14562888e-03j, ...,
                -0.00435451+4.33724071e-04j,  0.02051592+2.76558625e-18j,
                -0.02885796-2.82465755e-03j],
               [-0.04865184-4.67533361e-03j,  0.04266606+8.31968922e-03j,
                -0.02605056-7.74047659e-03j, ...,
                 0.00574471-1.11824652e-03j, -0.02885796+2.82465755e-03j,
                 0.04674585+6.72302963e-18j]],
              dims=(2, 2, 2, 2, 2))"
data/selected_mutant_qc/mutants_qftentangled_5/qftentangled_5_Mutant_Add_z_P0_Q4_[].qasm,PureState_8,"{'01110': 4, '10011': 8, '01010': 15, '10111': 1, '01101': 13, '11011': 7, '11100': 5, '11000': 29, '01100': 49, '00100': 10, '10001': 36, '01000': 35, '01111': 38, '00101': 4, '10101': 57, '00111': 62, '10100': 70, '00011': 51, '11010': 50, '00001': 35, '10110': 20, '11111': 23, '11101': 43, '00110': 48, '01011': 73, '11110': 65, '11001': 55, '10000': 65, '00010': 53}","DensityMatrix([[ 2.34337466e-34+0.00000000e+00j,
                 2.41614588e-18+2.37969599e-19j,
                 3.68136392e-18+7.32268813e-19j, ...,
                -3.22979939e-18+9.79748934e-19j,
                -3.68136392e-18+7.32268813e-19j,
                -2.41614588e-18+2.37969599e-19j],
               [ 2.41614588e-18-2.37969599e-19j,
                 2.51534274e-02+0.00000000e+00j,
                 3.87004697e-02+3.81166357e-03j, ...,
                -3.23060421e-02+1.33816008e-02j,
                -3.72132323e-02+1.12885106e-02j,
                -2.46701114e-02+4.90719026e-03j],
               [ 3.68136392e-18-7.32268813e-19j,
                 3.87004697e-02-3.81166357e-03j,
                 6.01212354e-02+0.00000000e+00j, ...,
                -4.76775121e-02+2.54841612e-02j,
                -5.55447788e-02+2.30074007e-02j,
                -3.72132323e-02+1.12885106e-02j],
               ...,
               [-3.22979939e-18-9.79748934e-19j,
                -3.23060421e-02-1.33816008e-02j,
                -4.76775121e-02-2.54841612e-02j, ...,
                 4.86115698e-02+0.00000000e+00j,
                 5.38006439e-02+5.29890091e-03j,
                 3.42959113e-02+6.82188091e-03j],
               [-3.68136392e-18-7.32268813e-19j,
                -3.72132323e-02-1.12885106e-02j,
                -5.55447788e-02-2.30074007e-02j, ...,
                 5.38006439e-02-5.29890091e-03j,
                 6.01212354e-02+0.00000000e+00j,
                 3.87004697e-02+3.81166357e-03j],
               [-2.41614588e-18-2.37969599e-19j,
                -2.46701114e-02-4.90719026e-03j,
                -3.72132323e-02-1.12885106e-02j, ...,
                 3.42959113e-02-6.82188091e-03j,
                 3.87004697e-02-3.81166357e-03j,
                 2.51534274e-02+0.00000000e+00j]],
              dims=(2, 2, 2, 2, 2))","{'11100': 15, '10110': 23, '10010': 10, '11011': 10, '00011': 43, '01001': 4, '00010': 45, '11000': 26, '10101': 55, '00101': 9, '00000': 5, '00111': 54, '10100': 50, '11001': 52, '10000': 55, '00110': 53, '11101': 56, '01000': 29, '10001': 41, '00100': 12, '01100': 67, '01010': 28, '10111': 4, '01101': 21, '01111': 49, '01110': 7, '10011': 11, '11110': 51, '00001': 19, '11010': 30, '01011': 63, '11111': 27}","DensityMatrix([[ 0.00354526+8.86669047e-18j,  0.00187841+2.07323307e-04j,
                 0.00063114+7.44058593e-07j, ...,
                -0.00012981+1.13435916e-04j,  0.00027959+4.92907469e-05j,
                 0.00051097-7.03422605e-05j],
               [ 0.00187841-2.07323307e-04j,  0.02574602+6.98635103e-18j,
                 0.03522215+3.42385355e-03j, ...,
                -0.02984358+1.24307126e-02j, -0.03262386+9.90662974e-03j,
                -0.02140475+4.24064491e-03j],
               [ 0.00063114-7.44058593e-07j,  0.03522215-3.42385355e-03j,
                 0.05679934-2.46650709e-18j, ...,
                -0.0421077 +2.24891434e-02j, -0.05033888+2.08570331e-02j,
                -0.03286115+9.91413845e-03j],
               ...,
               [-0.00012981-1.13435916e-04j, -0.02984358-1.24307126e-02j,
                -0.0421077 -2.24891434e-02j, ...,
                 0.04669054-3.02807901e-19j,  0.04862362+4.73184079e-03j,
                 0.03087714+6.10454886e-03j],
               [ 0.00027959-4.92907469e-05j, -0.03262386-9.90662974e-03j,
                -0.05033888-2.08570331e-02j, ...,
                 0.04862362-4.73184079e-03j,  0.05693801-1.04119361e-17j,
                 0.03606227+3.58205596e-03j],
               [ 0.00051097+7.03422605e-05j, -0.02140475-4.24064491e-03j,
                -0.03286115-9.91413845e-03j, ...,
                 0.03087714-6.10454886e-03j,  0.03606227-3.58205596e-03j,
                 0.02602974-1.08254287e-17j]],
              dims=(2, 2, 2, 2, 2))"
data/selected_mutant_qc/mutants_qftentangled_5/qftentangled_5_Mutant_Add_z_P0_Q4_[].qasm,PureState_9,"{'11001': 4, '00010': 18, '01010': 3, '00100': 6, '10010': 47, '00110': 63, '11101': 62, '01100': 53, '11111': 8, '11110': 22, '10101': 38, '00101': 19, '01110': 31, '01101': 1, '10111': 71, '11100': 10, '00000': 57, '01000': 32, '10001': 45, '00111': 7, '10100': 55, '11010': 48, '00001': 15, '00011': 76, '01011': 41, '01111': 53, '11000': 35, '11011': 38, '01001': 66}","DensityMatrix([[ 0.0625    +0.j        ,  0.02932043+0.00288781j,
                -0.03405594-0.00677415j, ..., -0.05952078+0.01805543j,
                -0.03405594+0.00677415j,  0.02932043-0.00288781j],
               [ 0.02932043-0.00288781j,  0.01388843+0.j        ,
                -0.01628956-0.00160438j, ..., -0.02708854+0.01122044j,
                -0.01566356+0.00475149j,  0.01362157-0.0027095j ],
               [-0.03405594+0.00677415j, -0.01628956+0.00160438j,
                 0.01929114+0.j        , ...,  0.03047562-0.01628956j,
                 0.01782269-0.0073824j , -0.01566356+0.00475149j],
               ...,
               [-0.05952078-0.01805543j, -0.02708854-0.01122044j,
                 0.03047562+0.01628956j, ...,  0.06189954+0.j        ,
                 0.03438954+0.00338707j, -0.02875704-0.00572013j],
               [-0.03405594-0.00677415j, -0.01566356-0.00475149j,
                 0.01782269+0.0073824j , ...,  0.03438954-0.00338707j,
                 0.01929114+0.j        , -0.01628956-0.00160438j],
               [ 0.02932043+0.00288781j,  0.01362157+0.0027095j ,
                -0.01566356-0.00475149j, ..., -0.02875704+0.00572013j,
                -0.01628956+0.00160438j,  0.01388843+0.j        ]],
              dims=(2, 2, 2, 2, 2))","{'01010': 6, '00010': 23, '11111': 17, '11110': 22, '00101': 26, '10101': 38, '00111': 11, '10100': 42, '11101': 59, '00110': 44, '10110': 7, '11000': 39, '00100': 14, '01100': 58, '01111': 55, '00000': 48, '10000': 4, '11001': 19, '11100': 12, '01101': 7, '10111': 46, '10001': 46, '01000': 30, '10011': 5, '01110': 32, '11011': 36, '01001': 60, '10010': 40, '01011': 49, '00001': 22, '11010': 67, '00011': 40}","DensityMatrix([[ 0.05867883+1.35645240e-18j,  0.02689627+2.70055948e-03j,
                -0.03114128-6.28357472e-03j, ...,
                -0.05309982+1.61766240e-02j, -0.03040807+6.01840902e-03j,
                 0.02605986-2.63901945e-03j],
               [ 0.02689627-2.70055948e-03j,  0.01601398-5.80543756e-18j,
                -0.01354055-1.27181847e-03j, ...,
                -0.02455455+1.04153618e-02j, -0.01411006+4.41944326e-03j,
                 0.01145306-2.34377585e-03j],
               [-0.03114128+6.28357472e-03j, -0.01354055+1.27181847e-03j,
                 0.02079104-6.91762176e-18j, ...,
                 0.02713792-1.43224933e-02j,  0.0152414 -6.17580649e-03j,
                -0.01461405+4.50566452e-03j],
               ...,
               [-0.05309982-1.61766240e-02j, -0.02455455-1.04153618e-02j,
                 0.02713792+1.43224933e-02j, ...,
                 0.05851696+2.61633526e-19j,  0.03099209+3.00702178e-03j,
                -0.02648406-5.27456135e-03j],
               [-0.03040807-6.01840902e-03j, -0.01411006-4.41944326e-03j,
                 0.0152414 +6.17580649e-03j, ...,
                 0.03099209-3.00702178e-03j,  0.0204458 +2.93408140e-18j,
                -0.01347732-1.24703953e-03j],
               [ 0.02605986+2.63901945e-03j,  0.01145306+2.34377585e-03j,
                -0.01461405-4.50566452e-03j, ...,
                -0.02648406+5.27456135e-03j, -0.01347732+1.24703953e-03j,
                 0.01591864-3.57388704e-18j]],
              dims=(2, 2, 2, 2, 2))"
data/selected_mutant_qc/mutants_qftentangled_5/qftentangled_5_Mutant_Add_z_P0_Q4_[].qasm,Quratest_0,"{'00000': 1, '11111': 6, '01111': 1, '11100': 27, '11000': 10, '00010': 4, '00101': 84, '10101': 5, '10110': 23, '11101': 45, '00110': 38, '01010': 14, '01101': 100, '10111': 7, '10011': 36, '01110': 145, '00011': 17, '01100': 18, '00100': 14, '01001': 24, '11011': 47, '10001': 45, '01000': 26, '01011': 6, '00001': 1, '11010': 34, '11001': 1, '10000': 30, '10010': 166, '10100': 12, '00111': 22, '11110': 15}","DensityMatrix([[ 0.00257586+0.j        , -0.00315275-0.00131201j,
                 0.00046633-0.00380866j, ..., -0.01129925+0.00151951j,
                 0.00470209+0.00211991j, -0.00412513-0.00012277j],
               [-0.00315275+0.00131201j,  0.00452711+0.j        ,
                 0.00136916+0.00489917j, ...,  0.01305588-0.00761505j,
                -0.00683494-0.0001997j ,  0.00511153-0.00195086j],
               [ 0.00046633+0.00380866j,  0.00136916-0.00489917j,
                 0.0057159 +0.j        , ..., -0.00429235-0.01643195j,
                -0.00228323+0.00733629j, -0.00056529-0.00612164j],
               ...,
               [-0.01129925-0.00151951j,  0.01305588+0.00761505j,
                -0.00429235+0.01643195j, ...,  0.05046157+0.j        ,
                -0.01937561-0.01207297j,  0.01802288+0.00297195j],
               [ 0.00470209-0.00211991j, -0.00683494+0.0001997j ,
                -0.00228323-0.00733629j, ..., -0.01937561+0.01207297j,
                 0.01032808+0.j        , -0.00763124+0.00317085j],
               [-0.00412513+0.00012277j,  0.00511153+0.00195086j,
                -0.00056529+0.00612164j, ...,  0.01802288-0.00297195j,
                -0.00763124-0.00317085j,  0.00661209+0.j        ]],
              dims=(2, 2, 2, 2, 2))","{'01010': 12, '01011': 9, '11111': 9, '01100': 22, '11001': 7, '10000': 26, '00100': 10, '00110': 37, '11101': 55, '10101': 14, '00101': 58, '00001': 10, '11010': 42, '00000': 7, '11100': 30, '01101': 93, '10111': 11, '11000': 11, '00010': 9, '10110': 30, '11110': 22, '10100': 17, '00111': 22, '01111': 11, '01001': 25, '11011': 27, '10010': 154, '10001': 53, '01000': 22, '10011': 40, '01110': 105, '00011': 24}","DensityMatrix([[ 0.00345498-1.41121123e-18j, -0.00357557-1.34619906e-03j,
                 0.0012996 -2.55950456e-03j, ...,
                -0.01010645+1.52252633e-03j,  0.0044253 +1.74079264e-03j,
                -0.00370072-3.66194762e-05j],
               [-0.00357557+1.34619906e-03j,  0.00545375-2.18641563e-19j,
                 0.00019069+3.36514878e-03j, ...,
                 0.0119477 -7.24445219e-03j, -0.00614512-6.33907690e-05j,
                 0.00464316-1.83625592e-03j],
               [ 0.0012996 +2.55950456e-03j,  0.00019069-3.36514878e-03j,
                 0.00875409+1.39367744e-17j, ...,
                -0.00350122-1.40783058e-02j, -0.00153486+6.10006569e-03j,
                -0.00057194-5.32096966e-03j],
               ...,
               [-0.01010645-1.52252633e-03j,  0.0119477 +7.24445219e-03j,
                -0.00350122+1.40783058e-02j, ...,
                 0.04930029-1.47498356e-17j, -0.0184594 -1.22096366e-02j,
                 0.01666414+3.01697554e-03j],
               [ 0.0044253 -1.74079264e-03j, -0.00614512+6.33907690e-05j,
                -0.00153486-6.10006569e-03j, ...,
                -0.0184594 +1.22096366e-02j,  0.01247114+6.28704313e-18j,
                -0.00751194+2.57017456e-03j],
               [-0.00370072+3.66194762e-05j,  0.00464316+1.83625592e-03j,
                -0.00057194+5.32096966e-03j, ...,
                 0.01666414-3.01697554e-03j, -0.00751194-2.57017456e-03j,
                 0.00681905+7.80552374e-18j]],
              dims=(2, 2, 2, 2, 2))"
data/selected_mutant_qc/mutants_qftentangled_5/qftentangled_5_Mutant_Add_z_P0_Q4_[].qasm,Quratest_1,"{'11011': 6, '10001': 12, '11110': 24, '00100': 3, '10100': 43, '00111': 5, '10010': 8, '01100': 19, '01011': 16, '01101': 6, '10111': 23, '11100': 31, '01010': 9, '00010': 15, '10011': 15, '01110': 6, '10101': 23, '01001': 71, '01000': 52, '00000': 180, '00110': 3, '11101': 33, '10000': 2, '11001': 53, '10110': 17, '11111': 33, '11000': 79, '00011': 29, '11010': 4, '00001': 204}","DensityMatrix([[ 0.18083526+0.j        , -0.17924597+0.04724231j,
                 0.04302795-0.02927498j, ..., -0.00268547+0.07023141j,
                -0.06030191+0.0023164j ,  0.02088268-0.07471012j],
               [-0.17924597-0.04724231j,  0.19001247+0.j        ,
                -0.05029774+0.01777685j, ...,  0.02100947-0.06891261j,
                 0.06037709+0.01345753j, -0.0402168 +0.06859802j],
               [ 0.04302795+0.02927498j, -0.05029774-0.01777685j,
                 0.01497733+0.j        , ..., -0.01200857+0.01627612j,
                -0.01472324-0.00921096j,  0.01706347-0.01439588j],
               ...,
               [-0.00268547-0.07023141j,  0.02100947+0.06891261j,
                -0.01200857-0.01627612j, ...,  0.02731582+0.j        ,
                 0.00179513+0.02338519j, -0.02932546-0.00700078j],
               [-0.06030191-0.0023164j ,  0.06037709-0.01345753j,
                -0.01472324+0.00921096j, ...,  0.00179513-0.02338519j,
                 0.02013814+0.j        , -0.0079206 +0.02464558j],
               [ 0.02088268+0.07471012j, -0.0402168 -0.06859802j,
                 0.01706347+0.01439588j, ..., -0.02932546+0.00700078j,
                -0.0079206 -0.02464558j,  0.03327718+0.j        ]],
              dims=(2, 2, 2, 2, 2))","{'10110': 14, '01010': 10, '01111': 4, '11011': 11, '10010': 9, '00010': 19, '00001': 171, '11010': 9, '01011': 18, '00101': 6, '10101': 26, '10011': 15, '01110': 7, '01100': 23, '00100': 16, '01001': 79, '00011': 22, '11110': 23, '01101': 13, '10111': 13, '11100': 33, '01000': 63, '10001': 19, '00111': 8, '10100': 27, '10000': 9, '11001': 48, '00110': 6, '11101': 26, '00000': 176, '11000': 74, '11111': 27}","DensityMatrix([[ 0.16977041+1.17020047e-19j, -0.16257528+4.32613565e-02j,
                 0.0379793 -2.68698833e-02j, ...,
                -0.00204412+6.15413002e-02j, -0.05369162+2.64737035e-03j,
                 0.01832692-6.59434925e-02j],
               [-0.16257528-4.32613565e-02j,  0.17810633+5.38907763e-17j,
                -0.04560203+1.64551746e-02j, ...,
                 0.01900823-6.20194507e-02j,  0.05341112+1.15585423e-02j,
                -0.03630327+6.06574290e-02j],
               [ 0.0379793 +2.68698833e-02j, -0.04560203-1.64551746e-02j,
                 0.01782565-4.05385415e-21j, ...,
                -0.01081008+1.42219525e-02j, -0.01353118-9.08930217e-03j,
                 0.01557812-1.27222906e-02j],
               ...,
               [-0.00204412-6.15413002e-02j,  0.01900823+6.20194507e-02j,
                -0.01081008-1.42219525e-02j, ...,
                 0.02743106+8.26722590e-20j,  0.00132738+2.12634386e-02j,
                -0.02700235-6.77165134e-03j],
               [-0.05369162-2.64737035e-03j,  0.05341112-1.15585423e-02j,
                -0.01353118+9.08930217e-03j, ...,
                 0.00132738-2.12634386e-02j,  0.02101476+3.48281074e-18j,
                -0.00782741+2.30567354e-02j],
               [ 0.01832692+6.59434925e-02j, -0.03630327-6.06574290e-02j,
                 0.01557812+1.27222906e-02j, ...,
                -0.02700235+6.77165134e-03j, -0.00782741-2.30567354e-02j,
                 0.03447643+3.48270529e-18j]],
              dims=(2, 2, 2, 2, 2))"
data/selected_mutant_qc/mutants_qftentangled_5/qftentangled_5_Mutant_Add_z_P0_Q4_[].qasm,Quratest_2,"{'01000': 29, '11111': 7, '00110': 4, '11101': 16, '10010': 24, '10100': 25, '00111': 2, '11110': 18, '00001': 5, '11010': 7, '01011': 1, '00011': 22, '00101': 10, '10101': 57, '10110': 60, '11011': 15, '01001': 106, '11001': 26, '10000': 55, '10111': 1, '01101': 22, '01111': 45, '01110': 111, '10011': 36, '00010': 24, '10001': 114, '11100': 33, '01010': 77, '11000': 27, '01100': 19, '00100': 26}","DensityMatrix([[ 0.00285397+0.j        ,  0.00389255-0.00153452j,
                -0.00440258-0.00636013j, ...,  0.00460934-0.00594386j,
                -0.00415094-0.00480078j, -0.00020759+0.00282282j],
               [ 0.00389255+0.00153452j,  0.00613416+0.j        ,
                -0.002585  -0.0110418j , ...,  0.0094826 -0.00562852j,
                -0.00308021-0.0087797j , -0.0018009 +0.00373844j],
               [-0.00440258+0.00636013j, -0.002585  +0.0110418j ,
                 0.02096516+0.j        , ...,  0.00613557+0.0194411j ,
                 0.01710195-0.00184469j, -0.00597048-0.00481714j],
               ...,
               [ 0.00460934+0.00594386j,  0.0094826 +0.00562852j,
                 0.00613557-0.0194411j , ...,  0.01982344+0.j        ,
                 0.00329439-0.01639858j, -0.00621425+0.00412669j],
               [-0.00415094+0.00480078j, -0.00308021+0.0087797j ,
                 0.01710195+0.00184469j, ...,  0.00329439+0.01639858j,
                 0.01411292+0.j        , -0.00444646-0.00445483j],
               [-0.00020759-0.00282282j, -0.0018009 -0.00373844j,
                -0.00597048+0.00481714j, ..., -0.00621425-0.00412669j,
                -0.00444646+0.00445483j,  0.00280711+0.j        ]],
              dims=(2, 2, 2, 2, 2))","{'11111': 6, '01011': 9, '01100': 20, '10010': 28, '11101': 26, '00110': 11, '00010': 16, '11000': 23, '10101': 57, '00101': 12, '00000': 3, '10110': 49, '01110': 90, '10011': 40, '10111': 12, '01101': 22, '01111': 33, '00001': 11, '11010': 7, '01001': 90, '11011': 15, '11001': 25, '10000': 68, '00100': 25, '01010': 80, '11100': 37, '00011': 28, '11110': 14, '10100': 16, '00111': 6, '01000': 24, '10001': 121}","DensityMatrix([[ 0.00433809+1.67030471e-17j,  0.00299359-3.21455549e-03j,
                -0.00484463-5.45568096e-03j, ...,
                 0.00413386-5.14329887e-03j, -0.00348524-4.53203341e-03j,
                -0.00037663+2.60990003e-03j],
               [ 0.00299359+3.21455549e-03j,  0.00892522-6.43765876e-19j,
                -0.00235635-1.14301557e-02j, ...,
                 0.00855328-5.10165487e-03j, -0.00247154-7.41172183e-03j,
                -0.00167329+3.04549129e-03j],
               [-0.00484463+5.45568096e-03j, -0.00235635+1.14301557e-02j,
                 0.02112033-2.44763633e-17j, ...,
                 0.00546447+1.71012849e-02j,  0.01542813-1.75476821e-03j,
                -0.00519564-4.34573103e-03j],
               ...,
               [ 0.00413386+5.14329887e-03j,  0.00855328+5.10165487e-03j,
                 0.00546447-1.71012849e-02j, ...,
                 0.01988165+3.41555317e-18j,  0.00252979-1.58250308e-02j,
                -0.0056869 +4.02992494e-03j],
               [-0.00348524+4.53203341e-03j, -0.00247154+7.41172183e-03j,
                 0.01542813+1.75476821e-03j, ...,
                 0.00252979+1.58250308e-02j,  0.01560509+1.31185194e-17j,
                -0.00456099-4.75694539e-03j],
               [-0.00037663-2.60990003e-03j, -0.00167329-3.04549129e-03j,
                -0.00519564+4.34573103e-03j, ...,
                -0.0056869 -4.02992494e-03j, -0.00456099+4.75694539e-03j,
                 0.00376556+3.36171925e-18j]],
              dims=(2, 2, 2, 2, 2))"
data/selected_mutant_qc/mutants_qftentangled_5/qftentangled_5_Mutant_Add_z_P0_Q4_[].qasm,Quratest_3,"{'00011': 1, '10001': 3, '11111': 2, '01111': 21, '11100': 16, '01010': 9, '10010': 72, '10101': 40, '01011': 16, '00001': 16, '11010': 38, '11001': 11, '10000': 4, '11101': 2, '00110': 39, '01000': 47, '11000': 56, '11110': 11, '10100': 141, '00111': 16, '01110': 49, '10011': 60, '10111': 3, '01101': 73, '00100': 21, '01100': 166, '00010': 8, '00000': 49, '11011': 3, '01001': 31}","DensityMatrix([[ 0.0544695 +0.j        , -0.00850754-0.02089151j,
                 0.0168897 +0.00334349j, ..., -0.00294312+0.00795762j,
                 0.02100422-0.00754595j, -0.01157062-0.00608833j],
               [-0.00850754+0.02089151j,  0.00934162+0.j        ,
                -0.00392036+0.00595574j, ..., -0.00259242-0.00237171j,
                -0.00038641+0.00923466j,  0.00414235-0.00348693j],
               [ 0.0168897 -0.00334349j, -0.00392036-0.00595574j,
                 0.00544233+0.j        , ..., -0.00042413+0.00264813j,
                 0.00604972-0.00362912j, -0.00396149-0.00117761j],
               ...,
               [-0.00294312-0.00795762j, -0.00259242+0.00237171j,
                -0.00042413-0.00264813j, ...,  0.00132158+0.j        ,
                -0.00223732-0.00266085j, -0.00026427+0.00201936j],
               [ 0.02100422+0.00754595j, -0.00038641-0.00923466j,
                 0.00604972+0.00362912j, ..., -0.00223732+0.00266085j,
                 0.00914491+0.j        , -0.00361835-0.00395069j],
               [-0.01157062+0.00608833j,  0.00414235+0.00348693j,
                -0.00396149+0.00117761j, ..., -0.00026427-0.00201936j,
                -0.00361835+0.00395069j,  0.0031384 +0.j        ]],
              dims=(2, 2, 2, 2, 2))","{'11111': 7, '11011': 3, '01010': 22, '10110': 12, '10000': 14, '11001': 15, '01111': 18, '11000': 46, '00011': 6, '11110': 17, '10100': 129, '00111': 20, '01001': 27, '00010': 9, '10011': 46, '01110': 50, '11101': 8, '00110': 29, '00101': 2, '10101': 41, '00001': 11, '11010': 36, '01011': 9, '10010': 73, '10001': 6, '01000': 49, '00100': 20, '01100': 150, '11100': 17, '10111': 11, '01101': 72, '00000': 49}","DensityMatrix([[ 0.05111332-1.58844644e-17j, -0.00789218-1.93377127e-02j,
                 0.0155581 +3.20058903e-03j, ...,
                -0.00250492+7.06864313e-03j,  0.01877701-6.61659775e-03j,
                -0.01021943-5.35550904e-03j],
               [-0.00789218+1.93377127e-02j,  0.0097028 -1.11133421e-17j,
                -0.00373876+5.21161914e-03j, ...,
                -0.00267214-2.01628212e-03j, -0.00033917+8.21502567e-03j,
                 0.00386825-3.16362321e-03j],
               [ 0.0155581 -3.20058903e-03j, -0.00373876-5.21161914e-03j,
                 0.00767655+3.55350131e-18j, ...,
                -0.00020937+2.37931524e-03j,  0.00478771-2.95995792e-03j,
                -0.00340135-8.55762719e-04j],
               ...,
               [-0.00250492-7.06864313e-03j, -0.00267214+2.01628212e-03j,
                -0.00020937-2.37931524e-03j, ...,
                 0.00337927+7.04826847e-18j, -0.0026159 -1.87682116e-03j,
                 0.00019868+2.13244296e-03j],
               [ 0.01877701+6.61659775e-03j, -0.00033917-8.21502567e-03j,
                 0.00478771+2.95995792e-03j, ...,
                -0.0026159 +1.87682116e-03j,  0.01037581+1.30921045e-17j,
                -0.00353521-4.36806863e-03j],
               [-0.01021943+5.35550904e-03j,  0.00386825+3.16362321e-03j,
                -0.00340135+8.55762719e-04j, ...,
                 0.00019868-2.13244296e-03j, -0.00353521+4.36806863e-03j,
                 0.00408591-5.12207017e-18j]],
              dims=(2, 2, 2, 2, 2))"
data/selected_mutant_qc/mutants_qftentangled_5/qftentangled_5_Mutant_Add_z_P0_Q4_[].qasm,Quratest_4,"{'01000': 1, '00100': 1, '01010': 1, '11100': 1, '10110': 1, '10010': 5, '00010': 1, '11000': 2, '01100': 3, '10101': 174, '00101': 13, '01001': 59, '11011': 15, '10001': 47, '00011': 10, '11010': 5, '00001': 22, '11101': 10, '00110': 1, '11111': 25, '01011': 192, '10000': 16, '11001': 35, '01111': 42, '01110': 5, '10011': 114, '10111': 69, '01101': 123, '00111': 31}","DensityMatrix([[ 1.01846375e-05+0.00000000e+00j,
                 2.24533089e-04+4.15170015e-04j,
                -4.85536788e-05+5.35249854e-05j, ...,
                 2.84817007e-04+9.17195443e-05j,
                 2.14682014e-05-5.78358452e-05j,
                -3.00550337e-04-3.61107192e-04j],
               [ 2.24533089e-04-4.15170015e-04j,
                 2.18742442e-02+0.00000000e+00j,
                 1.11148398e-03+3.15928394e-03j, ...,
                 1.00180342e-02-9.58830473e-03j,
                -1.88434660e-03-2.15020067e-03j,
                -2.13463045e-02+4.29067546e-03j],
               [-4.85536788e-05-5.35249854e-05j,
                 1.11148398e-03-3.15928394e-03j,
                 5.12770706e-04+0.00000000e+00j, ...,
                -8.75792206e-04-1.93410392e-03j,
                -4.06300460e-04+1.62898078e-04j,
                -4.64958393e-04+3.30105366e-03j],
               ...,
               [ 2.84817007e-04-9.17195443e-05j,
                 1.00180342e-02+9.58830473e-03j,
                -8.75792206e-04+1.93410392e-03j, ...,
                 8.79100525e-03+0.00000000e+00j,
                 7.95150046e-05-1.81073562e-03j,
                -1.16570112e-02-7.39183200e-03j],
               [ 2.14682014e-05+5.78358452e-05j,
                -1.88434660e-03+2.15020067e-03j,
                -4.06300460e-04-1.62898078e-04j, ...,
                 7.95150046e-05+1.81073562e-03j,
                 3.73687197e-04+0.00000000e+00j,
                 1.41710144e-03-2.46792334e-03j],
               [-3.00550337e-04+3.61107192e-04j,
                -2.13463045e-02-4.29067546e-03j,
                -4.64958393e-04-3.30105366e-03j, ...,
                -1.16570112e-02+7.39183200e-03j,
                 1.41710144e-03+2.46792334e-03j,
                 2.16727309e-02+0.00000000e+00j]],
              dims=(2, 2, 2, 2, 2))","{'00000': 1, '00100': 2, '01000': 1, '10110': 2, '11110': 1, '11100': 4, '11000': 2, '01100': 6, '00010': 1, '10010': 9, '10011': 100, '01110': 4, '10101': 164, '00101': 26, '11001': 38, '10000': 18, '00110': 2, '11101': 21, '01010': 2, '01101': 98, '10111': 76, '01011': 164, '11011': 20, '01001': 55, '00011': 19, '11010': 2, '00001': 27, '11111': 24, '01111': 49, '10001': 51, '10100': 7, '00111': 28}","DensityMatrix([[ 0.00070879-1.85417358e-22j,  0.00034079+5.80529515e-06j,
                -0.00024159+3.69760694e-05j, ...,
                 0.00017934+2.79720651e-04j, -0.00010694+3.89938629e-05j,
                -0.00024829-4.48872282e-04j],
               [ 0.00034079-5.80529515e-06j,  0.02217497+1.33671098e-20j,
                 0.00109359+2.72140247e-03j, ...,
                 0.00890495-8.60398287e-03j, -0.00167544-1.96328487e-03j,
                -0.01895132+3.84115890e-03j],
               [-0.00024159-3.69760694e-05j,  0.00109359-2.72140247e-03j,
                 0.00089969-3.77788727e-19j, ...,
                -0.00077618-1.78440717e-03j, -0.00028486+1.12215513e-04j,
                -0.00036787+3.01017073e-03j],
               ...,
               [ 0.00017934-2.79720651e-04j,  0.00890495+8.60398287e-03j,
                -0.00077618+1.78440717e-03j, ...,
                 0.012568  -1.73262068e-17j,  0.00020102-1.11087409e-03j,
                -0.01233784-6.31419616e-03j],
               [-0.00010694-3.89938629e-05j, -0.00167544+1.96328487e-03j,
                -0.00028486-1.12215513e-04j, ...,
                 0.00020102+1.11087409e-03j,  0.00076972+5.37843036e-18j,
                 0.00140043-2.04289687e-03j],
               [-0.00024829+4.48872282e-04j, -0.01895132-3.84115890e-03j,
                -0.00036787-3.01017073e-03j, ...,
                -0.01233784+6.31419616e-03j,  0.00140043+2.04289687e-03j,
                 0.02231718+1.34676443e-18j]],
              dims=(2, 2, 2, 2, 2))"
data/selected_mutant_qc/mutants_qftentangled_5/qftentangled_5_Mutant_Add_z_P0_Q4_[].qasm,Quratest_5,"{'00010': 1, '00011': 3, '10110': 5, '01111': 9, '10010': 2, '00101': 4, '10101': 4, '10100': 69, '01011': 4, '00001': 1, '11010': 24, '10111': 7, '01101': 62, '11000': 128, '01100': 91, '00100': 97, '11101': 12, '00110': 9, '11111': 13, '11001': 39, '10011': 7, '01110': 17, '10001': 22, '01000': 139, '01010': 9, '11100': 86, '01001': 44, '11011': 27, '11110': 14, '00000': 75}","DensityMatrix([[ 0.06677003+0.j        , -0.00236924-0.01076386j,
                -0.01264378+0.00853743j, ..., -0.02060156-0.02749021j,
                -0.02172934+0.01900508j,  0.00534028+0.03103418j],
               [-0.00236924+0.01076386j,  0.00181929+0.j        ,
                -0.00092766-0.00234122j, ...,  0.00516266-0.00234569j,
                -0.00229274-0.00417731j, -0.00519245-0.00024031j],
               [-0.01264378-0.00853743j, -0.00092766+0.00234122j,
                 0.00348589+0.j        , ...,  0.00038619+0.00783982j,
                 0.00654479-0.00082048j,  0.00295688-0.00655956j],
               ...,
               [-0.02060156+0.02749021j,  0.00516266+0.00234569j,
                 0.00038619-0.00783982j, ...,  0.01767464+0.j        ,
                -0.00112019-0.01481022j, -0.01442495-0.00737677j],
               [-0.02172934-0.01900508j, -0.00229274+0.00417731j,
                 0.00654479+0.00082048j, ..., -0.00112019+0.01481022j,
                 0.01248101+0.j        ,  0.0070955 -0.01161966j],
               [ 0.00534028-0.03103418j, -0.00519245+0.00024031j,
                 0.00295688+0.00655956j, ..., -0.01442495+0.00737677j,
                 0.0070955 +0.01161966j,  0.01485156+0.j        ]],
              dims=(2, 2, 2, 2, 2))","{'10010': 3, '11110': 10, '00011': 4, '11011': 22, '10110': 14, '10011': 6, '01110': 19, '11111': 10, '00111': 2, '10100': 63, '00010': 6, '01101': 64, '10111': 15, '01010': 17, '11100': 110, '01000': 127, '10001': 25, '01111': 18, '01100': 68, '00100': 84, '11010': 17, '00001': 10, '00000': 64, '11001': 37, '10000': 14, '00110': 4, '11101': 16, '11000': 116, '01001': 34, '00101': 8, '10101': 9, '01011': 8}","DensityMatrix([[ 0.06375734-1.01583203e-17j, -0.00215843-1.10024278e-02j,
                -0.01207561+7.92375502e-03j, ...,
                -0.01804319-2.42201019e-02j, -0.01935533+1.68648987e-02j,
                 0.00466266+2.75776513e-02j],
               [-0.00215843+1.10024278e-02j,  0.00332197+1.63189499e-18j,
                -0.00091121-2.55159064e-03j, ...,
                 0.00507699-2.33115325e-03j, -0.00209569-3.72372710e-03j,
                -0.00482102-1.07878872e-04j],
               [-0.01207561-7.92375502e-03j, -0.00091121+2.55159064e-03j,
                 0.00423853-8.87581408e-18j, ...,
                 0.00036398+6.82513390e-03j,  0.00600364-8.06095434e-04j,
                 0.00262134-5.85379079e-03j],
               ...,
               [-0.01804319+2.42201019e-02j,  0.00507699+2.33115325e-03j,
                 0.00036398-6.82513390e-03j, ...,
                 0.01791244-1.73239439e-18j, -0.00112582-1.36661920e-02j,
                -0.01329461-6.35294994e-03j],
               [-0.01935533-1.68648987e-02j, -0.00209569+3.72372710e-03j,
                 0.00600364+8.06095434e-04j, ...,
                -0.00112582+1.36661920e-02j,  0.01252061+6.64659124e-19j,
                 0.00631488-1.08663487e-02j],
               [ 0.00466266-2.75776513e-02j, -0.00482102+1.07878872e-04j,
                 0.00262134+5.85379079e-03j, ...,
                -0.01329461+6.35294994e-03j,  0.00631488+1.08663487e-02j,
                 0.01441265-6.32872610e-18j]],
              dims=(2, 2, 2, 2, 2))"
data/selected_mutant_qc/mutants_qftentangled_5/qftentangled_5_Mutant_Add_z_P0_Q4_[].qasm,Quratest_6,"{'10000': 1, '10110': 2, '10010': 2, '01010': 4, '11000': 16, '00101': 104, '10101': 13, '10001': 8, '01000': 8, '01111': 4, '10111': 27, '01101': 4, '00010': 26, '00111': 9, '11110': 78, '01011': 7, '00001': 126, '11010': 26, '11011': 46, '01001': 39, '11101': 65, '00110': 40, '11111': 207, '00000': 96, '00100': 30, '00011': 8, '11100': 28}","DensityMatrix([[ 0.0963726 +0.j        ,  0.0239241 +0.10495817j,
                -0.00652458-0.05231669j, ...,  0.07657224+0.01639823j,
                -0.00682527+0.08361428j, -0.08715794-0.1099124j ],
               [ 0.0239241 -0.10495817j,  0.12024766+0.j        ,
                -0.05859714-0.00588157j, ...,  0.03686784-0.07932306j,
                 0.0893689 +0.02819021j, -0.14134078+0.06763731j],
               [-0.00652458+0.05231669j, -0.05859714+0.00588157j,
                 0.02884229+0.j        , ..., -0.01408598+0.04045771j,
                -0.04492864-0.00936597j,  0.06556761-0.03987319j],
               ...,
               [ 0.07657224-0.01639823j,  0.03686784+0.07932306j,
                -0.01408598-0.04045771j, ...,  0.06363022+0.j        ,
                 0.00880437+0.06759655j, -0.08795287-0.07249989j],
               [-0.00682527-0.08361428j,  0.0893689 -0.02819021j,
                -0.04492864+0.00936597j, ...,  0.00880437-0.06759655j,
                 0.07302835+0.j        , -0.08918893+0.08340368j],
               [-0.08715794+0.1099124j , -0.14134078-0.06763731j,
                 0.06556761+0.03987319j, ..., -0.08795287+0.07249989j,
                -0.08918893-0.08340368j,  0.20417879+0.j        ]],
              dims=(2, 2, 2, 2, 2))","{'01100': 1, '10110': 5, '00011': 7, '01010': 6, '01000': 13, '10010': 3, '11100': 19, '00111': 11, '10100': 4, '00000': 78, '10001': 14, '00101': 97, '10101': 12, '00110': 47, '11101': 51, '11001': 9, '01101': 10, '10111': 33, '11000': 17, '10011': 4, '01110': 2, '00010': 32, '01011': 12, '00001': 123, '11010': 32, '11111': 203, '01111': 13, '00100': 29, '11011': 31, '01001': 41, '11110': 65}","DensityMatrix([[ 0.09198564+3.23632715e-18j,  0.02113566+9.53699341e-02j,
                -0.00621973-4.67828625e-02j, ...,
                 0.06751402+1.44684740e-02j, -0.0068913 +7.42901608e-02j,
                -0.07704541-9.76064105e-02j],
               [ 0.02113566-9.53699341e-02j,  0.11418223-2.08318714e-17j,
                -0.05199573-4.44842451e-03j, ...,
                 0.03279881-7.05298885e-02j,  0.07828981+2.43979278e-02j,
                -0.12555846+6.03638087e-02j],
               [-0.00621973+4.67828625e-02j, -0.05199573+4.44842451e-03j,
                 0.02855103+1.06277200e-17j, ...,
                -0.01242587+3.52515546e-02j, -0.04058688-8.03238755e-03j,
                 0.05810525-3.55231191e-02j],
               ...,
               [ 0.06751402-1.44684740e-02j,  0.03279881+7.05298885e-02j,
                -0.01242587-3.52515546e-02j, ...,
                 0.06200621+6.96653594e-18j,  0.00822537+6.09420660e-02j,
                -0.07881642-6.45311242e-02j],
               [-0.0068913 -7.42901608e-02j,  0.07828981-2.43979278e-02j,
                -0.04058688+8.03238755e-03j, ...,
                 0.00822537-6.09420660e-02j,  0.06930124+1.95149922e-18j,
                -0.08003329+7.60281422e-02j],
               [-0.07704541+9.76064105e-02j, -0.12555846-6.03638087e-02j,
                 0.05810525+3.55231191e-02j, ...,
                -0.07881642+6.45311242e-02j, -0.08003329-7.60281422e-02j,
                 0.19064177-2.44486479e-17j]],
              dims=(2, 2, 2, 2, 2))"
data/selected_mutant_qc/mutants_qftentangled_5/qftentangled_5_Mutant_Add_z_P0_Q4_[].qasm,Quratest_7,"{'11110': 6, '00000': 5, '11100': 4, '00011': 31, '00010': 20, '00101': 41, '10101': 20, '01001': 31, '11000': 34, '10010': 20, '11010': 12, '00001': 6, '10000': 71, '11001': 30, '00111': 96, '10100': 9, '01100': 37, '00100': 29, '11111': 7, '10110': 33, '11101': 2, '00110': 71, '01010': 26, '01101': 31, '10111': 70, '10001': 32, '01000': 61, '10011': 2, '01110': 66, '01111': 106, '01011': 15}","DensityMatrix([[ 3.53683708e-03+0.j        ,  7.18297524e-05+0.00376603j,
                -7.65656859e-03-0.00203367j, ...,
                -1.04642602e-03+0.00303979j, -5.84618809e-03-0.00079948j,
                 3.23827407e-03-0.004284j  ],
               [ 7.18297524e-05-0.00376603j,  4.01152882e-03+0.j        ,
                -2.32094606e-03+0.00811142j, ...,
                 3.21552006e-03+0.00117597j, -9.70014054e-04+0.00620879j,
                -4.49583918e-03-0.00353512j],
               [-7.65656859e-03+0.00203367j, -2.32094606e-03-0.00811142j,
                 1.77443390e-02+0.j        , ...,
                 5.17444552e-04-0.00718225j,  1.31155626e-02-0.00163082j,
                -4.54695828e-03+0.01113602j],
               ...,
               [-1.04642602e-03-0.00303979j,  3.21552006e-03-0.00117597j,
                 5.17444552e-04+0.00718225j, ...,
                 2.92219671e-03+0.j        ,  1.04255909e-03+0.00526114j,
                -4.64004150e-03-0.0015157j ],
               [-5.84618809e-03+0.00079948j, -9.70014054e-04-0.00620879j,
                 1.31155626e-02+0.00163082j, ...,
                 1.04255909e-03-0.00526114j,  9.84412836e-03+0.j        ,
                -4.38431352e-03+0.00781319j],
               [ 3.23827407e-03+0.004284j  , -4.49583918e-03+0.00353512j,
                -4.54695828e-03-0.01113602j, ...,
                -4.64004150e-03+0.0015157j , -4.38431352e-03-0.00781319j,
                 8.15391197e-03+0.j        ]],
              dims=(2, 2, 2, 2, 2))","{'11011': 3, '11010': 10, '00001': 8, '11110': 11, '11100': 10, '00100': 27, '10001': 34, '01100': 36, '00000': 6, '11000': 44, '00010': 15, '01011': 20, '00101': 53, '10101': 16, '10010': 24, '10011': 8, '01110': 64, '10000': 68, '11001': 24, '01001': 27, '11101': 4, '00110': 49, '11111': 10, '10110': 30, '00111': 82, '10100': 9, '01111': 82, '10111': 74, '01101': 45, '00011': 34, '01000': 59, '01010': 38}","DensityMatrix([[ 5.67759990e-03+1.77817628e-17j,
                -5.91210735e-05+5.02133396e-03j,
                -7.49051735e-03-2.93208467e-03j, ...,
                -6.31692272e-04+2.94574919e-03j,
                -5.63112562e-03-3.31839685e-04j,
                 2.48171684e-03-4.40233975e-03j],
               [-5.91210735e-05-5.02133396e-03j,
                 5.51235196e-03+2.03835668e-17j,
                -2.77019909e-03+7.77271203e-03j, ...,
                 3.45754550e-03+6.40777314e-04j,
                -5.72031625e-04+5.73467761e-03j,
                -4.47545153e-03-2.79767338e-03j],
               [-7.49051735e-03+2.93208467e-03j,
                -2.77019909e-03-7.77271203e-03j,
                 1.79733328e-02+2.03571521e-17j, ...,
                 2.76023775e-04-6.31008169e-03j,
                 1.21211785e-02-1.97364661e-03j,
                -3.54343820e-03+9.89185639e-03j],
               ...,
               [-6.31692272e-04-2.94574919e-03j,
                 3.45754550e-03-6.40777314e-04j,
                 2.76023775e-04+6.31008169e-03j, ...,
                 5.07352342e-03-5.22029615e-19j,
                 6.38074291e-04+6.03921812e-03j,
                -5.85495567e-03-2.06790480e-03j],
               [-5.63112562e-03+3.31839685e-04j,
                -5.72031625e-04-5.73467761e-03j,
                 1.21211785e-02+1.97364661e-03j, ...,
                 6.38074291e-04-6.03921812e-03j,
                 1.13622169e-02-7.16255356e-18j,
                -4.54158356e-03+9.24195782e-03j],
               [ 2.48171684e-03+4.40233975e-03j,
                -4.47545153e-03+2.79767338e-03j,
                -3.54343820e-03-9.89185639e-03j, ...,
                -5.85495567e-03+2.06790480e-03j,
                -4.54158356e-03-9.24195782e-03j,
                 1.10552973e-02-2.24222075e-19j]],
              dims=(2, 2, 2, 2, 2))"
data/selected_mutant_qc/mutants_qftentangled_5/qftentangled_5_Mutant_Add_z_P0_Q4_[].qasm,Quratest_8,"{'10010': 1, '00000': 2, '00100': 19, '01011': 7, '01010': 2, '00101': 84, '10101': 11, '11000': 29, '11010': 48, '00001': 19, '00011': 39, '01111': 15, '10111': 18, '01101': 15, '00111': 84, '10100': 1, '01001': 13, '11011': 30, '10011': 2, '01110': 27, '10001': 15, '01000': 9, '11001': 51, '10000': 8, '00010': 82, '10110': 24, '11111': 35, '11101': 28, '00110': 201, '11100': 23, '11110': 82}","DensityMatrix([[ 0.00431012+0.j        ,  0.00662841+0.00654326j,
                -0.00158997+0.01768321j, ..., -0.00738317-0.00949918j,
                -0.00086695-0.01854362j,  0.00572794-0.00850828j],
               [ 0.00662841-0.00654326j,  0.02012711+0.j        ,
                 0.02440002+0.02960831j, ..., -0.02577527-0.00340002j,
                -0.02948464-0.02720161j, -0.00410773-0.02178035j],
               [-0.00158997-0.01768321j,  0.02440002-0.02960831j,
                 0.07313583+0.j        , ..., -0.03624892+0.0337953j ,
                -0.0757595 +0.01039745j, -0.03702012-0.02036148j],
               ...,
               [-0.00738317+0.00949918j, -0.02577527+0.00340002j,
                -0.03624892-0.0337953j , ...,  0.0335828 +0.j        ,
                 0.04235386+0.02985429j,  0.00893976+0.02719854j],
               [-0.00086695+0.01854362j, -0.02948464+0.02720161j,
                -0.0757595 -0.01039745j, ...,  0.04235386-0.02985429j,
                 0.07995545+0.j        ,  0.03545346+0.02635494j],
               [ 0.00572794+0.00850828j, -0.00410773+0.02178035j,
                -0.03702012+0.02036148j, ...,  0.00893976-0.02719854j,
                 0.03545346-0.02635494j,  0.02440773+0.j        ]],
              dims=(2, 2, 2, 2, 2))","{'01100': 5, '01000': 12, '00000': 5, '01011': 8, '10110': 33, '11000': 25, '10010': 9, '10001': 15, '11100': 17, '01010': 10, '00101': 70, '10101': 13, '01111': 15, '01110': 20, '10011': 9, '10111': 24, '01101': 15, '10100': 3, '00111': 75, '11110': 79, '11101': 50, '00110': 160, '11111': 29, '00001': 25, '11010': 45, '11011': 39, '01001': 33, '11001': 42, '10000': 14, '00010': 69, '00100': 17, '00011': 39}","DensityMatrix([[ 0.00538678-4.34746575e-18j,  0.00677482+5.93200436e-03j,
                -0.00127672+1.62537640e-02j, ...,
                -0.0067087 -8.35182986e-03j, -0.00081933-1.60029744e-02j,
                 0.00503767-7.31996196e-03j],
               [ 0.00677482-5.93200436e-03j,  0.02041724+9.81146661e-20j,
                 0.02198123+2.70295857e-02j, ...,
                -0.02415239-2.57551363e-03j, -0.0260554 -2.35332863e-02j,
                -0.00374258-1.90334909e-02j],
               [-0.00127672-1.62537640e-02j,  0.02198123-2.70295857e-02j,
                 0.0689486 +8.56867031e-18j, ...,
                -0.03152931+2.98838331e-02j, -0.0680843 +9.83478861e-03j,
                -0.03262359-1.79958889e-02j],
               ...,
               [-0.0067087 +8.35182986e-03j, -0.02415239+2.57551363e-03j,
                -0.03152931-2.98838331e-02j, ...,
                 0.03425693+5.53284830e-18j,  0.03906561+2.74097212e-02j,
                 0.00863211+2.50264957e-02j],
               [-0.00081933+1.60029744e-02j, -0.0260554 +2.35332863e-02j,
                -0.0680843 -9.83478861e-03j, ...,
                 0.03906561-2.74097212e-02j,  0.07666252+1.29984720e-17j,
                 0.03369055+2.42196575e-02j],
               [ 0.00503767+7.31996196e-03j, -0.00374258+1.90334909e-02j,
                -0.03262359+1.79958889e-02j, ...,
                 0.00863211-2.50264957e-02j,  0.03369055-2.42196575e-02j,
                 0.02461479-1.38900230e-17j]],
              dims=(2, 2, 2, 2, 2))"
data/selected_mutant_qc/mutants_qftentangled_5/qftentangled_5_Mutant_Add_z_P0_Q4_[].qasm,Quratest_9,"{'11111': 1, '00011': 5, '11110': 1, '00010': 4, '01111': 21, '00100': 5, '00000': 6, '10101': 104, '00101': 27, '11000': 40, '00111': 10, '10100': 48, '01000': 37, '10001': 60, '00001': 4, '11010': 29, '01011': 71, '10010': 34, '11100': 7, '01101': 36, '10111': 49, '01010': 77, '01110': 24, '10011': 6, '01100': 48, '11011': 16, '01001': 70, '11101': 5, '00110': 30, '10110': 104, '10000': 16, '11001': 29}","DensityMatrix([[ 0.00383234+0.j        , -0.00288663+0.00227038j,
                 0.00197528-0.00220167j, ..., -0.00461408-0.0021329j ,
                 0.00314395-0.00119979j, -0.00229022+0.00108162j],
               [-0.00288663-0.00227038j,  0.00351933+0.j        ,
                -0.00279217+0.00048815j, ...,  0.00221187+0.00434007j,
                -0.0030789 -0.00095884j,  0.00236584+0.00054208j],
               [ 0.00197528+0.00220167j, -0.00279217-0.00048815j,
                 0.00228297+0.j        , ..., -0.00115286-0.00375013j,
                 0.00230975+0.00118779j, -0.00180183-0.00075823j],
               ...,
               [-0.00461408+0.0021329j ,  0.00221187-0.00434007j,
                -0.00115286+0.00375013j, ...,  0.00674235+0.j        ,
                -0.00311752+0.00319431j,  0.0021554 -0.00257688j],
               [ 0.00314395+0.00119979j, -0.0030789 +0.00095884j,
                 0.00230975-0.00118779j, ..., -0.00311752-0.00319431j,
                 0.00295483+0.j        , -0.00221746+0.00017033j],
               [-0.00229022-0.00108162j,  0.00236584-0.00054208j,
                -0.00180183+0.00075823j, ...,  0.0021554 +0.00257688j,
                -0.00221746-0.00017033j,  0.00167391+0.j        ]],
              dims=(2, 2, 2, 2, 2))","{'00011': 4, '00100': 3, '00010': 4, '11110': 8, '10010': 21, '10011': 8, '01110': 16, '11100': 10, '11111': 4, '10101': 82, '00101': 40, '10100': 49, '00111': 14, '00000': 8, '01100': 49, '01001': 73, '11011': 16, '00001': 6, '11010': 27, '01011': 67, '11101': 14, '00110': 27, '10110': 62, '01010': 78, '01101': 43, '10111': 55, '10000': 30, '11001': 20, '11000': 41, '01111': 22, '01000': 55, '10001': 68}","DensityMatrix([[ 0.00466553-3.24803223e-18j, -0.00362731+2.68054075e-03j,
                 0.00240892-2.65694974e-03j, ...,
                -0.00433863-1.97163596e-03j,  0.00303194-1.11179488e-03j,
                -0.00221235+9.29615750e-04j],
               [-0.00362731-2.68054075e-03j,  0.00519742-6.50060359e-18j,
                -0.00376145+9.75990142e-04j, ...,
                 0.00207663+4.14566054e-03j, -0.00287198-9.82257014e-04j,
                 0.00222266+6.00393693e-04j],
               [ 0.00240892+2.65694974e-03j, -0.00376145-9.75990142e-04j,
                 0.00381226-2.73316920e-18j, ...,
                -0.00105018-3.37785926e-03j,  0.00208653+1.22901685e-03j,
                -0.00161411-7.89034487e-04j],
               ...,
               [-0.00433863+1.97163596e-03j,  0.00207663-4.14566054e-03j,
                -0.00105018+3.37785926e-03j, ...,
                 0.00855135+4.17286803e-18j, -0.00428743+3.33780271e-03j,
                 0.00310446-2.27562311e-03j],
               [ 0.00303194+1.11179488e-03j, -0.00287198+9.82257014e-04j,
                 0.00208653-1.22901685e-03j, ...,
                -0.00428743-3.33780271e-03j,  0.00462702-5.21139527e-18j,
                -0.00323504-1.27155684e-04j],
               [-0.00221235-9.29615750e-04j,  0.00222266-6.00393693e-04j,
                -0.00161411+7.89034487e-04j, ...,
                 0.00310446+2.27562311e-03j, -0.00323504+1.27155684e-04j,
                 0.00284567-1.18792035e-17j]],
              dims=(2, 2, 2, 2, 2))"
