,Name,Input,Ideal_chisquare,Noisy_chisquare,Ideal_hellinger,Noisy_hellinger,Ideal_trace,Noisy_trace,Ideal_fidelity,Noisy_fidelity,Killed_IC,Killed_NC,Killed_IH,Killed_NH,Killed_IT,Killed_NT,Killed_IF,Killed_NF
0,qpeexact_3_Mutant_Add_cp_P3_Q2_[3.9269908169872414].qasm,PureState_0,0.9004963591782429,0,0.0013815139843403555,0.1218582341617689,0.0,0.00023200858975500302,0.9999999999999993,0.9997502202659262,False,True,False,True,False,True,False,True
1,qpeexact_3_Mutant_Add_cp_P3_Q2_[3.9269908169872414].qasm,PureState_1,2.1206028568257403e-125,0,0.2907445312078253,0.2962055677213536,0.35355339100000005,0.3379464296341,0.1464466099822813,0.1994244810037536,True,True,True,True,True,True,True,True
2,qpeexact_3_Mutant_Add_cp_P3_Q2_[3.9269908169872414].qasm,PureState_2,0,0,0.7922204694754132,0.6991052787311347,0.8535533909999999,0.8159163292816001,0.1464466099819241,0.19731198645982664,True,True,True,True,True,True,True,True
3,qpeexact_3_Mutant_Add_cp_P3_Q2_[3.9269908169872414].qasm,PureState_3,,0,0.0,0.15400905983632326,0.0,0.0006173464892900324,1.0,0.9997514242692908,False,True,False,True,False,True,False,True
4,qpeexact_3_Mutant_Add_cp_P3_Q2_[3.9269908169872414].qasm,PureState_4,0.21129606355977026,0,0.013813025042332302,0.1283976494948806,0.0,0.00022740527176500687,1.0000000000000004,0.999751904957652,False,True,False,True,False,True,False,True
5,qpeexact_3_Mutant_Add_cp_P3_Q2_[3.9269908169872414].qasm,PureState_5,,0,0.0,0.17390359233227098,0.0,0.0007731007882550296,0.9999999999999996,0.999749772854441,False,True,False,True,False,True,False,True
6,qpeexact_3_Mutant_Add_cp_P3_Q2_[3.9269908169872414].qasm,PureState_6,0,0,0.796384409559863,0.7086984121204931,0.8535533909999999,0.8152860036347,0.14644660998192394,0.19845400486192452,True,True,True,True,True,True,True,True
7,qpeexact_3_Mutant_Add_cp_P3_Q2_[3.9269908169872414].qasm,PureState_7,1.6170233892404439e-111,0,0.2749735290877521,0.31201811290849646,0.35355339100000005,0.33803885598355005,0.14644660998227088,0.19828343526979128,True,True,True,True,True,True,True,True
8,qpeexact_3_Mutant_Add_cp_P3_Q2_[3.9269908169872414].qasm,Quratest_0,1.9301981658186125e-30,1.976989932016936e-18,0.1259531175318974,0.09938122485586097,0.16201533,0.154161325,0.1713721286716532,0.1957513553766234,True,True,True,True,True,True,True,True
9,qpeexact_3_Mutant_Add_cp_P3_Q2_[3.9269908169872414].qasm,Quratest_1,4.353229554600091e-112,0,0.2211559339597625,0.2328241773255656,0.29937431060740005,0.28466995509,0.14647312332392043,0.17897845908092752,True,True,True,True,True,True,True,True
10,qpeexact_3_Mutant_Add_cp_P3_Q2_[3.9269908169872414].qasm,Quratest_2,2.4508908622996885e-54,3.4680088909943454e-50,0.18017593679628663,0.17390745941690966,0.23671504,0.22613612000000002,0.15278099446676816,0.19471510562905112,True,True,True,True,True,True,True,True
11,qpeexact_3_Mutant_Add_cp_P3_Q2_[3.9269908169872414].qasm,Quratest_3,1.8578258286331993e-61,7.516939013004971e-74,0.2191471982405963,0.23248845706664706,0.188782355,0.17668596499999997,0.22426765471874793,0.2594161906877284,True,True,True,True,True,True,True,True
12,qpeexact_3_Mutant_Add_cp_P3_Q2_[3.9269908169872414].qasm,Quratest_4,0.0,0.0,0.44412034945967677,0.41602550503337016,0.357434187335,0.34145413773,0.5197767170435671,0.545958082243363,True,True,True,True,True,True,True,True
13,qpeexact_3_Mutant_Add_cp_P3_Q2_[3.9269908169872414].qasm,Quratest_5,0.0,0.0,0.37347811853224405,0.38223039426855376,0.4723055500000001,0.44329125999999996,0.15624969024225904,0.22087324102315253,True,True,True,True,True,True,True,True
14,qpeexact_3_Mutant_Add_cp_P3_Q2_[3.9269908169872414].qasm,Quratest_6,0.19995988297822798,0.13788181557872514,0.02365716318836269,0.02599908888418049,0.0033855350000000007,0.0033767354800000133,0.9652187489123959,0.9660804237914484,False,False,False,False,True,True,True,True
15,qpeexact_3_Mutant_Add_cp_P3_Q2_[3.9269908169872414].qasm,Quratest_7,1.950557728590439e-29,3.839881064486855e-16,0.12216971227056826,0.09681742773023334,0.12829379284999998,0.12241975855000005,0.20014234131222547,0.22041640727632114,True,True,True,True,True,True,True,True
16,qpeexact_3_Mutant_Add_cz_P4_Q0_[].qasm,PureState_0,0,0.0,0.5220225574839575,0.4071667823870361,0.5,0.47859910075790496,0.24999999999999978,0.2958685247284192,True,True,True,True,True,True,True,True
17,qpeexact_3_Mutant_Add_cz_P4_Q0_[].qasm,PureState_1,0,0.0,0.5149466851494064,0.40050746753221644,0.5,0.47859914545135,0.24999999999999994,0.2959432880343437,True,True,True,True,True,True,True,True
18,qpeexact_3_Mutant_Add_cz_P4_Q0_[].qasm,PureState_2,0,0.0,0.7043499774482431,0.5695014339427504,0.75,0.7174335506966999,0.25000000000000033,0.2950134457829465,True,True,True,True,True,True,True,True
19,qpeexact_3_Mutant_Add_cz_P4_Q0_[].qasm,PureState_3,0,0.0,0.7217662858234501,0.5851143730764242,0.75,0.717689162875765,0.2500000000000002,0.2949390191077564,True,True,True,True,True,True,True,True
20,qpeexact_3_Mutant_Add_cz_P4_Q0_[].qasm,PureState_4,0,0.0,0.5292094389110826,0.4089749065906421,0.5,0.47859910070891,0.24999999999999994,0.2953734047620691,True,True,True,True,True,True,True,True
21,qpeexact_3_Mutant_Add_cz_P4_Q0_[].qasm,PureState_5,0,0.0,0.7224727819099321,0.5708143030320386,0.75,0.717226955002225,0.2500000000000001,0.2954422590183203,True,True,True,True,True,True,True,True
22,qpeexact_3_Mutant_Add_cz_P4_Q0_[].qasm,PureState_6,0,0.0,0.7029755050800435,0.5531548088872978,0.75,0.71714125034625,0.2500000000000002,0.2955058696317547,True,True,True,True,True,True,True,True
23,qpeexact_3_Mutant_Add_cz_P4_Q0_[].qasm,PureState_7,0,0.0,0.5332400035068432,0.43329094768794046,0.5,0.47859914500129996,0.2499999999999999,0.295436352173548,True,True,True,True,True,True,True,True
24,qpeexact_3_Mutant_Add_cz_P4_Q0_[].qasm,Quratest_0,0.34751414386934887,0.001100039419082112,0.020095070101404402,0.0440814219645536,0.127161465,0.12058928999999999,0.36688492645582665,0.4142984483045582,False,True,False,False,True,True,True,True
25,qpeexact_3_Mutant_Add_cz_P4_Q0_[].qasm,Quratest_1,0,0.0,0.6858987941936441,0.5958667407643097,0.68193746789681,0.65149279599,0.11399515453811132,0.16170861517287713,True,True,True,True,True,True,True,True
26,qpeexact_3_Mutant_Add_cz_P4_Q0_[].qasm,Quratest_2,4.618337091318927e-115,1.5807460124458957e-110,0.30040366219665776,0.2928121388442182,0.33518135000000004,0.31681878,0.3371544408349431,0.3800067864432613,True,True,True,True,True,True,True,True
27,qpeexact_3_Mutant_Add_cz_P4_Q0_[].qasm,Quratest_3,1.985490168116084e-155,5.520081088864241e-164,0.26506068403365673,0.2718880361265075,0.39596239499999997,0.37212272999999996,0.061966800622848636,0.12465028789060464,True,True,True,True,True,True,True,True
28,qpeexact_3_Mutant_Add_cz_P4_Q0_[].qasm,Quratest_4,0.0,6.829068401372813e-258,0.25243655004094584,0.21206493760179193,0.451237031229,0.43066155183,0.4250724266421169,0.4553124808062642,True,True,True,True,True,True,True,True
29,qpeexact_3_Mutant_Add_cz_P4_Q0_[].qasm,Quratest_5,1.720728727360261e-214,1.021121152182348e-200,0.3633873696262488,0.35565056738238,0.5322267015065,0.497559854795,0.3496332581177711,0.4061968613328493,True,True,True,True,True,True,True,True
30,qpeexact_3_Mutant_Add_cz_P4_Q0_[].qasm,Quratest_6,2.5257207647127093e-192,1.2253654058414267e-181,0.2769343461603151,0.2792671079032072,0.38136201500000005,0.35699148801,0.2793110563894807,0.33792729381647085,True,True,True,True,True,True,True,True
31,qpeexact_3_Mutant_Add_cz_P4_Q0_[].qasm,Quratest_7,0.0,0.0,0.5688226214915585,0.5407961537970316,0.67536996005,0.64464099145,0.31360844848321706,0.3577012342314435,True,True,True,True,True,True,True,True
32,qpeexact_3_Mutant_Add_p_P5_Q0_[0.0].qasm,PureState_0,0.8512282334237806,0,0.0020723246232373484,0.12191415128741565,0.0,9.021376549772499e-17,0.9999999999999993,0.9999999959063797,False,True,False,True,False,False,False,False
33,qpeexact_3_Mutant_Add_p_P5_Q0_[0.0].qasm,PureState_1,0.34836899620340733,0,0.010358687546641076,0.12177932999451868,0.0,3.5682159480475e-17,1.0,0.9999999965006008,False,True,False,True,False,False,False,False
34,qpeexact_3_Mutant_Add_p_P5_Q0_[0.0].qasm,PureState_2,,0,0.0,0.15562474979979976,0.0,4.677622086466474e-17,1.0000000000000013,0.9999999967012021,False,True,False,True,False,False,False,False
35,qpeexact_3_Mutant_Add_p_P5_Q0_[0.0].qasm,PureState_3,,0,0.0,0.15400905983632326,0.0,3.9180120451112345e-17,1.0,0.99999999690494,False,True,False,True,False,False,False,False
36,qpeexact_3_Mutant_Add_p_P5_Q0_[0.0].qasm,PureState_4,1.0,0,0.0,0.12746971812896973,0.0,8.328619985985049e-17,1.0000000000000004,0.9999999961063621,False,True,False,True,False,False,False,False
37,qpeexact_3_Mutant_Add_p_P5_Q0_[0.0].qasm,PureState_5,,0,0.0,0.17390359233227098,0.0,4.974367898575999e-18,0.9999999999999996,0.9999999963051005,False,True,False,True,False,False,False,False
38,qpeexact_3_Mutant_Add_p_P5_Q0_[0.0].qasm,PureState_6,,0,0.0,0.16950843122097695,0.0,1.1445608775779999e-17,1.0,0.9999999960990009,False,True,False,True,False,False,False,False
39,qpeexact_3_Mutant_Add_p_P5_Q0_[0.0].qasm,PureState_7,0.2349867023036668,0,0.013120866539896107,0.10876966859132502,0.0,1.0843490760118001e-17,0.9999999999999996,0.999999996300803,False,True,False,True,False,False,False,False
40,qpeexact_3_Mutant_Add_p_P5_Q0_[0.0].qasm,Quratest_0,0.28766675682157106,0.19051589813699998,0.02118439348698256,0.023746463276264777,0.0,5.3258453309999995e-17,1.0000001193140977,0.9999999999999982,False,False,False,False,False,False,False,False
41,qpeexact_3_Mutant_Add_p_P5_Q0_[0.0].qasm,Quratest_1,0,0.0005155082863514814,0.034235877789290964,0.07104281846976143,0.0,1.0726377390999999e-16,1.0000000029131653,0.9999999960399997,True,True,False,True,False,False,False,False
42,qpeexact_3_Mutant_Add_p_P5_Q0_[0.0].qasm,Quratest_2,0.002953922975044663,0.003992439109752793,0.04209940998920157,0.041640150459015667,0.0,1.49841186825e-16,1.0000000662685615,1.0000000000000004,True,True,False,False,False,False,False,False
43,qpeexact_3_Mutant_Add_p_P5_Q0_[0.0].qasm,Quratest_3,0.18501998962829705,0.0019330303950012295,0.023878494933669,0.042305846034519874,0.0,1.06566956953e-16,1.0000000963733857,1.0000000200000003,False,True,False,False,False,False,False,False
44,qpeexact_3_Mutant_Add_p_P5_Q0_[0.0].qasm,Quratest_4,0.03017549122626264,0.0870113289598176,0.03290845456373831,0.031972902792002274,0.0,1.03163640725e-16,1.0000000012458186,0.9999999966800002,False,False,False,False,False,False,False,False
45,qpeexact_3_Mutant_Add_p_P5_Q0_[0.0].qasm,Quratest_5,0.7292081315635086,0.4611780609671655,0.012652882129750397,0.017647542765504474,0.0,8.57486063715e-17,1.0000000712498491,1.000000040000001,False,False,False,False,False,False,False,False
46,qpeexact_3_Mutant_Add_p_P5_Q0_[0.0].qasm,Quratest_6,0.21886239075890632,0.015196104720907457,0.023209428750841827,0.035845798364088195,0.0,1.011512822575e-16,1.0000001093719193,0.9999999963600004,False,False,False,False,False,False,False,False
47,qpeexact_3_Mutant_Add_p_P5_Q0_[0.0].qasm,Quratest_7,0.25749390459923654,0.03812215643145938,0.02154922977929197,0.03288000762485002,0.0,1.298875021745e-16,1.0000000815417922,0.9999999981999992,False,False,False,False,False,False,False,False
48,qpeexact_3_Mutant_Add_rx_P0_Q0_[4.71238898038469].qasm,PureState_0,0,0,0.5335305086016873,0.5507524168805358,0.5,0.47710192060103995,0.4999999999999998,0.5336920434479223,True,True,True,True,True,True,True,True
49,qpeexact_3_Mutant_Add_rx_P0_Q0_[4.71238898038469].qasm,PureState_1,0,0,0.5488431078471476,0.541196100146197,0.5,0.4769173614137,0.5000000000000001,0.5338997436950976,True,True,True,True,True,True,True,True
50,qpeexact_3_Mutant_Add_rx_P0_Q0_[4.71238898038469].qasm,PureState_2,0,0,0.5418340062084677,0.44487005423226844,0.5,0.47832514369065,0.5000000000000002,0.5328916347040509,True,True,True,True,True,True,True,True
51,qpeexact_3_Mutant_Add_rx_P0_Q0_[4.71238898038469].qasm,PureState_3,0,0,0.5437469730039513,0.472899463287822,0.5,0.47857532401845004,0.49999999999999944,0.5326721046799713,True,True,True,True,True,True,True,True
52,qpeexact_3_Mutant_Add_rx_P0_Q0_[4.71238898038469].qasm,PureState_4,0,0,0.5399198986450076,0.5488431078471476,0.5,0.477309444024675,0.5000000000000001,0.5334357051572959,True,True,True,True,True,True,True,True
53,qpeexact_3_Mutant_Add_rx_P0_Q0_[4.71238898038469].qasm,PureState_5,0,0,0.5628273739268482,0.4564574273463848,0.5,0.47853607444046,0.4999999999999998,0.5329139591042947,True,True,True,True,True,True,True,True
54,qpeexact_3_Mutant_Add_rx_P0_Q0_[4.71238898038469].qasm,PureState_6,0,0,0.5348095654765895,0.44648101507070176,0.5,0.4782859148246,0.49999999999999944,0.533136456848526,True,True,True,True,True,True,True,True
55,qpeexact_3_Mutant_Add_rx_P0_Q0_[4.71238898038469].qasm,PureState_7,0,0,0.5367270168638734,0.5621924540293316,0.5,0.47712480441809996,0.4999999999999996,0.53366994592667,True,True,True,True,True,True,True,True
56,qpeexact_3_Mutant_Add_rx_P0_Q0_[4.71238898038469].qasm,Quratest_0,6.0962694995800077e-05,0.15739174193877345,0.05053540727044175,0.02478319422435684,0.214343055,0.20441425,0.9081142143013609,0.9141839814344755,True,False,True,False,True,True,True,True
57,qpeexact_3_Mutant_Add_rx_P0_Q0_[4.71238898038469].qasm,Quratest_1,6.797356244288769e-07,0,0.05268993346818137,0.10979550335261495,0.30421540080136,0.28933401729999997,0.566434406333763,0.5949071764186386,True,True,True,True,True,True,True,True
58,qpeexact_3_Mutant_Add_rx_P0_Q0_[4.71238898038469].qasm,Quratest_2,9.759569414469103e-13,4.449163695733867e-10,0.0869486659864156,0.07712207927127553,0.37230476999999995,0.355225415,0.7227783790975503,0.7407697056942704,True,True,True,True,True,True,True,True
59,qpeexact_3_Mutant_Add_rx_P0_Q0_[4.71238898038469].qasm,Quratest_3,2.3726022387409206e-11,5.523957287414572e-23,0.08016093156513099,0.11389282375362149,0.4297934,0.401542655,0.5098915903943837,0.5496582241683078,True,True,True,True,True,True,True,True
60,qpeexact_3_Mutant_Add_rx_P0_Q0_[4.71238898038469].qasm,Quratest_4,0.0,0.0,0.38249771048862263,0.3770374086602219,0.4846817960365001,0.462939490485,0.5301671131238789,0.556972890856533,True,True,True,True,True,True,True,True
61,qpeexact_3_Mutant_Add_rx_P0_Q0_[4.71238898038469].qasm,Quratest_5,6.759298423441251e-199,3.403329444345093e-223,0.3246217385433931,0.33617292771073914,0.46226907500000003,0.43389597500000004,0.5016533250936256,0.54423098640281,True,True,True,True,True,True,True,True
62,qpeexact_3_Mutant_Add_rx_P0_Q0_[4.71238898038469].qasm,Quratest_6,3.566305841938369e-48,2.408834784638054e-39,0.20213924820297619,0.17937719124563864,0.19859072617999998,0.18735338803499996,0.6108359845219365,0.6446557328245369,True,True,True,True,True,True,True,True
63,qpeexact_3_Mutant_Add_rx_P0_Q0_[4.71238898038469].qasm,Quratest_7,9.488811376738978e-43,1.6109036545561655e-26,0.148536217119782,0.12746958063596597,0.15230349074,0.14568128739000002,0.8117167377080656,0.8249404139592582,True,True,True,True,True,True,True,True
64,qpeexact_3_Mutant_Add_rzz_P3_Q2_[3.9269908169872414].qasm,PureState_0,2.1618307509717752e-97,0,0.253616457122758,0.2868222290680998,0.35355339100000005,0.33809603874925,0.14644660998224585,0.19893779951150176,True,True,True,True,True,True,True,True
65,qpeexact_3_Mutant_Add_rzz_P3_Q2_[3.9269908169872414].qasm,PureState_1,1.4756766864735522e-111,0,0.27646443716250546,0.3170442322366735,0.35355339100000005,0.3367311218441,0.1464466099822815,0.19917327097042514,True,True,True,True,True,True,True,True
66,qpeexact_3_Mutant_Add_rzz_P3_Q2_[3.9269908169872414].qasm,PureState_2,0,0,0.7744706160729707,0.6807856892479243,0.8535533909999999,0.8159354772296501,0.14644660998192394,0.19749129026366702,True,True,True,True,True,True,True,True
67,qpeexact_3_Mutant_Add_rzz_P3_Q2_[3.9269908169872414].qasm,PureState_3,0,0,0.7635921673223554,0.692347099045736,0.8535533909999999,0.8163821196727901,0.14644660998192394,0.19700700498995669,True,True,True,True,True,True,True,True
68,qpeexact_3_Mutant_Add_rzz_P3_Q2_[3.9269908169872414].qasm,PureState_4,4.47425019707578e-95,0,0.24768552261953275,0.27517609775896734,0.35355339100000005,0.338292963904765,0.14644660998242945,0.19797673709390773,True,True,True,True,True,True,True,True
69,qpeexact_3_Mutant_Add_rzz_P3_Q2_[3.9269908169872414].qasm,PureState_5,0,0,0.7897469021229148,0.6865108573743763,0.8535533909999999,0.815907212615255,0.146446609981924,0.19796596233033043,True,True,True,True,True,True,True,True
70,qpeexact_3_Mutant_Add_rzz_P3_Q2_[3.9269908169872414].qasm,PureState_6,0,0,0.7856635588406328,0.6977305131699902,0.8535533909999999,0.8156996374877,0.14644660998192394,0.19819850010505857,True,True,True,True,True,True,True,True
71,qpeexact_3_Mutant_Add_rzz_P3_Q2_[3.9269908169872414].qasm,PureState_7,1.3523104144959603e-119,0,0.2834843008789622,0.2841674389629303,0.35355339100000005,0.33716483351204996,0.14644660998227102,0.19844535274168157,True,True,True,True,True,True,True,True
72,qpeexact_3_Mutant_Add_rzz_P3_Q2_[3.9269908169872414].qasm,Quratest_0,3.673016972873517e-14,1.1902660296135618e-12,0.09107304401806628,0.08671220904647982,0.26061397499999994,0.24848532,0.1833900863932804,0.20813587716375526,True,True,True,True,True,True,True,True
73,qpeexact_3_Mutant_Add_rzz_P3_Q2_[3.9269908169872414].qasm,Quratest_1,0,1.911533731706815e-101,0.22262528274407475,0.22052650365184268,0.277817323720165,0.26462570703500005,0.383667173979321,0.4065324120320935,True,True,True,True,True,True,True,True
74,qpeexact_3_Mutant_Add_rzz_P3_Q2_[3.9269908169872414].qasm,Quratest_2,4.724501088739432e-37,3.662585821778023e-42,0.15249202437574277,0.16166574540028164,0.38081946499999997,0.36377835000000003,0.18129855184140656,0.22059400795056225,True,True,True,True,True,True,True,True
75,qpeexact_3_Mutant_Add_rzz_P3_Q2_[3.9269908169872414].qasm,Quratest_3,2.33063834951098e-102,6.40455113474883e-65,0.25252946667657145,0.2069448577963872,0.41140333500000004,0.384261385,0.14729356606486843,0.1838658690943129,True,True,True,True,True,True,True,True
76,qpeexact_3_Mutant_Add_rzz_P3_Q2_[3.9269908169872414].qasm,Quratest_4,0.0,0.0,0.4607376559145759,0.44585961807376756,0.5483640756525,0.52393501003,0.14698412107665587,0.18554527239297874,True,True,True,True,True,True,True,True
77,qpeexact_3_Mutant_Add_rzz_P3_Q2_[3.9269908169872414].qasm,Quratest_5,9.043190246415562e-211,1.7018289254966697e-231,0.30509305136532183,0.3042541902386428,0.40892078499999995,0.380479075,0.1487054228964522,0.21180636605014416,True,True,True,True,True,True,True,True
78,qpeexact_3_Mutant_Add_rzz_P3_Q2_[3.9269908169872414].qasm,Quratest_6,6.058222873528797e-05,0.015182470708572248,0.050726756849955985,0.03420646115712752,0.10547125341,0.100938497765,0.3073581474475203,0.36090289805584197,True,False,True,False,True,True,True,True
79,qpeexact_3_Mutant_Add_rzz_P3_Q2_[3.9269908169872414].qasm,Quratest_7,6.408514969007599e-156,2.708531829154859e-113,0.26843053103106623,0.2359457735239549,0.38803441385000004,0.36964181405,0.2927263079333718,0.30184262178005944,True,True,True,True,True,True,True,True
80,qpeexact_3_Mutant_Add_sx_P0_Q0_[].qasm,PureState_0,0,0,0.5488431078471476,0.5507524168805358,0.5,0.475935145555475,0.4999999999999999,0.5335109545581316,True,True,True,True,True,True,True,True
81,qpeexact_3_Mutant_Add_sx_P0_Q0_[].qasm,PureState_1,0,0,0.5335305086016873,0.5602873593049109,0.5,0.47575197273775,0.5000000000000002,0.533740419014207,True,True,True,True,True,True,True,True
82,qpeexact_3_Mutant_Add_sx_P0_Q0_[].qasm,PureState_2,0,0,0.5200590393209726,0.4232590466722112,0.5,0.47837955741669996,0.4999999999999999,0.5327246229126127,True,True,True,True,True,True,True,True
83,qpeexact_3_Mutant_Add_sx_P0_Q0_[].qasm,PureState_3,0,0,0.537365874152504,0.46665068834913953,0.5,0.47862980224856505,0.49999999999999944,0.5324845484521468,True,True,True,True,True,True,True,True
84,qpeexact_3_Mutant_Add_sx_P0_Q0_[].qasm,PureState_4,0,0,0.5424717855199812,0.5545685314345643,0.5,0.47614263752614,0.5000000000000002,0.5332657968868887,True,True,True,True,True,True,True,True
85,qpeexact_3_Mutant_Add_sx_P0_Q0_[].qasm,PureState_5,0,0,0.5380045886826806,0.4319138781313046,0.5,0.47859054946371493,0.4999999999999998,0.5327576808200641,True,True,True,True,True,True,True,True
86,qpeexact_3_Mutant_Add_sx_P0_Q0_[].qasm,PureState_6,0,0,0.5392815986389776,0.45085018951524386,0.5,0.47834032537715004,0.49999999999999944,0.5329646923028825,True,True,True,True,True,True,True,True
87,qpeexact_3_Mutant_Add_sx_P0_Q0_[].qasm,PureState_7,0,0,0.5456588605116458,0.5354488648255005,0.5,0.47595938480344996,0.5000000000000001,0.5334731468368611,True,True,True,True,True,True,True,True
88,qpeexact_3_Mutant_Add_sx_P0_Q0_[].qasm,Quratest_0,1.4228904461223075e-05,0.0011998789600535572,0.05519335764887235,0.04436404460201455,0.214343055,0.20437053,0.9081142123482866,0.9141677353560542,True,True,True,False,True,True,True,True
89,qpeexact_3_Mutant_Add_sx_P0_Q0_[].qasm,Quratest_1,1.4094656830165354e-212,0,0.30306528479558414,0.3083176570630217,0.43322141384456,0.41192604759,0.5664344060366584,0.5951044625849439,True,True,True,True,True,True,True,True
90,qpeexact_3_Mutant_Add_sx_P0_Q0_[].qasm,Quratest_2,1.0436927150042613e-08,6.117213207833364e-11,0.07215998360377168,0.08083699835539472,0.37230477,0.35447453500000004,0.722778369518951,0.7406555444206816,True,True,True,True,True,True,True,True
91,qpeexact_3_Mutant_Add_sx_P0_Q0_[].qasm,Quratest_3,7.227380818582959e-15,0.001144762901781884,0.09026181049436995,0.04400154754437078,0.42757762000000005,0.39939880000000005,0.509891600214823,0.5495913706769802,True,True,True,False,True,True,True,True
92,qpeexact_3_Mutant_Add_sx_P0_Q0_[].qasm,Quratest_4,0.0,0.0,0.4380022559388052,0.3970948370624984,0.4846817960365001,0.46202674011,0.5301671139940872,0.5568203059176844,True,True,True,True,True,True,True,True
93,qpeexact_3_Mutant_Add_sx_P0_Q0_[].qasm,Quratest_5,6.938217539455356e-108,1.242206415959022e-105,0.26125619271123546,0.2571014500272494,0.366363935,0.342070015,0.5016533281365395,0.5438656524310831,True,True,True,True,True,True,True,True
94,qpeexact_3_Mutant_Add_sx_P0_Q0_[].qasm,Quratest_6,3.115012649701059e-241,4.0385231781121636e-281,0.3966781511152589,0.41367166051242066,0.54713684618,0.514999582985,0.6108359952973782,0.644160230119644,True,True,True,True,True,True,True,True
95,qpeexact_3_Mutant_Add_sx_P0_Q0_[].qasm,Quratest_7,2.1877849178532275e-119,1.5039402718339497e-86,0.23969362972248143,0.2092400091984566,0.31995358704,0.3047283476,0.8117167350429971,0.824802923303205,True,True,True,True,True,True,True,True
96,qpeexact_3_Mutant_Add_t_P0_Q0_[].qasm,PureState_0,0.007183008318986521,0,0.029704635496440673,0.12332608468436396,1.9771601600000004e-33,9.021376549772499e-17,0.9999999999999996,0.9999999959063797,True,True,False,True,False,False,False,False
97,qpeexact_3_Mutant_Add_t_P0_Q0_[].qasm,PureState_1,0.04544095580152962,0,0.02210046075062748,0.12151976376824655,1.9771601600000004e-33,3.5682159480475e-17,0.9999999999999996,0.9999999965006008,False,True,False,True,False,False,False,False
98,qpeexact_3_Mutant_Add_t_P0_Q0_[].qasm,PureState_2,,0,0.0,0.15562474979979976,0.0,4.677622086466474e-17,1.0000000000000013,0.9999999967012021,False,True,False,True,False,False,False,False
99,qpeexact_3_Mutant_Add_t_P0_Q0_[].qasm,PureState_3,,0,0.0,0.15400905983632326,0.0,3.9180120451112345e-17,1.0,0.99999999690494,False,True,False,True,False,False,False,False
100,qpeexact_3_Mutant_Add_t_P0_Q0_[].qasm,PureState_4,0.38157027334795657,0,0.00966816255593541,0.12796597417909916,0.0,8.328619985985049e-17,1.0000000000000004,0.9999999961063621,False,True,False,True,False,False,False,False
101,qpeexact_3_Mutant_Add_t_P0_Q0_[].qasm,PureState_5,,0,0.0,0.17390359233227098,5.1098782600000005e-33,4.974367898575999e-18,1.0000000000000004,0.9999999963051005,False,True,False,True,False,False,False,False
102,qpeexact_3_Mutant_Add_t_P0_Q0_[].qasm,PureState_6,,0,0.0,0.16950843122097695,2.413768249e-32,1.1445608775779999e-17,1.0,0.9999999960990009,False,True,False,True,False,False,False,False
103,qpeexact_3_Mutant_Add_t_P0_Q0_[].qasm,PureState_7,0.7076343979652815,0,0.004143348029287413,0.1096676514641818,0.0,1.0843490760118001e-17,0.9999999999999996,0.999999996300803,False,True,False,True,False,False,False,False
104,qpeexact_3_Mutant_Add_t_P0_Q0_[].qasm,Quratest_0,0.05953638768501282,0.000456517455475023,0.03008182567323549,0.04525006728923188,0.15690935500000003,0.149802215,0.8804662479353267,0.8869591830029757,False,True,False,False,True,True,True,True
105,qpeexact_3_Mutant_Add_t_P0_Q0_[].qasm,Quratest_1,3.049372544692444e-15,0,0.09613988602459861,0.14694161045583695,0.11316251734500002,0.10765159861000005,0.88124473156315,0.8862048528129899,True,True,True,True,True,True,True,True
106,qpeexact_3_Mutant_Add_t_P0_Q0_[].qasm,Quratest_2,1.6467570744291607e-05,4.43911780397571e-07,0.056911512962537776,0.06488924988181596,0.161477765,0.15348324,0.9347498198353177,0.9389691951747446,True,True,True,True,True,True,True,True
107,qpeexact_3_Mutant_Add_t_P0_Q0_[].qasm,Quratest_3,0.7224654699566941,0.00565055813387043,0.01283225504083071,0.039159529477194,0.056470735000000036,0.05307976999999999,0.8901054724629206,0.8994677693627611,False,True,False,False,True,True,True,True
108,qpeexact_3_Mutant_Add_t_P0_Q0_[].qasm,Quratest_4,0.49884426514867997,0.01268701868037544,0.01650341891852833,0.03917409424115794,0.049997220499999995,0.04767392013,0.9911642586812722,0.9917074902807177,False,False,False,False,True,True,True,True
109,qpeexact_3_Mutant_Add_t_P0_Q0_[].qasm,Quratest_5,0.00047065548649349506,0.0014753086803034408,0.05308110906070567,0.04691588171196167,0.03976053048050001,0.037241020625,0.8549003863772305,0.8683677801171291,True,True,True,False,True,True,True,True
110,qpeexact_3_Mutant_Add_t_P0_Q0_[].qasm,Quratest_6,5.036115248887358e-34,1.6342632328922182e-31,0.1283633195245193,0.12739862953616662,0.13778035304500003,0.1295024846,0.8537153409818019,0.866541997807622,True,True,True,True,True,True,True,True
111,qpeexact_3_Mutant_Add_t_P0_Q0_[].qasm,Quratest_7,1.0527786052051353e-11,6.604058564664736e-10,0.07318043446092026,0.07450488384509815,0.04717126304999999,0.045380452450000025,0.8545290957169664,0.8593374142637661,True,True,True,True,True,True,True,True
112,qpeexact_3_Mutant_Add_z_P0_Q0_[].qasm,PureState_0,0.5736701326912128,0,0.006218095762745445,0.12232995463873181,0.0,9.021376549772499e-17,0.9999999999999993,0.9999999959063797,False,True,False,True,False,False,False,False
113,qpeexact_3_Mutant_Add_z_P0_Q0_[].qasm,PureState_1,0.45313059841018777,0,0.008287118994744696,0.12194072634634524,0.0,3.5682159480475e-17,1.0,0.9999999965006008,False,True,False,True,False,False,False,False
114,qpeexact_3_Mutant_Add_z_P0_Q0_[].qasm,PureState_2,,0,0.0,0.15562474979979976,0.0,4.677622086466474e-17,1.0000000000000013,0.9999999967012021,False,True,False,True,False,False,False,False
115,qpeexact_3_Mutant_Add_z_P0_Q0_[].qasm,PureState_3,,0,0.0,0.15400905983632326,0.0,3.9180120451112345e-17,1.0,0.99999999690494,False,True,False,True,False,False,False,False
116,qpeexact_3_Mutant_Add_z_P0_Q0_[].qasm,PureState_4,0.31730681565449714,0,0.011050989320591264,0.12778452176932523,0.0,8.328619985985049e-17,1.0000000000000004,0.9999999961063621,False,True,False,True,False,False,False,False
117,qpeexact_3_Mutant_Add_z_P0_Q0_[].qasm,PureState_5,,0,0.0,0.17390359233227098,0.0,4.974367898575999e-18,0.9999999999999996,0.9999999963051005,False,True,False,True,False,False,False,False
118,qpeexact_3_Mutant_Add_z_P0_Q0_[].qasm,PureState_6,,0,0.0,0.16950843122097695,0.0,1.1445608775779999e-17,1.0,0.9999999960990009,False,True,False,True,False,False,False,False
119,qpeexact_3_Mutant_Add_z_P0_Q0_[].qasm,PureState_7,0.15053782422463047,0,0.01588389689866889,0.10863942886099956,0.0,1.0843490760118001e-17,0.9999999999999996,0.999999996300803,False,True,False,True,False,False,False,False
120,qpeexact_3_Mutant_Add_z_P0_Q0_[].qasm,Quratest_0,0.0599863015148125,3.0098966903210176e-05,0.029554241686829876,0.052216183126778615,0.0,0.0014118250000000124,0.18377184072853683,0.20032502602055902,False,True,False,True,False,True,True,True
121,qpeexact_3_Mutant_Add_z_P0_Q0_[].qasm,Quratest_1,2.6204178925692737e-307,0,0.3668685466584694,0.36895461570253973,0.49971167099999997,0.47558754479500004,0.1890882911104942,0.2106645229218704,True,True,True,True,True,True,True,True
122,qpeexact_3_Mutant_Add_z_P0_Q0_[].qasm,Quratest_2,0.7405613457732596,0.6563739199900129,0.012412188227576715,0.014151923477285598,0.0,0.0014042299999999976,0.5544434248530477,0.5748801289068808,False,False,False,False,False,True,True,True
123,qpeexact_3_Mutant_Add_z_P0_Q0_[].qasm,Quratest_3,0.0028559976780145454,0.36403419160373135,0.040845887027142425,0.01999691216837892,0.16974859999999997,0.157931215,0.2495927551515936,0.3042649693363599,True,False,False,False,True,True,True,True
124,qpeexact_3_Mutant_Add_z_P0_Q0_[].qasm,Quratest_4,0.02264241979723646,0.02512688626307259,0.03482706989072274,0.04089500826793612,0.0,0.00044250747000000807,0.9396657756641501,0.942937592508186,False,False,False,False,False,True,True,True
125,qpeexact_3_Mutant_Add_z_P0_Q0_[].qasm,Quratest_5,2.2378951136225512e-265,1.9429838158076745e-306,0.31657444925772865,0.32025615205848407,0.31657979,0.29566068,0.009197821661877293,0.0857001182959768,True,True,True,True,True,True,True,True
126,qpeexact_3_Mutant_Add_z_P0_Q0_[].qasm,Quratest_6,5.528606034606842e-35,3.082570999024133e-33,0.13883467573473152,0.13907624604678034,0.16189232000000003,0.15345635818,0.0011053435841078846,0.07284442398558943,True,True,True,True,True,True,True,True
127,qpeexact_3_Mutant_Add_z_P0_Q0_[].qasm,Quratest_7,4.114764112203755e-16,2.1351680509619024e-13,0.08840326343580543,0.08874007727904272,0.04151016384999998,0.04004045904999999,0.0066619605288374024,0.020589524637820898,True,True,True,True,True,True,True,True
128,qpeexact_3_Mutant_Remove_h_P0_Q0.qasm,PureState_0,0.23490185404800962,0,0.013120866539896107,0.12157445623218928,1.87469973e-33,0.0015044598640500118,0.5000000000000001,0.5320731741409752,False,True,False,True,False,True,True,True
129,qpeexact_3_Mutant_Remove_h_P0_Q0.qasm,PureState_1,0.9501509864432743,0,0.0006907082995057535,0.12282560367863789,1.87469973e-33,0.0015036727810499692,0.5000000000000006,0.5323233418286321,False,True,False,True,False,True,True,True
130,qpeexact_3_Mutant_Remove_h_P0_Q0.qasm,PureState_2,0,0,0.5526608710679612,0.4556520791971552,0.5,0.47793095469929997,0.5000000000000003,0.5310118686881372,True,True,True,True,True,True,True,True
131,qpeexact_3_Mutant_Remove_h_P0_Q0.qasm,PureState_3,0,0,0.5462959271126648,0.4753979465586064,0.5,0.47818100758989507,0.49999999999999944,0.5307608831531428,True,True,True,True,True,True,True,True
132,qpeexact_3_Mutant_Remove_h_P0_Q0.qasm,PureState_4,0.31730681565449714,0,0.011049639643088884,0.1280953547967885,1.87469973e-33,0.0015045822135350078,0.5000000000000002,0.5310366223891709,False,True,False,True,False,True,True,True
133,qpeexact_3_Mutant_Remove_h_P0_Q0.qasm,PureState_5,0,0,0.5348095654765895,0.42876621435908485,0.5,0.477972880770975,0.4999999999999998,0.530919113798771,True,True,True,True,True,True,True,True
134,qpeexact_3_Mutant_Remove_h_P0_Q0.qasm,PureState_6,0,0,0.5380045886826806,0.4496020232921196,0.5,0.4777229375972,0.49999999999999944,0.5311812351575217,True,True,True,True,True,True,True,True
135,qpeexact_3_Mutant_Remove_h_P0_Q0.qasm,PureState_7,0.18931012215018342,0,0.014502314803022913,0.10869589540558602,1.87469973e-33,0.0015037952218000207,0.5000000000000001,0.5312870121925746,False,True,False,True,False,True,True,True
136,qpeexact_3_Mutant_Remove_h_P0_Q0.qasm,Quratest_0,0.003838924702923744,1.306183735115306e-06,0.039852147392448155,0.05821461863456655,0.120772855,0.115646725,0.8872980533025584,0.8910878094445246,True,True,False,True,True,True,True,True
137,qpeexact_3_Mutant_Remove_h_P0_Q0.qasm,Quratest_1,0.0,0,0.3737634765652408,0.3755672029890513,0.4998049305813099,0.47593357778,0.0024732327325338505,0.02983247572269565,True,True,True,True,True,True,True,True
138,qpeexact_3_Mutant_Remove_h_P0_Q0.qasm,Quratest_2,0.025479273443555626,0.007807129852681105,0.033375752282216245,0.037985317907124554,0.22294632999999997,0.215458945,0.0029729426513502013,0.036192682754829286,False,True,False,False,True,True,True,True
139,qpeexact_3_Mutant_Remove_h_P0_Q0.qasm,Quratest_3,0.0004433096172541068,0.8941718458906915,0.04620629631893902,0.008719799938107183,0.21450157499999997,0.20000516500000004,0.20495673086631977,0.26178049667586595,True,False,False,False,True,True,True,True
140,qpeexact_3_Mutant_Remove_h_P0_Q0.qasm,Quratest_4,0.0,8.489178300330609e-185,0.231318140571307,0.19708242424579814,0.15353391493899998,0.14731441232499998,0.73810503827711,0.7522299878211735,True,True,True,True,True,True,True,True
141,qpeexact_3_Mutant_Remove_h_P0_Q0.qasm,Quratest_5,5.255352012211611e-282,0.0,0.3440972851170513,0.3446562376401258,0.453711845,0.4231306,0.011766987138094943,0.08587752439296568,True,True,True,True,True,True,True,True
142,qpeexact_3_Mutant_Remove_h_P0_Q0.qasm,Quratest_6,3.115093177977841e-40,1.050468483367572e-39,0.14919216043221423,0.15179129044740294,0.181130882005,0.169893730485,0.09573557460932897,0.16420788097913816,True,True,True,True,True,True,True,True
143,qpeexact_3_Mutant_Remove_h_P0_Q0.qasm,Quratest_7,2.4961640572458117e-19,1.366428403416343e-13,0.09508503263962959,0.08765883343067689,0.40497570065,0.38676800125,0.25060184854256423,0.2731240474669289,True,True,True,True,True,True,True,True
144,qpeexact_3_Mutant_Remove_h_P7_Q1.qasm,PureState_0,0.8025342264183832,0,0.0027631743312909723,0.1219739006952967,1.87469973e-33,0.002196705116259991,4.5063927463853544e-17,0.05484591231623543,False,True,False,True,False,True,True,True
145,qpeexact_3_Mutant_Remove_h_P7_Q1.qasm,PureState_1,0.13350767233895364,0,0.016573953422540533,0.12150280449044465,1.87469973e-33,0.002321775925600007,5.551115150345391e-17,0.05506147002981886,False,True,False,True,False,True,True,True
146,qpeexact_3_Mutant_Remove_h_P7_Q1.qasm,PureState_2,0,0,0.5200590393209726,0.4232590466722112,0.5,0.47810601357842497,0.4999999999999999,0.5325348814670272,True,True,True,True,True,True,True,True
147,qpeexact_3_Mutant_Remove_h_P7_Q1.qasm,PureState_3,0,0,0.5437469730039513,0.472899463287822,0.5,0.47967539481357,0.49999999999999944,0.5297495141506782,True,True,True,True,True,True,True,True
148,qpeexact_3_Mutant_Remove_h_P7_Q1.qasm,PureState_4,0.5737724804876964,0,0.006215366642782497,0.1275309981901273,1.87469973e-33,0.002153859128949994,1.110223033065772e-16,0.05325137380474964,False,True,False,True,False,True,True,True
149,qpeexact_3_Mutant_Remove_h_P7_Q1.qasm,PureState_5,0,0,0.5475697300798753,0.441353138696488,0.5,0.47797782305159997,0.4999999999999998,0.5330268521857343,True,True,True,True,True,True,True,True
150,qpeexact_3_Mutant_Remove_h_P7_Q1.qasm,PureState_6,0,0,0.5360880145209729,0.44772952930527604,0.5,0.47904765426006995,0.49999999999999944,0.5307441597847916,True,True,True,True,True,True,True,True
151,qpeexact_3_Mutant_Remove_h_P7_Q1.qasm,PureState_7,0.6617191251772607,0,0.00483478284724639,0.11127634828178372,1.87469973e-33,0.0023651064041500043,5.2353631912354205e-17,0.053461047624355204,False,True,False,True,False,True,True,True
152,qpeexact_3_Mutant_Remove_h_P7_Q1.qasm,Quratest_0,1.580723621770238e-211,1.961546565640896e-181,0.4210455731800811,0.39963688245633017,0.48024212386,0.4602803901,0.3582157538933889,0.39625598670670326,True,True,True,True,True,True,True,True
153,qpeexact_3_Mutant_Remove_h_P7_Q1.qasm,Quratest_1,4.292344000729025e-08,0,0.05790696218088113,0.11187541112915378,0.17687132585750998,0.16921409705999996,0.3733671154847397,0.41049220439610046,True,True,True,True,True,True,True,True
154,qpeexact_3_Mutant_Remove_h_P7_Q1.qasm,Quratest_2,2.808022379549986e-78,2.8317369377934334e-84,0.22749412215976747,0.23550551171198136,0.33434596385000004,0.32061819739999997,0.24035461327067975,0.28034791149177934,True,True,True,True,True,True,True,True
155,qpeexact_3_Mutant_Remove_h_P7_Q1.qasm,Quratest_3,7.841425530343562e-19,1.0126777523569968e-35,0.1050829015871586,0.14339743793504128,0.19546343000000002,0.18457101999999997,0.02392147193405168,0.07437051001233734,True,True,True,True,True,True,True,True
156,qpeexact_3_Mutant_Remove_h_P7_Q1.qasm,Quratest_4,0.0,0.0,0.35910295628534944,0.3244264108577701,0.32741235290399995,0.31160513143,0.012388282718112683,0.051686443912921536,True,True,True,True,True,True,True,True
157,qpeexact_3_Mutant_Remove_h_P7_Q1.qasm,Quratest_5,1.731625702388985e-35,6.19351988004009e-41,0.1513512356098219,0.1639530745157748,0.21187843000000003,0.197782665,0.031178768192802023,0.09922151806255396,True,True,True,True,True,True,True,True
158,qpeexact_3_Mutant_Remove_h_P7_Q1.qasm,Quratest_6,1.9980480607767488e-25,1.195405557195002e-28,0.1301921698612509,0.14021251851151845,0.11167665839999996,0.10278861379500001,0.313828492463476,0.36913482831623756,True,True,True,True,True,True,True,True
159,qpeexact_3_Mutant_Remove_h_P7_Q1.qasm,Quratest_7,0.0,0.0,0.4889538597085771,0.45762410252866687,0.612570522315,0.5878282288250001,0.06266327331336413,0.11155790915731296,True,True,True,True,True,True,True,True
160,qpeexact_3_Mutant_Remove_swap_P4_Q0.qasm,PureState_0,0.8025342264183832,0,0.0027626681298471684,0.1216034389412488,0.0,0.007874470514574981,0.9999999999999993,0.9982685829625855,False,True,False,True,False,True,False,True
161,qpeexact_3_Mutant_Remove_swap_P4_Q0.qasm,PureState_1,0,0,1.0,0.9333557463258305,1.0,0.96621776069682,3.0512662180170856e-48,0.040388712727005366,True,True,True,True,True,True,True,True
162,qpeexact_3_Mutant_Remove_swap_P4_Q0.qasm,PureState_2,0,0,1.0,0.9225935237183924,1.0,0.9633927963117999,7.866005916173553e-34,0.040579999539333014,True,True,True,True,True,True,True,True
163,qpeexact_3_Mutant_Remove_swap_P4_Q0.qasm,PureState_3,,0,0.0,0.15400905983632326,0.0,0.010976263300204993,1.0,0.9981534723701989,False,True,False,True,False,True,False,True
164,qpeexact_3_Mutant_Remove_swap_P4_Q0.qasm,PureState_4,0,0,1.0,0.9354143466934853,1.0,0.9667879190908849,2.0847221260064448e-48,0.04017273221263721,True,True,True,True,True,True,True,True
165,qpeexact_3_Mutant_Remove_swap_P4_Q0.qasm,PureState_5,0,0,1.0,0.9127464263296035,1.0,0.9631962898597,1.4132445658366207e-33,0.04065324277352743,True,True,True,True,True,True,True,True
166,qpeexact_3_Mutant_Remove_swap_P4_Q0.qasm,PureState_6,,0,0.0,0.16950843122097695,4.8226053340000003e-32,0.011151404554879993,1.0,0.9979157612100752,False,True,False,True,False,True,False,True
167,qpeexact_3_Mutant_Remove_swap_P4_Q0.qasm,PureState_7,0.34845637026657184,0,0.01035829228013119,0.10896896979829788,1.7950050820000002e-32,0.008440168695659996,0.9999999999999991,0.9979658622190817,False,True,False,True,False,True,False,True
168,qpeexact_3_Mutant_Remove_swap_P4_Q0.qasm,Quratest_0,1.3720159033019921e-70,5.305566528028287e-74,0.24437523451184606,0.24869700508289322,0.28951123,0.280516335,0.0590935102165369,0.10184507637073709,True,True,True,True,True,True,True,True
169,qpeexact_3_Mutant_Remove_swap_P4_Q0.qasm,Quratest_1,0,0,0.6810046299950029,0.6083522258536145,0.71870260693446,0.691215599575,0.0984190750756423,0.13657068727672597,True,True,True,True,True,True,True,True
170,qpeexact_3_Mutant_Remove_swap_P4_Q0.qasm,Quratest_2,5.5061353910568775e-53,7.902568593063174e-58,0.19927843141580628,0.20740618532747515,0.41468636000000003,0.40142589500000003,0.17723214925076344,0.2143608531669947,True,True,True,True,True,True,True,True
171,qpeexact_3_Mutant_Remove_swap_P4_Q0.qasm,Quratest_3,1.5173754078911395e-129,4.706627834094249e-127,0.22584846088572091,0.22215594405168274,0.30427126344999994,0.29097990355,0.23257230665173276,0.2733407531083683,True,True,True,True,True,True,True,True
172,qpeexact_3_Mutant_Remove_swap_P4_Q0.qasm,Quratest_4,2.142967474457043e-26,7.839922695132484e-30,0.13676078640676828,0.14762629256614046,0.9515374082615,0.9167127927050001,0.0032424154826815633,0.028507813838773863,True,True,True,True,True,True,True,True
173,qpeexact_3_Mutant_Remove_swap_P4_Q0.qasm,Quratest_5,2.635693903894656e-162,6.390372156702277e-196,0.2171331057859736,0.23098197430596248,0.22847766000000003,0.21499758000000002,0.07218131882495851,0.131195135903312,True,True,True,True,True,True,True,True
174,qpeexact_3_Mutant_Remove_swap_P4_Q0.qasm,Quratest_6,1.1138569848973973e-145,1.6381838152025487e-128,0.2485608305860588,0.23510685751018784,0.2879503202,0.27575753142500004,0.1916032744105171,0.24330867927070793,True,True,True,True,True,True,True,True
175,qpeexact_3_Mutant_Remove_swap_P4_Q0.qasm,Quratest_7,7.916895222188576e-26,4.040969117622532e-24,0.11155671537230298,0.12154816724925396,0.14048783385,0.13707757185,0.9052092203244161,0.9085118212052062,True,True,True,True,True,True,True,True
176,qpeexact_3_Mutant_Remove_x_P2_Q2.qasm,PureState_0,0.024409727425457897,0,0.02486477551516136,0.12258922405512314,1.0,0.998472641898255,0.0,0.0024883312664073847,False,True,False,True,True,True,True,True
177,qpeexact_3_Mutant_Remove_x_P2_Q2.qasm,PureState_1,0.34836899620340733,0,0.010365810092661689,0.12491792754141176,1.0,0.998871437795545,0.0,0.0013513582750700921,False,True,False,True,True,True,True,True
178,qpeexact_3_Mutant_Remove_x_P2_Q2.qasm,PureState_2,0,0,1.0,0.9168727502768447,1.0,0.99887143789541,0.0,0.0013474941591081814,True,True,True,True,True,True,True,True
179,qpeexact_3_Mutant_Remove_x_P2_Q2.qasm,PureState_3,0,0,1.0,0.9354143466934853,1.0,0.998472642198465,0.0,0.002483813772613799,True,True,True,True,True,True,True,True
180,qpeexact_3_Mutant_Remove_x_P2_Q2.qasm,PureState_4,0.9501642822185218,0,0.0006905370117938344,0.12748130935842983,1.0,0.99847264189821,0.0,0.002485018828694678,False,True,False,True,True,True,True,True
181,qpeexact_3_Mutant_Remove_x_P2_Q2.qasm,PureState_5,0,0,1.0,0.9073165405212027,1.0,0.9984726418989751,0.0,0.0024877459116990014,True,True,True,True,True,True,True,True
182,qpeexact_3_Mutant_Remove_x_P2_Q2.qasm,PureState_6,0,0,1.0,0.9202754430473797,1.0,0.9988714376959149,0.0,0.001350636266801438,True,True,True,True,True,True,True,True
183,qpeexact_3_Mutant_Remove_x_P2_Q2.qasm,PureState_7,0.9005143002939733,0,0.0013811634312256135,0.11008807452678196,1.0,0.998871437795495,0.0,0.001348583192662954,False,True,False,True,True,True,True,True
184,qpeexact_3_Mutant_Remove_x_P2_Q2.qasm,Quratest_0,2.550743515737811e-09,9.898388010592649e-05,0.06946219937327787,0.05041326556665812,0.23027528999999994,0.22727535999999998,0.8591267544437307,0.8663411775818693,True,True,True,True,True,True,True,True
185,qpeexact_3_Mutant_Remove_x_P2_Q2.qasm,Quratest_1,1.4393034005772408e-302,0,0.36382595490369474,0.366039754381577,0.4997972298642199,0.476757899085,0.329411661034462,0.3526948211140582,True,True,True,True,True,True,True,True
186,qpeexact_3_Mutant_Remove_x_P2_Q2.qasm,Quratest_2,0.6379161855700626,0.637796822528568,0.014166792131001311,0.014313540287369989,0.30272363,0.29863773,0.007632846201045461,0.05258189567761144,False,False,False,False,True,True,True,True
187,qpeexact_3_Mutant_Remove_x_P2_Q2.qasm,Quratest_3,2.197715393581213e-16,6.167380127048318e-13,0.09595554909274429,0.08398073035621761,0.22395133,0.22365830000000003,0.9498458860541777,0.9499723585602705,True,True,True,True,True,True,True,True
188,qpeexact_3_Mutant_Remove_x_P2_Q2.qasm,Quratest_4,0.0,0.0,0.5249885790187969,0.5018774844330135,0.933711225158,0.88877557597,0.07873413377224384,0.11844711129055613,True,True,True,True,True,True,True,True
189,qpeexact_3_Mutant_Remove_x_P2_Q2.qasm,Quratest_5,2.2515658326887184e-301,0.0,0.328569799559233,0.33357248915726645,0.8946089399999999,0.893046885,0.19967487147795365,0.2023543165242375,True,True,True,True,True,True,True,True
190,qpeexact_3_Mutant_Remove_x_P2_Q2.qasm,Quratest_6,1.5285270390097869e-86,9.463721695017773e-105,0.21459796663443662,0.23085641977976368,0.9221952800000002,0.9203195800499999,0.13618486731560606,0.1402516721014503,True,True,True,True,True,True,True,True
191,qpeexact_3_Mutant_Remove_x_P2_Q2.qasm,Quratest_7,1.5985672294886578e-223,2.3575707122645386e-170,0.32017649974478474,0.2878705256647145,0.4434132343,0.42872079225000004,0.512506951040729,0.5385069551366779,True,True,True,True,True,True,True,True
192,qpeexact_3_Mutant_Replace_cx_P6_Q1_[].qasm,PureState_0,0,0.0,0.5316271602929086,0.41711457760910664,0.5,0.477802905465405,0.2500000000000001,0.2868316962362826,True,True,True,True,True,True,True,True
193,qpeexact_3_Mutant_Replace_cx_P6_Q1_[].qasm,PureState_1,0,0.0,0.5380427624618507,0.42406674092786734,0.5,0.47780292032485,0.2499999999999999,0.2868115242539803,True,True,True,True,True,True,True,True
194,qpeexact_3_Mutant_Replace_cx_P6_Q1_[].qasm,PureState_2,0,0.0,0.711262339505397,0.5762970697057411,0.75,0.7178947638477,0.2500000000000001,0.2869025959374506,True,True,True,True,True,True,True,True
195,qpeexact_3_Mutant_Replace_cx_P6_Q1_[].qasm,PureState_3,0,0.0,0.6981847117065277,0.5601657253996543,0.75,0.7181514117597649,0.2500000000000001,0.2869427753001036,True,True,True,True,True,True,True,True
196,qpeexact_3_Mutant_Replace_cx_P6_Q1_[].qasm,PureState_4,0,0.0,0.5580387407635489,0.4388251133439689,0.5,0.47780287492791007,0.2500000000000001,0.2862189528253977,True,True,True,True,True,True,True,True
197,qpeexact_3_Mutant_Replace_cx_P6_Q1_[].qasm,PureState_5,0,0.0,0.7224727819099321,0.5715514784660495,0.75,0.717688522674225,0.2500000000000001,0.28737084643498645,True,True,True,True,True,True,True,True
198,qpeexact_3_Mutant_Replace_cx_P6_Q1_[].qasm,PureState_6,0,0.0,0.6988672633325815,0.5472176214202915,0.75,0.71760191098775,0.2499999999999999,0.28754219247054286,True,True,True,True,True,True,True,True
199,qpeexact_3_Mutant_Replace_cx_P6_Q1_[].qasm,PureState_7,0,0.0,0.53977871068248,0.4383978205924438,0.5,0.47780295036430004,0.2499999999999999,0.28636801718659943,True,True,True,True,True,True,True,True
200,qpeexact_3_Mutant_Replace_cx_P6_Q1_[].qasm,Quratest_0,0.00012268205884518932,1.9281235219777847e-06,0.04959079627030919,0.05925154750176881,0.10905055500000001,0.1037485,0.00749996039329352,0.0608497283836907,True,True,False,True,True,True,True,True
201,qpeexact_3_Mutant_Replace_cx_P6_Q1_[].qasm,Quratest_1,0,0.0,0.6636423968067753,0.5733211175391009,0.68193747289681,0.65372756099,0.1096016544090689,0.14922656541468796,True,True,True,True,True,True,True,True
202,qpeexact_3_Mutant_Replace_cx_P6_Q1_[].qasm,Quratest_2,1.826969807151067e-119,2.8692798939352456e-117,0.24613961603988416,0.24513384684368106,0.3090946628,0.29476493225,0.2739295896550686,0.31131121391903654,True,True,True,True,True,True,True,True
203,qpeexact_3_Mutant_Replace_cx_P6_Q1_[].qasm,Quratest_3,9.879571551348289e-175,5.42259626724007e-181,0.28597444924461013,0.28651472003449663,0.39596239499999997,0.374180125,0.2829419130391828,0.3287922293238004,True,True,True,True,True,True,True,True
204,qpeexact_3_Mutant_Replace_cx_P6_Q1_[].qasm,Quratest_4,0.0,2.4460416965273085e-298,0.2569168113946021,0.22449955309408975,0.451237021229,0.42847160183,0.47602804902915163,0.49865562201373076,True,True,True,True,True,True,True,True
205,qpeexact_3_Mutant_Replace_cx_P6_Q1_[].qasm,Quratest_5,2.9423535377704427e-195,3.622377677492201e-174,0.338145800473961,0.32604077368681617,0.45506468882099993,0.43299608696049996,0.663304777782038,0.688791541159899,True,True,True,True,True,True,True,True
206,qpeexact_3_Mutant_Replace_cx_P6_Q1_[].qasm,Quratest_6,1.0626261039965086e-86,7.930576157368272e-95,0.22625775371902027,0.2390776428973915,0.30034344435,0.284301611545,0.4159147203688581,0.4580520518456375,True,True,True,True,True,True,True,True
207,qpeexact_3_Mutant_Replace_cx_P6_Q1_[].qasm,Quratest_7,0.0,0.0,0.5576129337000061,0.5303772561047196,0.67536997005,0.64820753145,0.16233892471106284,0.204796120632326,True,True,True,True,True,True,True,True
208,qpeexact_3_Mutant_Replace_id_P1_Q1_[].qasm,PureState_0,0,0,0.5414764553493818,0.46373219763436757,0.5,0.47797216496315503,0.5000000000000001,0.5318281273952189,True,True,True,True,True,True,True,True
209,qpeexact_3_Mutant_Replace_id_P1_Q1_[].qasm,PureState_1,0,0,0.5630731019376588,0.4945534519633293,0.5,0.47797216533985004,0.5000000000000002,0.5317859159959125,True,True,True,True,True,True,True,True
210,qpeexact_3_Mutant_Replace_id_P1_Q1_[].qasm,PureState_2,0,0,0.541196100146197,0.4518766493577254,0.5,0.47824404003869997,0.5000000000000007,0.5313621135252908,True,True,True,True,True,True,True,True
211,qpeexact_3_Mutant_Replace_id_P1_Q1_[].qasm,PureState_3,0,0,0.5443843857286352,0.43302245257107114,0.5,0.478244039513015,0.4999999999999996,0.5313499789147822,True,True,True,True,True,True,True,True
212,qpeexact_3_Mutant_Replace_id_P1_Q1_[].qasm,PureState_4,0,0,0.5472366062983857,0.46797389222642216,0.5,0.47797216476311,0.5000000000000001,0.5316368500573961,True,True,True,True,True,True,True,True
213,qpeexact_3_Mutant_Replace_id_P1_Q1_[].qasm,PureState_5,0,0,0.5437469730039513,0.4454392074703756,0.5,0.478244039612625,0.5000000000000001,0.5314994361302937,True,True,True,True,True,True,True,True
214,qpeexact_3_Mutant_Replace_id_P1_Q1_[].qasm,PureState_6,0,0,0.5456588605116458,0.4343180540860252,0.5,0.47824403908875,0.49999999999999944,0.5314988041470025,True,True,True,True,True,True,True,True
215,qpeexact_3_Mutant_Replace_id_P1_Q1_[].qasm,PureState_7,0,0,0.5418848654462696,0.46450136495967403,0.5,0.4779721651898,0.4999999999999998,0.5316907677974468,True,True,True,True,True,True,True,True
216,qpeexact_3_Mutant_Replace_id_P1_Q1_[].qasm,Quratest_0,3.2379671733627575e-80,1.886450605995807e-87,0.22297628781351572,0.2272683708292273,0.28408912,0.27094542,0.18195174499224873,0.23922433011749028,True,True,True,True,True,True,True,True
217,qpeexact_3_Mutant_Replace_id_P1_Q1_[].qasm,Quratest_1,0,0.0,0.569849180134882,0.4842570944841752,0.51434151289681,0.49172879099,0.47082221078470793,0.5026164092870928,True,True,True,True,True,True,True,True
218,qpeexact_3_Mutant_Replace_id_P1_Q1_[].qasm,Quratest_2,2.9439908040146397e-224,5.559741651704386e-221,0.33224159334230546,0.3303747028300773,0.43275232500000005,0.410641615,0.00826365736806461,0.06383761896205202,True,True,True,True,True,True,True,True
219,qpeexact_3_Mutant_Replace_id_P1_Q1_[].qasm,Quratest_3,5.80665025976375e-28,2.3288060912972064e-24,0.12230490002341998,0.10660704539494037,0.403194085,0.37684202000000006,0.23155190042381105,0.2889912816534447,True,True,True,True,True,True,True,True
220,qpeexact_3_Mutant_Replace_id_P1_Q1_[].qasm,Quratest_4,0.0,0.0,0.29239285034003315,0.25528088533105475,0.378586492579,0.36041881573,0.002747082725115922,0.04485404722801034,True,True,True,True,True,True,True,True
221,qpeexact_3_Mutant_Replace_id_P1_Q1_[].qasm,Quratest_5,9.504995263449126e-229,6.102035869566673e-253,0.3415949887253364,0.3423391422367963,0.440598483565,0.41209247,0.04459218041439297,0.11835636568893051,True,True,True,True,True,True,True,True
222,qpeexact_3_Mutant_Replace_id_P1_Q1_[].qasm,Quratest_6,6.929222380656534e-162,8.690970851713472e-155,0.2802616346271922,0.27299210135014323,0.365069929425,0.34180829435,0.025890122516878875,0.10193950499867194,True,True,True,True,True,True,True,True
223,qpeexact_3_Mutant_Replace_id_P1_Q1_[].qasm,Quratest_7,0.0,0.0,0.5477688253311704,0.531733772887838,0.706121530445,0.6757369713,0.002784788109844063,0.05656808182829318,True,True,True,True,True,True,True,True
224,qpeexact_3_Mutant_Replace_rxx_P3_Q2_[0.0].qasm,PureState_0,0.4163767469273699,0,0.008982989528776535,0.12268321436802099,0.0,0.0008617059032050056,0.9999999999999993,0.9993170276381613,False,True,False,True,False,True,False,True
225,qpeexact_3_Mutant_Replace_rxx_P3_Q2_[0.0].qasm,PureState_1,0.23490185404800962,0,0.013120866539896107,0.12161788541903289,3.74939946e-33,0.0019370304178999897,5.551115168312968e-17,0.056269034087118606,False,True,False,True,False,True,True,True
226,qpeexact_3_Mutant_Replace_rxx_P3_Q2_[0.0].qasm,PureState_2,0,0,1.0,0.9168727502768447,1.0,0.9554596022228999,9.616052880423502e-32,0.05398442605826633,True,True,True,True,True,True,True,True
227,qpeexact_3_Mutant_Replace_rxx_P3_Q2_[0.0].qasm,PureState_3,,0,0.0,0.15400905983632326,0.0,0.0014129159979150152,1.0,0.9993150675114083,False,True,False,True,False,True,False,True
228,qpeexact_3_Mutant_Replace_rxx_P3_Q2_[0.0].qasm,PureState_4,0.31730681565449714,0,0.011050989320591264,0.12778452176932523,0.0,0.0008617064532099922,1.0000000000000004,0.9993160213081814,False,True,False,True,False,True,False,True
229,qpeexact_3_Mutant_Replace_rxx_P3_Q2_[0.0].qasm,PureState_5,,0,0.0,0.17390359233227098,0.0,0.0014114530828749918,0.9999999999999996,0.9993160933954057,False,True,False,True,False,True,False,True
230,qpeexact_3_Mutant_Replace_rxx_P3_Q2_[0.0].qasm,PureState_6,0,0,1.0,0.9202754430473797,1.0,0.9547056400939501,1.8898777524849197e-33,0.05556763249353904,True,True,True,True,True,True,True,True
231,qpeexact_3_Mutant_Replace_rxx_P3_Q2_[0.0].qasm,PureState_7,0.6617191251772607,0,0.00483478284724639,0.11127634828178372,3.74939946e-33,0.0019380882683500337,5.23536326710262e-17,0.054673205175616996,False,True,False,True,False,True,True,True
232,qpeexact_3_Mutant_Replace_rxx_P3_Q2_[0.0].qasm,Quratest_0,1.0558806345378364e-31,7.35143687318244e-20,0.127821284688563,0.10287722650909806,0.13756593,0.13090018,0.02920203204326863,0.054359627895624194,True,True,True,True,True,True,True,True
233,qpeexact_3_Mutant_Replace_rxx_P3_Q2_[0.0].qasm,Quratest_1,6.981512496106036e-118,0,0.22663371711846042,0.2377459772089694,0.3366074120738,0.32034539558999997,3.106130639760028e-05,0.0314998240567883,True,True,True,True,True,True,True,True
234,qpeexact_3_Mutant_Replace_rxx_P3_Q2_[0.0].qasm,Quratest_2,9.79880753209699e-47,1.0212264501090641e-45,0.17227173641289223,0.17172403837469527,0.13047607,0.12580284,0.007421169901718639,0.047632678344645685,True,True,True,True,True,True,True,True
235,qpeexact_3_Mutant_Replace_rxx_P3_Q2_[0.0].qasm,Quratest_3,2.5165148689772777e-57,2.0399867594500934e-47,0.19409911231009466,0.17849293404985955,0.21335787999999997,0.19882641000000004,0.09117300681916017,0.12727237733882324,True,True,True,True,True,True,True,True
236,qpeexact_3_Mutant_Replace_rxx_P3_Q2_[0.0].qasm,Quratest_4,0.0,0.0,0.5674392081415544,0.5440119509037605,0.40716028565,0.38875595944999997,0.43738342659048024,0.46705320986525206,True,True,True,True,True,True,True,True
237,qpeexact_3_Mutant_Replace_rxx_P3_Q2_[0.0].qasm,Quratest_5,9.454324252703407e-268,2.713880814517873e-309,0.3293138731669732,0.33344264401664725,0.32531345000000006,0.305438115,0.011484988660288275,0.08188727269039861,True,True,True,True,True,True,True,True
238,qpeexact_3_Mutant_Replace_rxx_P3_Q2_[0.0].qasm,Quratest_6,0.23162581984727582,0.2393159327670717,0.022969566125555167,0.022952277491471235,0.01355926,0.013433519010000006,0.9592512149676222,0.9597045334804806,False,False,False,False,True,True,True,True
239,qpeexact_3_Mutant_Replace_rxx_P3_Q2_[0.0].qasm,Quratest_7,2.6157260846140685e-65,7.963371802418295e-41,0.17659382352933622,0.14386438566839213,0.1869511609,0.1781228722,0.06290844034432828,0.08432043951802232,True,True,True,True,True,True,True,True
240,qpeexact_3_Mutant_Replace_ry_P0_Q0_[1.5707963267948966].qasm,PureState_0,0.0800353757392622,0,0.019336906353015916,0.1219739006952967,1.89911355e-65,8.460545851003617e-05,0.9999999999999993,0.9999992971504115,False,True,False,True,False,True,False,False
241,qpeexact_3_Mutant_Replace_ry_P0_Q0_[1.5707963267948966].qasm,PureState_1,0.34836899620340733,0,0.010365810092661689,0.12491792754141176,1.5192908385000001e-64,8.457295399999973e-05,1.0,0.9999992976255393,False,True,False,True,False,True,False,False
242,qpeexact_3_Mutant_Replace_ry_P0_Q0_[1.5707963267948966].qasm,PureState_2,,0,0.0,0.15562474979979976,0.0,0.00017947400404995248,1.0000000000000013,0.9999992799400599,False,True,False,True,False,True,False,False
243,qpeexact_3_Mutant_Replace_ry_P0_Q0_[1.5707963267948966].qasm,PureState_3,,0,0.0,0.15400905983632326,0.0,0.0001795681639000155,1.0,0.999999268372774,False,True,False,True,False,True,False,False
244,qpeexact_3_Mutant_Replace_ry_P0_Q0_[1.5707963267948966].qasm,PureState_4,0.7546587513893221,0,0.0034526817662941314,0.1275644418216692,0.0,8.433588853503663e-05,1.0000000000000004,0.999999274042806,False,True,False,True,False,True,False,False
245,qpeexact_3_Mutant_Replace_ry_P0_Q0_[1.5707963267948966].qasm,PureState_5,,0,0.0,0.17390359233227098,0.0,0.00017946917446500754,0.9999999999999996,0.9999993018583961,False,True,False,True,False,True,False,False
246,qpeexact_3_Mutant_Replace_ry_P0_Q0_[1.5707963267948966].qasm,PureState_6,,0,0.0,0.16950843122097695,0.0,0.00017937563549998722,1.0,0.9999992914872202,False,True,False,True,False,True,False,False
247,qpeexact_3_Mutant_Replace_ry_P0_Q0_[1.5707963267948966].qasm,PureState_7,0.9501600097367644,0,0.0006905897021319361,0.11020362143220289,0.0,8.430369305000044e-05,0.9999999999999996,0.9999992742175579,False,True,False,True,False,True,False,False
248,qpeexact_3_Mutant_Replace_ry_P0_Q0_[1.5707963267948966].qasm,Quratest_0,0.3274064744260867,0.002526099899023473,0.020688732264410464,0.04138553658000589,0.0,0.0014115599999999923,0.18377184072853697,0.2006428021123815,False,True,False,False,False,True,True,True
249,qpeexact_3_Mutant_Replace_ry_P0_Q0_[1.5707963267948966].qasm,Quratest_1,0.0,0,0.3807305355898004,0.38225857846453054,0.49971167099999997,0.47551594858,0.1890882911104942,0.210885625952614,True,True,True,True,True,True,True,True
250,qpeexact_3_Mutant_Replace_ry_P0_Q0_[1.5707963267948966].qasm,Quratest_2,0.3317746666715957,0.24602382298015305,0.020071080122289833,0.022459070092476437,0.0,0.0014039699999999888,0.5544434248530477,0.5750470469371429,False,False,False,False,False,True,True,True
251,qpeexact_3_Mutant_Replace_ry_P0_Q0_[1.5707963267948966].qasm,Quratest_3,0.0025531413226059277,0.6702607775054361,0.04160994444082983,0.013570229271841984,0.16974859999999997,0.15784915500000002,0.24959275515159376,0.304408580906861,True,False,False,False,True,True,True,True
252,qpeexact_3_Mutant_Replace_ry_P0_Q0_[1.5707963267948966].qasm,Quratest_4,0.5408023939111848,0.009912870983134653,0.016364288666418515,0.04557038775580635,0.0,0.0004957835700000264,0.9396657756641497,0.9429596700862509,False,True,False,False,False,True,True,True
253,qpeexact_3_Mutant_Replace_ry_P0_Q0_[1.5707963267948966].qasm,Quratest_5,7.544581095143737e-301,0.0,0.3327026068834803,0.33632000026567554,0.31657979,0.295593115,0.009197821661877298,0.08583793442915176,True,True,True,True,True,True,True,True
254,qpeexact_3_Mutant_Replace_ry_P0_Q0_[1.5707963267948966].qasm,Quratest_6,3.5944069525678425e-41,3.80325278931707e-37,0.14493883184630493,0.14183244901070796,0.16189232000000003,0.15340076318,0.0011053435841078846,0.07322910677029269,True,True,True,True,True,True,True,True
255,qpeexact_3_Mutant_Replace_ry_P0_Q0_[1.5707963267948966].qasm,Quratest_7,7.012399379506801e-20,7.103647284101412e-12,0.09307990764890621,0.07768210993706293,0.04151016384999998,0.04004280805000001,0.0066619605288374024,0.020893282140081286,True,True,True,True,True,True,True,True
256,qpeexact_3_Mutant_Replace_rz_P0_Q0_[2.356194490192345].qasm,PureState_0,0.28787631338916086,0,0.01173975629685239,0.12152807167812417,1.87469973e-33,0.0015044598640500118,0.4999999999999999,0.5320731741409752,False,True,False,True,False,True,True,True
257,qpeexact_3_Mutant_Replace_rz_P0_Q0_[2.356194490192345].qasm,PureState_1,0.16901434454242223,0,0.015192652946290275,0.12153725247654251,1.87469973e-33,0.0015036727810499692,0.4999999999999998,0.5323233418286321,False,True,False,True,False,True,True,True
258,qpeexact_3_Mutant_Replace_rz_P0_Q0_[2.356194490192345].qasm,PureState_2,0,0,0.5354488648255005,0.4385225408644051,0.5,0.47793095469929997,0.5000000000000002,0.5310118686881372,True,True,True,True,True,True,True,True
259,qpeexact_3_Mutant_Replace_rz_P0_Q0_[2.356194490192345].qasm,PureState_3,0,0,0.5507524168805358,0.4797694075080311,0.5,0.47818100758989507,0.49999999999999944,0.5307608831531428,True,True,True,True,True,True,True,True
260,qpeexact_3_Mutant_Replace_rz_P0_Q0_[2.356194490192345].qasm,PureState_4,0.16912819240214555,0,0.015194973039952356,0.128570475395689,1.87469973e-33,0.0015045822135350078,0.5000000000000006,0.5310366223891709,False,True,False,True,False,True,True,True
261,qpeexact_3_Mutant_Replace_rz_P0_Q0_[2.356194490192345].qasm,PureState_5,0,0,0.5526608710679612,0.4463867554203361,0.5,0.477972880770975,0.4999999999999998,0.530919113798771,True,True,True,True,True,True,True,True
262,qpeexact_3_Mutant_Replace_rz_P0_Q0_[2.356194490192345].qasm,PureState_6,0,0,0.5424717855199812,0.4539701435030446,0.5,0.4777229375972,0.49999999999999944,0.5311812351575217,True,True,True,True,True,True,True,True
263,qpeexact_3_Mutant_Replace_rz_P0_Q0_[2.356194490192345].qasm,PureState_7,0.8025692771363028,0,0.0027622728534881127,0.10986948638511108,1.87469973e-33,0.0015037952218000207,0.4999999999999999,0.5312870121925746,False,True,False,True,False,True,True,True
264,qpeexact_3_Mutant_Replace_rz_P0_Q0_[2.356194490192345].qasm,Quratest_0,3.468964381304619e-15,1.3137028251662664e-09,0.0916884872923719,0.07372344929742614,0.42846960500000003,0.40892326,0.5567185647286166,0.5807220373795997,True,True,True,True,True,True,True,True
265,qpeexact_3_Mutant_Replace_rz_P0_Q0_[2.356194490192345].qasm,Quratest_1,0,0,0.2035118988445589,0.20862385116505916,0.2596521833902355,0.247079065705,0.44430484707489876,0.453606818832617,True,True,True,True,True,True,True,True
266,qpeexact_3_Mutant_Replace_rz_P0_Q0_[2.356194490192345].qasm,Quratest_2,3.7357030642101427e-06,0.00018879131739441197,0.05853611698782468,0.04916486549987414,0.20451877499999996,0.1949961,0.4272121306796853,0.453429325172568,True,True,True,False,True,True,True,True
267,qpeexact_3_Mutant_Replace_rz_P0_Q0_[2.356194490192345].qasm,Quratest_3,3.279528427870955e-05,0.00042244937672115544,0.05281487169703307,0.04540082390996969,0.28803394,0.26919889500000005,0.457295634237712,0.49993975899402265,True,True,True,False,True,True,True,True
268,qpeexact_3_Mutant_Replace_rz_P0_Q0_[2.356194490192345].qasm,Quratest_4,0.0,0.0,0.318691579706974,0.28252371287013933,0.292485705639,0.27962515103,0.5348696841879068,0.5594504538524794,True,True,True,True,True,True,True,True
269,qpeexact_3_Mutant_Replace_rz_P0_Q0_[2.356194490192345].qasm,Quratest_5,4.901999830904549e-164,4.5547846087760077e-178,0.3278039094286737,0.3393815805767442,0.43339043719600007,0.40683321,0.4342049655586704,0.4818809117005232,True,True,True,True,True,True,True,True
270,qpeexact_3_Mutant_Replace_rz_P0_Q0_[2.356194490192345].qasm,Quratest_6,9.958402408839308e-25,1.9321916165153516e-23,0.12990849778396302,0.1302308516275839,0.13055602499999994,0.12287982699,0.7490388887242648,0.7699644537818449,True,True,True,True,True,True,True,True
271,qpeexact_3_Mutant_Replace_rz_P0_Q0_[2.356194490192345].qasm,Quratest_7,1.3130667133922957e-63,3.911575317366437e-42,0.17293764788503438,0.14468686700610148,0.29048694595,0.2771336657,0.47386255742429234,0.48409029860905134,True,True,True,True,True,True,True,True
272,qpeexact_3_Mutant_Replace_s_P0_Q0_[].qasm,PureState_0,0.024409727425457897,0,0.02486477551516136,0.12258922405512314,1.87469973e-33,0.0015044598640500118,0.5000000000000001,0.5320731741409752,False,True,False,True,False,True,True,True
273,qpeexact_3_Mutant_Replace_s_P0_Q0_[].qasm,PureState_1,0.45313059841018777,0,0.008287118994744696,0.12194072634634524,1.87469973e-33,0.0015036727810499692,0.5000000000000006,0.5323233418286321,False,True,False,True,False,True,True,True
274,qpeexact_3_Mutant_Replace_s_P0_Q0_[].qasm,PureState_2,0,0,0.5488431078471476,0.4518474513129857,0.5,0.47793095469929997,0.5000000000000003,0.5310118686881372,True,True,True,True,True,True,True,True
275,qpeexact_3_Mutant_Replace_s_P0_Q0_[].qasm,PureState_3,0,0,0.5360880145209729,0.4654003686016736,0.5,0.47818100758989507,0.49999999999999944,0.5307608831531428,True,True,True,True,True,True,True,True
276,qpeexact_3_Mutant_Replace_s_P0_Q0_[].qasm,PureState_4,0.8512675021805656,0,0.002071605108432717,0.12751552507524555,1.87469973e-33,0.0015045822135350078,0.5000000000000002,0.5310366223891709,False,True,False,True,False,True,True,True
277,qpeexact_3_Mutant_Replace_s_P0_Q0_[].qasm,PureState_5,0,0,0.5526608710679612,0.4463867554203361,0.5,0.477972880770975,0.4999999999999998,0.530919113798771,True,True,True,True,True,True,True,True
278,qpeexact_3_Mutant_Replace_s_P0_Q0_[].qasm,PureState_6,0,0,0.5271254589581033,0.4389859359964732,0.5,0.4777229375972,0.49999999999999944,0.5311812351575217,True,True,True,True,True,True,True,True
279,qpeexact_3_Mutant_Replace_s_P0_Q0_[].qasm,PureState_7,0.6617191251772607,0,0.004833878949290016,0.10957304468493631,1.87469973e-33,0.0015037952218000207,0.5000000000000001,0.5312870121925746,False,True,False,True,False,True,True,True
280,qpeexact_3_Mutant_Replace_s_P0_Q0_[].qasm,Quratest_0,3.023748401406773e-05,0.002080453103096918,0.05335696218235646,0.04334643803989924,0.33095389,0.31533557,0.6936490725617112,0.7098275778650269,True,True,True,False,True,True,True,True
281,qpeexact_3_Mutant_Replace_s_P0_Q0_[].qasm,Quratest_1,0,0,0.37721687822025707,0.3740486490897391,0.51348657205136,0.48810471122,0.26486678443939554,0.2846596999603843,True,True,True,True,True,True,True,True
282,qpeexact_3_Mutant_Replace_s_P0_Q0_[].qasm,Quratest_2,1.0186542941104239e-14,7.068153988032121e-12,0.09338228499663997,0.0837027811135228,0.34592428,0.3303581,0.2514865168536776,0.28532538163897636,True,True,True,True,True,True,True,True
283,qpeexact_3_Mutant_Replace_s_P0_Q0_[].qasm,Quratest_3,3.806943970208532e-12,1.3090986393455382e-08,0.0831798085537133,0.06956146874909329,0.37531888,0.350854435,0.35318894777244986,0.4027672919044638,True,True,True,True,True,True,True,True
284,qpeexact_3_Mutant_Replace_s_P0_Q0_[].qasm,Quratest_4,0.0,0.0,0.31040019922979845,0.2740651778329672,0.276349040639,0.26410718102,0.6190525227620096,0.6394281718613709,True,True,True,True,True,True,True,True
285,qpeexact_3_Mutant_Replace_s_P0_Q0_[].qasm,Quratest_5,0.0,0.0,0.3721209656753793,0.3821255722793106,0.54952711,0.515547635,0.2504424257033845,0.31173739917676885,True,True,True,True,True,True,True,True
286,qpeexact_3_Mutant_Replace_s_P0_Q0_[].qasm,Quratest_6,2.377002955133923e-61,5.862394198825508e-53,0.22271385345822445,0.2051468746225545,0.24996254738499998,0.235541257905,0.5665716983299917,0.6020946631188389,True,True,True,True,True,True,True,True
287,qpeexact_3_Mutant_Replace_s_P0_Q0_[].qasm,Quratest_7,1.9874326059070544e-08,0.003752213108335926,0.06600324766833476,0.04033972326782087,0.15460015646499997,0.14781769115000004,0.38945364604465027,0.4045632233513758,True,True,True,False,True,True,True,True
288,qpeexact_3_Mutant_Replace_y_P0_Q0_[].qasm,PureState_0,0.15046385317236144,0,0.01588329058158658,0.12171351974102039,1.87469973e-33,0.0015038043029250176,0.4999999999999999,0.5314857869097616,False,True,False,True,False,True,True,True
289,qpeexact_3_Mutant_Replace_y_P0_Q0_[].qasm,PureState_1,0.23490185404800962,0,0.013120866539896107,0.12161788541903289,1.87469973e-33,0.0015030179153500169,0.5000000000000002,0.5317360474373389,False,True,False,True,False,True,True,True
290,qpeexact_3_Mutant_Replace_y_P0_Q0_[].qasm,PureState_2,0,0,0.5392815986389776,0.4423316750986338,0.5,0.47793093625265,0.4999999999999999,0.5309889357433574,True,True,True,True,True,True,True,True
291,qpeexact_3_Mutant_Replace_y_P0_Q0_[].qasm,PureState_3,0,0,0.5482064709806141,0.4772715402595438,0.5,0.47818101863201506,0.49999999999999944,0.5307474471065089,True,True,True,True,True,True,True,True
292,qpeexact_3_Mutant_Replace_y_P0_Q0_[].qasm,PureState_4,0.38157027334795657,0,0.009669195732649495,0.12769374531266772,1.87469973e-33,0.0015044599140450114,0.5000000000000002,0.5318918545010083,False,True,False,True,False,True,True,True
293,qpeexact_3_Mutant_Replace_y_P0_Q0_[].qasm,PureState_5,0,0,0.5405580650525595,0.4344314365548643,0.5,0.47797287750769507,0.4999999999999998,0.5312098295614571,True,True,True,True,True,True,True,True
294,qpeexact_3_Mutant_Replace_y_P0_Q0_[].qasm,PureState_6,0,0,0.5596522085234076,0.47081575349400445,0.5,0.47772290434560005,0.49999999999999944,0.5314606946589072,True,True,True,True,True,True,True,True
295,qpeexact_3_Mutant_Replace_y_P0_Q0_[].qasm,PureState_7,0.8512548834712984,0,0.0020717236581881578,0.10997669213592427,1.87469973e-33,0.0015036727310999694,0.5000000000000001,0.5321418051902251,False,True,False,True,False,True,True,True
296,qpeexact_3_Mutant_Replace_y_P0_Q0_[].qasm,Quratest_0,1.0824495522342454e-12,2.188892340894841e-06,0.08090039259930815,0.058082742140805464,0.33887397124499996,0.32403956015,0.1127020564965347,0.14294410742792368,True,True,True,True,True,True,True,True
297,qpeexact_3_Mutant_Replace_y_P0_Q0_[].qasm,Quratest_1,1.082894766567415e-309,0,0.36839478398341546,0.37041751389484157,0.49981595605441,0.47533680838,0.3194838682031712,0.3551407939501728,True,True,True,True,True,True,True,True
298,qpeexact_3_Mutant_Replace_y_P0_Q0_[].qasm,Quratest_2,0.5008044454530136,0.3705755135374415,0.01736175012817701,0.0200125384695363,0.012174139999999991,0.01186969000000002,0.9970271476966189,0.9971707959160555,False,False,False,False,True,True,True,True
299,qpeexact_3_Mutant_Replace_y_P0_Q0_[].qasm,Quratest_3,2.1696742365249975e-05,0.07720940260340253,0.05387706649398112,0.030011225726150715,0.303884875,0.28297059,0.06441911183942471,0.12280770201890484,True,False,True,False,True,True,True,True
300,qpeexact_3_Mutant_Replace_y_P0_Q0_[].qasm,Quratest_4,0.0,0.0,0.3591582209939519,0.3284721753721022,0.25775067493900006,0.24730442813000003,0.2618949800055135,0.2975922109127381,True,True,True,True,True,True,True,True
301,qpeexact_3_Mutant_Replace_y_P0_Q0_[].qasm,Quratest_5,0.0,0.0,0.36528446294463823,0.3734252621903145,0.480541655,0.44983445000000005,0.0007374011544798223,0.07506174165513144,True,True,True,True,True,True,True,True
302,qpeexact_3_Mutant_Replace_y_P0_Q0_[].qasm,Quratest_6,2.6827986198899667e-79,3.899223804524604e-92,0.20421203166850835,0.2182625625762523,0.3293075684950001,0.310899444485,0.12704164054636477,0.19603306770616233,True,True,True,True,True,True,True,True
303,qpeexact_3_Mutant_Replace_y_P0_Q0_[].qasm,Quratest_7,1.5311118660214329e-192,2.5421625893744393e-144,0.3009048457662304,0.2676606247891188,0.4112486838499999,0.39192751820000005,0.3794935438312128,0.4088662123425954,True,True,True,True,True,True,True,True
