,Name,Input,Ideal_chisquare,Noisy_chisquare,Ideal_hellinger,Noisy_hellinger,Ideal_jensenshannon,Noisy_jensenshannon,Ideal_trace,Noisy_trace,Ideal_fidelity,Noisy_fidelity,Killed_IC,Killed_NC,Killed_IH,Killed_NH,Killed_IJ,Killed_NJ,Killed_IT,Killed_NT,Killed_IF,Killed_NF
0,qpeexact_2_Mutant_Remove_x_P1_Q1.qasm,PureState_0,0.9999920211543921,0.0,1.0,0.937533610294062,0.8325546111576977,0.8092195709185122,1.0,0.9739282308339047,0.0,0.031134096619112896,False,True,True,True,False,False,True,True,True,True
1,qpeexact_2_Mutant_Remove_x_P1_Q1.qasm,Quratest_0,4.62475420655934e-209,7.759963254314568e-212,0.31373899048361276,0.3152411911430532,0.3110467353210402,0.3125083622029,0.46144560326557127,0.44653641185487947,0.09718291457974938,0.1332507319497035,True,True,True,True,False,False,True,True,True,True
2,qpeexact_2_Mutant_Remove_x_P1_Q1.qasm,PureState_1,0.9999920211543921,0.0,1.0,0.9220250890818954,0.8325546111576977,0.799475399561895,1.0,0.9739282308339048,0.0,0.031036414125340472,False,True,True,True,False,False,True,True,True,True
3,qpeexact_2_Mutant_Remove_x_P1_Q1.qasm,Quratest_1,7.209692083855325e-88,0.5988834874126419,0.21384924334993355,0.22810859739383635,0.2130147081928376,0.22709587192928476,0.49794423214876626,0.4842690733521493,0.19967482802398687,0.23250544490300395,True,False,True,True,False,False,True,True,True,True
4,qpeexact_2_Mutant_Remove_x_P1_Q1.qasm,PureState_2,0.9999920211543921,0.0,1.0,0.9185586535436917,0.8325546111576977,0.7971653282805244,1.0,0.974309140612497,0.0,0.030269224548189432,False,True,True,True,False,False,True,True,True,True
5,qpeexact_2_Mutant_Remove_x_P1_Q1.qasm,Quratest_2,1.1692814600552168e-58,0.6506876067764027,0.17542926126455058,0.18883025047206944,0.17497189331768584,0.18826004708646288,0.2578932123328602,0.24596678016407308,0.0009115166871050715,0.05610668380529695,True,False,True,True,False,False,True,True,True,True
6,qpeexact_2_Mutant_Remove_x_P1_Q1.qasm,PureState_3,0.9999920211543921,0.0,1.0,0.9274943403634671,0.8325546111576977,0.8030266786659291,1.0,0.9743091406124968,0.0,0.03036602782400311,False,True,True,True,False,False,True,True,True,True
7,qpeexact_2_Mutant_Remove_x_P1_Q1.qasm,Quratest_3,0.9129789280022043,0.18234155749245373,0.6532135781931419,0.6386543050978523,0.6243739300776453,0.6119484973241751,0.9637376503391292,0.9372623978628777,0.04980048584661543,0.08351021234030691,False,False,True,True,False,False,True,True,True,True
8,qpeexact_2_Mutant_Replace_z_P0_Q0_[].qasm,PureState_0,0.0,0.0,0.5418340062084677,0.4616404855240862,0.46507881513576865,0.4312542077877796,0.4999999999999999,0.48406872813958085,0.5000000000000003,0.5224663656438092,True,True,True,True,False,False,True,True,True,True
9,qpeexact_2_Mutant_Replace_z_P0_Q0_[].qasm,Quratest_0,2.216460333906334e-194,5.0284269250743654e-197,0.01899661983991314,0.020537250370835806,0.01899556703515281,0.020535913034657165,0.06692810592211985,0.06491480568827729,0.5430669672572348,0.5640903006825364,True,True,True,False,False,True,True,True,True,True
10,qpeexact_2_Mutant_Replace_z_P0_Q0_[].qasm,PureState_1,0.0,0.0,0.5571109491521328,0.45785489819766667,0.4789315820521471,0.4323617170479324,0.4999999999999999,0.48427952370692334,0.5000000000000001,0.5219912526237291,True,True,True,True,False,False,True,True,True,True
11,qpeexact_2_Mutant_Replace_z_P0_Q0_[].qasm,Quratest_1,2.2901399374361285e-274,2.6096113817710343e-59,0.22556523768974093,0.21130179712814837,0.222813943893488,0.20891231329210208,0.24753103194922604,0.239446416127993,0.5643627943620024,0.5830567467910389,True,True,True,True,False,False,True,True,True,True
12,qpeexact_2_Mutant_Replace_z_P0_Q0_[].qasm,PureState_2,0.0,0.0,0.5431094403594869,0.4391113117395448,0.4662335446756557,0.4158378008696356,0.5000000000000001,0.485718936587315,0.4999999999999999,0.5209565987841073,True,True,True,True,False,False,True,True,True,True
13,qpeexact_2_Mutant_Replace_z_P0_Q0_[].qasm,Quratest_2,1.805959477209617e-209,4.764040350815571e-53,0.3592433232902793,0.37229702910726625,0.3537026462350391,0.36631859749314405,0.498144378983161,0.47436123566518246,0.559387763744885,0.5879512166197115,True,True,True,True,False,False,True,True,True,True
14,qpeexact_2_Mutant_Replace_z_P0_Q0_[].qasm,PureState_3,0.0,0.0,0.537365874152504,0.4444114929832023,0.4610361683340831,0.41842260608916165,0.5000000000000001,0.4855075144771602,0.5000000000000007,0.5212064347547213,True,True,True,True,False,False,True,True,True,True
15,qpeexact_2_Mutant_Replace_z_P0_Q0_[].qasm,Quratest_3,0.0,0.0,0.1945932431728455,0.1783699594762719,0.19231383698798662,0.176731970454955,0.2048528739213849,0.1982322933457894,0.562422441553872,0.5819844783430501,True,True,True,True,False,False,True,True,True,True
16,qpeexact_2_Mutant_Replace_cx_P2_Q1_[].qasm,PureState_0,,0.0,0.0,0.08573936731871223,0.0,0.07144075735878931,0.0,0.011213648490024196,0.9999999999999996,0.9979177167931421,False,True,False,True,True,False,False,True,False,True
17,qpeexact_2_Mutant_Replace_cx_P2_Q1_[].qasm,Quratest_0,2.0880182623421276e-54,1.3822999438690607e-55,0.1592223994666361,0.16075328926050136,0.1588069039676385,0.16032408584725896,0.21317067478136986,0.20988176229385108,0.4529554823857083,0.47181088408640437,True,True,True,True,False,False,True,True,True,True
18,qpeexact_2_Mutant_Replace_cx_P2_Q1_[].qasm,PureState_1,,0.0,0.0,0.10627440321039956,0.0,0.08858976855402347,0.0,0.011045411480650899,1.0,0.9979246044598993,False,True,False,True,True,False,False,True,False,True
19,qpeexact_2_Mutant_Replace_cx_P2_Q1_[].qasm,Quratest_1,2.894733110820061e-07,1.2056309336933142e-135,0.25136319174803307,0.2655567292525259,0.2499647144972112,0.2639211409908326,0.3790591592195267,0.3710430546560164,0.17457533893074428,0.2006557396071901,True,True,True,True,False,False,True,True,True,True
20,qpeexact_2_Mutant_Replace_cx_P2_Q1_[].qasm,PureState_2,0.9999920211543921,0.0,1.0,0.9185586535436917,0.8325546111576977,0.7971653282805244,1.0,0.980940082929646,5.731495380879399e-32,0.027882587597185156,False,True,True,True,False,False,True,True,True,True
21,qpeexact_2_Mutant_Replace_cx_P2_Q1_[].qasm,Quratest_2,1.3494285606469265e-127,4.125498408234253e-17,0.11113046110538367,0.09765380340778675,0.11094231313749504,0.09752057121296702,0.120060910145692,0.11978892684611314,0.4269606845452602,0.45671828012058824,True,True,True,True,False,False,True,True,True,True
22,qpeexact_2_Mutant_Replace_cx_P2_Q1_[].qasm,PureState_3,0.9999920211543921,0.0,1.0,0.9274943403634671,0.8325546111576977,0.8030266786659291,1.0,0.9803400402535907,3.178367633447057e-32,0.029206787213655067,False,True,True,True,False,False,True,True,True,True
23,qpeexact_2_Mutant_Replace_cx_P2_Q1_[].qasm,Quratest_3,0.6620189060582518,0.06482031894120208,0.6586023172856172,0.6440753298564377,0.628914305426649,0.6165262357854238,0.8227863485180755,0.8050758496334349,0.11365798743477516,0.14420457201147627,False,False,True,True,False,False,True,True,True,True
24,qpeexact_2_Mutant_Replace_id_P1_Q1_[].qasm,PureState_0,0.9999920211543921,0.0,1.0,0.937533610294062,0.8325546111576977,0.8092195709185122,1.0,0.9736513202362088,0.0,0.03175273910629121,False,True,True,True,False,False,True,True,True,True
25,qpeexact_2_Mutant_Replace_id_P1_Q1_[].qasm,Quratest_0,0.08162736093141207,0.10838993075965628,0.3394320171625776,0.34092755836076283,0.33598666816059675,0.3374363716905752,0.46144560326557127,0.4464461346001303,0.09718291457974938,0.13344887325236282,False,False,True,True,False,False,True,True,True,True
26,qpeexact_2_Mutant_Replace_id_P1_Q1_[].qasm,PureState_1,0.9999920211543921,0.0,1.0,0.9220250890818954,0.8325546111576977,0.799475399561895,1.0,0.9736513202362089,0.0,0.031654429547806305,False,True,True,True,False,False,True,True,True,True
27,qpeexact_2_Mutant_Replace_id_P1_Q1_[].qasm,Quratest_1,7.415904221353684e-67,0.035376076955044695,0.18529288264611612,0.19959527961773654,0.1847542409986949,0.19891791028832334,0.49794423214876626,0.48426088439245984,0.19967482802398687,0.2326531376825888,True,False,True,True,False,False,True,True,True,True
28,qpeexact_2_Mutant_Replace_id_P1_Q1_[].qasm,PureState_2,0.9999920211543921,0.0,1.0,0.9185586535436917,0.8325546111576977,0.7971653282805244,1.0,0.9742051414316006,0.0,0.030479744495591786,False,True,True,True,False,False,True,True,True,True
29,qpeexact_2_Mutant_Replace_id_P1_Q1_[].qasm,Quratest_2,0.09569670316347319,8.441226452473986e-69,0.17542926126455058,0.18883025047206944,0.17497189331768584,0.18826004708646288,0.2578932123328602,0.24587632496542214,0.0009115166871050715,0.05644284578075177,False,True,True,True,False,False,True,True,True,True
30,qpeexact_2_Mutant_Replace_id_P1_Q1_[].qasm,PureState_3,0.9999920211543921,0.0,1.0,0.9274943403634671,0.8325546111576977,0.8030266786659291,1.0,0.9742051414316005,0.0,0.030576790125153946,False,True,True,True,False,False,True,True,True,True
31,qpeexact_2_Mutant_Replace_id_P1_Q1_[].qasm,Quratest_3,0.8269899048436611,0.10072910422912545,0.6564321008104228,0.6418920698100069,0.6270901992589394,0.6146870908848254,0.9637376503391292,0.937165641878722,0.04980048584661543,0.08369994003329984,False,False,True,True,False,False,True,True,True,True
32,qpeexact_2_Mutant_Replace_rxx_P2_Q1_[4.71238898038469].qasm,PureState_0,,0.0,0.0,0.08573936731871223,0.0,0.07144075735878931,0.5000000000000001,0.4853479603233302,0.4999999999999998,0.5223198093214821,False,True,False,True,True,False,True,True,True,True
33,qpeexact_2_Mutant_Replace_rxx_P2_Q1_[4.71238898038469].qasm,Quratest_0,9.242492311199816e-58,5.529844758482731e-59,0.15853622092763428,0.16006719565147132,0.1581254600855923,0.15964282549197145,0.310066783176157,0.297399483577229,0.09897591621345686,0.1372467812411772,True,True,True,True,False,False,True,True,True,True
34,qpeexact_2_Mutant_Replace_rxx_P2_Q1_[4.71238898038469].qasm,PureState_1,,0.0,0.0,0.10627440321039956,0.0,0.08858976855402347,0.5000000000000001,0.48617050646651816,0.5000000000000006,0.5216801131354845,False,True,False,True,True,False,True,True,True,True
35,qpeexact_2_Mutant_Replace_rxx_P2_Q1_[4.71238898038469].qasm,Quratest_1,9.43223293073968e-134,1.0049929342086306e-07,0.2680624010374639,0.2822232206666987,0.2663294368917641,0.28022420179023794,0.5333820982945006,0.5177555414627821,0.5258203957301174,0.5449865372149613,True,True,True,True,False,False,True,True,True,True
36,qpeexact_2_Mutant_Replace_rxx_P2_Q1_[4.71238898038469].qasm,PureState_2,0.9999920211543921,0.0,1.0,0.9185586535436917,0.8325546111576977,0.7971653282805244,1.0,0.9731770800730561,5.330938004898441e-32,0.03201776019098952,False,True,True,True,False,False,True,True,True,True
37,qpeexact_2_Mutant_Replace_rxx_P2_Q1_[4.71238898038469].qasm,Quratest_2,3.4432962468824865e-115,6.959534163283942e-13,0.09608709091624418,0.08260056033839629,0.09597123856005471,0.08252384400248204,0.2844429250831038,0.2717647957248248,0.4921155478151142,0.5260529084943806,True,True,True,True,False,False,True,True,True,True
38,qpeexact_2_Mutant_Replace_rxx_P2_Q1_[4.71238898038469].qasm,PureState_3,0.9999920211543921,0.0,1.0,0.9274943403634671,0.8325546111576977,0.8030266786659291,1.0,0.9718605807883557,2.6526603016483944e-32,0.03475417488508924,False,True,True,True,False,False,True,True,True,True
39,qpeexact_2_Mutant_Replace_rxx_P2_Q1_[4.71238898038469].qasm,Quratest_3,0.08037577596008809,0.002087503069112357,0.6720810947113497,0.6576363695723535,0.6401002775294262,0.6278053005056204,0.876014076608071,0.8498297306705705,0.059797701596926635,0.09670680083945664,False,True,True,True,False,False,True,True,True,True
40,qpeexact_2_Mutant_Add_cz_P2_Q1_[].qasm,PureState_0,,0.0,0.0,0.08573936731871223,0.0,0.07144075735878931,0.0,0.011679647098854466,0.9999999999999996,0.9987871635455453,False,True,False,True,True,False,False,True,False,True
41,qpeexact_2_Mutant_Add_cz_P2_Q1_[].qasm,Quratest_0,8.601078716947005e-57,5.29759128757406e-58,0.16265265401924173,0.16418311369680139,0.16221298511013102,0.16372924059753988,0.2131706747813698,0.20724348992091282,0.10682435542959723,0.15263407403182908,True,True,True,True,False,False,True,True,True,True
42,qpeexact_2_Mutant_Add_cz_P2_Q1_[].qasm,PureState_1,,0.0,0.0,0.10627440321039956,0.0,0.08858976855402347,0.0,0.009924058185604854,1.0,0.9990697035467365,False,True,False,True,True,False,False,True,False,True
43,qpeexact_2_Mutant_Add_cz_P2_Q1_[].qasm,Quratest_1,1.644833503378673e-141,1.4567701607051289e-09,0.2765566214622517,0.290699983797618,0.27462941813575725,0.28849133280490463,0.3790591592195267,0.3663598389849303,0.6463213206753743,0.6650435662574995,True,True,True,True,False,False,True,True,True,True
44,qpeexact_2_Mutant_Add_cz_P2_Q1_[].qasm,PureState_2,0.9999920211543921,0.0,1.0,0.9185586535436917,0.8325546111576977,0.7971653282805244,1.0,0.9665606271982673,1.0286936021949163e-31,0.04825382384962751,False,True,True,True,False,False,True,True,True,True
45,qpeexact_2_Mutant_Add_cz_P2_Q1_[].qasm,Quratest_2,6.244781425709311e-125,3.6233604824381666e-16,0.10793375646638946,0.0944548717831715,0.10776317613266684,0.09433559215640212,0.12006091014569202,0.11662421058727473,0.10214130146731341,0.1658620576351785,True,True,True,True,False,False,True,True,True,True
46,qpeexact_2_Mutant_Add_cz_P2_Q1_[].qasm,PureState_3,0.9999920211543921,0.0,1.0,0.9274943403634671,0.8325546111576977,0.8030266786659291,1.0,0.967571095484993,7.281627956884413e-32,0.04641749209596025,False,True,True,True,False,False,True,True,True,True
47,qpeexact_2_Mutant_Add_cz_P2_Q1_[].qasm,Quratest_3,0.006294222041136495,6.314474778172682e-05,0.682789210771649,0.6684113922551881,0.6487946076924889,0.6365731070928102,0.8227863485180755,0.7947125229714698,0.189204285790109,0.23248177071081969,True,True,True,True,False,False,True,True,True,True
48,qpeexact_2_Mutant_Replace_sx_P0_Q0_[].qasm,PureState_0,0.0,0.0,0.5213456028795196,0.44068588938838305,0.44657552775392484,0.41198082667867886,0.5000000000000001,0.4840687281395816,0.4999999999999996,0.5236120310125418,True,True,True,True,False,False,True,True,True,True
49,qpeexact_2_Mutant_Replace_sx_P0_Q0_[].qasm,Quratest_0,0.021530876991840215,0.014561304759627518,0.29607566220426557,0.2975821224439059,0.2938140891036967,0.29528346419384033,0.419932518162641,0.4060133160913909,0.2956553059476883,0.32757791523692253,False,False,True,True,False,False,True,True,True,True
50,qpeexact_2_Mutant_Replace_sx_P0_Q0_[].qasm,PureState_1,0.0,0.0,0.5360880145209729,0.43622932571426615,0.4598807508883353,0.4123019951902905,0.5000000000000001,0.4842795237069241,0.5000000000000006,0.5231951460053157,True,True,True,True,False,False,True,True,True,True
51,qpeexact_2_Mutant_Replace_sx_P0_Q0_[].qasm,Quratest_1,2.2909340799964848e-275,8.915491201995954e-60,0.4158387180829444,0.4296153493948591,0.4065331585545033,0.41970528984341554,0.539517867239185,0.5222791220064933,0.2611756157262325,0.29437964704394454,True,True,True,True,False,False,True,True,True,True
52,qpeexact_2_Mutant_Replace_sx_P0_Q0_[].qasm,PureState_2,0.0,0.0,0.5367270168638734,0.4325419133026852,0.46045848302906867,0.40973537083230127,0.5000000000000002,0.48571893658731563,0.4999999999999999,0.5220880855570622,True,True,True,True,False,False,True,True,True,True
53,qpeexact_2_Mutant_Replace_sx_P0_Q0_[].qasm,Quratest_2,8.320425909398184e-221,7.988416927012695e-59,0.21820091315472634,0.20483939749255398,0.2161020276788159,0.20301580968931277,0.24025116665030072,0.22901216964907262,0.27738825331536504,0.3230429279588611,True,True,True,True,False,False,True,True,True,True
54,qpeexact_2_Mutant_Replace_sx_P0_Q0_[].qasm,PureState_3,0.0,0.0,0.5526608710679612,0.4601163906600379,0.4748915285454332,0.432951350053346,0.5000000000000002,0.4855075144771607,0.5000000000000006,0.5225045883270512,True,True,True,True,False,False,True,True,True,True
55,qpeexact_2_Mutant_Replace_sx_P0_Q0_[].qasm,Quratest_3,2.575644833210338e-124,2.603603682622084e-96,0.4748342084331879,0.4593865612274009,0.46180189290387413,0.4481332806391186,0.6244580280750713,0.6053322284758798,0.2505964088062296,0.28559855693269076,True,True,True,True,False,False,True,True,True,True
56,qpeexact_2_Mutant_Replace_t_P0_Q0_[].qasm,PureState_0,0.0,0.0,0.5482064709806141,0.4681625842954595,0.4708515056977949,0.4372591118702552,0.4999999999999999,0.48406872813958085,0.4999999999999996,0.5224663656438092,True,True,True,True,False,False,True,True,True,True
57,qpeexact_2_Mutant_Replace_t_P0_Q0_[].qasm,Quratest_0,8.317131843910993e-34,3.2988745502383216e-33,0.46956522020810737,0.47101831054203014,0.4581406443730624,0.45951767619087003,0.6259248176351939,0.6055795940738649,0.0732877709930482,0.11054978088154606,True,True,True,True,False,False,True,True,True,True
58,qpeexact_2_Mutant_Replace_t_P0_Q0_[].qasm,PureState_1,0.0,0.0,0.5296895061483344,0.4296533098416761,0.45410042916718657,0.4062055011297229,0.4999999999999999,0.48427952370692334,0.5000000000000001,0.5219912526237291,True,True,True,True,False,False,True,True,True,True
59,qpeexact_2_Mutant_Replace_t_P0_Q0_[].qasm,Quratest_1,1.5705232587612e-84,0.895378443292468,0.20952484043951425,0.22379110283715412,0.20874154898850483,0.22283589020754402,0.3149280825408828,0.30493131007161267,0.11060740935042603,0.14754868215610248,True,False,True,True,False,False,True,True,True,True
60,qpeexact_2_Mutant_Replace_t_P0_Q0_[].qasm,PureState_2,0.0,0.0,0.5552042523595861,0.4515683255040149,0.4772000854235501,0.42741285476694557,0.5000000000000001,0.485718936587315,0.4999999999999999,0.5209565987841073,True,True,True,True,False,False,True,True,True,True
61,qpeexact_2_Mutant_Replace_t_P0_Q0_[].qasm,Quratest_2,3.954284311839067e-06,1.9151137340553012e-93,0.05201595977584665,0.03850935755053652,0.05199984810478943,0.038502570338401244,0.07096719298009747,0.06788854354271191,0.3590552359489415,0.39960433537530177,True,True,True,False,False,True,True,True,True,True
62,qpeexact_2_Mutant_Replace_t_P0_Q0_[].qasm,PureState_3,0.0,0.0,0.5443843857286352,0.45161626764698437,0.4673881633178997,0.4250863819076924,0.5,0.4855075144771602,0.5000000000000009,0.5212064347547213,True,True,True,True,False,False,True,True,True,True
63,qpeexact_2_Mutant_Replace_t_P0_Q0_[].qasm,Quratest_3,0.0,0.0,0.35023474396172005,0.3343551872073707,0.3427881872187547,0.32825651223683844,0.44196238891136536,0.4273438908602031,0.2016353129789758,0.23670986637340433,True,True,True,True,False,False,True,True,True,True
64,qpeexact_2_Mutant_Add_s_P0_Q0_[].qasm,PureState_0,,0.0,0.0,0.08573936731871223,0.0,0.07144075735878931,0.0,4.141652413037847e-16,0.9999999999999996,0.9999999978415326,False,True,False,True,True,False,False,False,False,False
65,qpeexact_2_Mutant_Add_s_P0_Q0_[].qasm,Quratest_0,4.304493109278144e-232,4.547916301168773e-235,0.011639652296602784,0.01009891675844757,0.011639382785883015,0.010098739760926399,2.42861286636753e-16,7.156670446245353e-16,0.5006161543140163,0.5229585787520622,True,True,True,False,False,True,False,False,True,True
66,qpeexact_2_Mutant_Add_s_P0_Q0_[].qasm,PureState_1,,0.0,0.0,0.10627440321039956,0.0,0.08858976855402347,0.0,1.0842022356218662e-16,1.0,0.9999999978415315,False,True,False,True,True,False,False,False,False,False
67,qpeexact_2_Mutant_Add_s_P0_Q0_[].qasm,Quratest_1,4.731768590131342e-78,0.5108540131964167,0.007195926710411392,0.007240763056728831,0.007195884988395675,0.007240718832268604,1.249000902703301e-16,5.477711607436536e-16,0.6086392797913871,0.6263674776713252,True,False,False,False,True,True,False,False,True,True
68,qpeexact_2_Mutant_Add_s_P0_Q0_[].qasm,PureState_2,,0.0,0.0,0.11082626344894848,0.0,0.09239425173670816,0.0,1.5699331507059741e-16,0.9999999999999998,0.9999999978415333,False,True,False,True,True,False,False,False,False,False
69,qpeexact_2_Mutant_Add_s_P0_Q0_[].qasm,Quratest_2,9.410695030660681e-49,0.3006746104912301,0.0021254346226857756,0.011388018387633906,0.0021254336540594463,0.01138786462341485,1.249000902703301e-16,7.756790572501848e-16,0.624009486359863,0.6499320034689136,True,False,False,False,True,True,False,False,True,True
70,qpeexact_2_Mutant_Add_s_P0_Q0_[].qasm,PureState_3,,0.0,0.0,0.0990645251354958,0.0,0.08256615641515383,0.0,3.768686751607617e-16,1.0,0.999999997841533,False,True,False,True,True,False,False,False,False,False
71,qpeexact_2_Mutant_Add_s_P0_Q0_[].qasm,Quratest_3,0.18972859810470238,0.8374423182415209,0.01408971546511439,0.0022763394383829333,0.01408771942882009,0.002276331705713826,1.7694179454963432e-16,7.629779006905227e-16,0.8407635015864933,0.8480804429515667,False,False,True,False,False,True,False,False,True,True
72,qpeexact_2_Mutant_Add_swap_P2_Q1_[].qasm,PureState_0,0.0,0.0,0.5316107432106105,0.4511817755807645,0.45583515264218416,0.4216308662342784,0.75,0.7271933032197071,0.2499999999999996,0.2917536275339132,True,True,True,True,False,False,True,True,True,True
73,qpeexact_2_Mutant_Add_swap_P2_Q1_[].qasm,Quratest_0,9.138724080487116e-23,2.9380739570350474e-22,0.12077941223584093,0.11924418911823809,0.12032103902682936,0.11880037110811746,0.20728401994333134,0.19248894303411768,0.9035416404209903,0.906007304994007,True,True,True,True,False,False,True,True,True,True
74,qpeexact_2_Mutant_Add_swap_P2_Q1_[].qasm,PureState_1,0.0,0.0,0.5488431078471476,0.44934647900856545,0.4714286744189448,0.4244673761736182,0.75,0.7275759654621117,0.24999999999999994,0.291405251991657,True,True,True,True,False,False,True,True,True,True
75,qpeexact_2_Mutant_Add_swap_P2_Q1_[].qasm,Quratest_1,1.0150296083673693e-51,1.9216494815625533e-05,0.03192100051894356,0.04635216101680865,0.03191769538600045,0.0463416847498623,0.4083609002213802,0.3950971617034229,0.5955498864177167,0.6179339493450815,True,True,True,False,False,True,True,True,True,True
76,qpeexact_2_Mutant_Add_swap_P2_Q1_[].qasm,PureState_2,0.0,0.0,0.5431094403594869,0.4391113117395448,0.4662335446756557,0.4158378008696356,0.75,0.7299307154270154,0.24999999999999983,0.28909228516360874,True,True,True,True,False,False,True,True,True,True
77,qpeexact_2_Mutant_Add_swap_P2_Q1_[].qasm,Quratest_2,1.3275848003799991e-77,0.002924256116713053,0.203505445884771,0.21686888215510322,0.2027774629260929,0.21599313654644903,0.2762022142374906,0.2622569257705708,0.6170362137415305,0.6471252108263486,True,True,True,True,False,False,True,True,True,True
78,qpeexact_2_Mutant_Add_swap_P2_Q1_[].qasm,PureState_3,0.0,0.0,0.5309704974692534,0.4378490755104864,0.45525697636968004,0.4123550896710059,0.75,0.7297193224300009,0.2500000000000001,0.28934243135211507,True,True,True,True,False,False,True,True,True,True
79,qpeexact_2_Mutant_Add_swap_P2_Q1_[].qasm,Quratest_3,0.0,0.0,0.36629972655859677,0.35046778061353234,0.3582147024260917,0.34379413017970606,0.7203594162242686,0.6981012633762613,0.15030859456244944,0.19435449670279395,True,True,True,True,False,False,True,True,True,True
80,qpeexact_2_Mutant_Replace_ry_P0_Q0_[2.356194490192345].qasm,PureState_0,0.0,0.0,0.29000529200421016,0.20555455668353537,0.24367759365650993,0.1966081878297896,0.14644660940672627,0.14190891963399402,0.8535533905932731,0.8602233152726865,True,True,True,True,False,False,True,True,True,True
81,qpeexact_2_Mutant_Replace_ry_P0_Q0_[2.356194490192345].qasm,Quratest_0,3.742865717266854e-08,7.66500158874929e-08,0.0639626762451453,0.06242343419208599,0.0639083582558987,0.06237265004160229,0.06621432960076093,0.06379778889141002,0.009426559828852566,0.04735490725038215,True,True,True,True,False,False,True,True,True,True
82,qpeexact_2_Mutant_Replace_ry_P0_Q0_[2.356194490192345].qasm,PureState_1,0.0,0.0,0.27401544357153235,0.1689802175280036,0.23001765874304314,0.16413360392261578,0.14644660940672627,0.1419707161713164,0.8535533905932737,0.8601518158954491,True,True,True,True,False,False,True,True,True,True
83,qpeexact_2_Mutant_Replace_ry_P0_Q0_[2.356194490192345].qasm,Quratest_1,7.826563371831858e-253,1.6028713590816243e-49,0.20193841019610104,0.18763932151203747,0.2001440895980182,0.18612015963252687,0.23550332485115144,0.22768065475641588,0.30541122462829384,0.3370819370038419,True,True,True,True,False,False,True,True,True,True
84,qpeexact_2_Mutant_Replace_ry_P0_Q0_[2.356194490192345].qasm,PureState_2,0.0,7.295637255574744e-114,0.2632403118070741,0.15354135799141092,0.22083400000813158,0.14976549627508845,0.1464466094067262,0.1423926924628831,0.8535533905932731,0.8597619056307235,True,True,True,True,False,False,True,True,True,True
85,qpeexact_2_Mutant_Replace_ry_P0_Q0_[2.356194490192345].qasm,Quratest_2,4.901636274883638e-68,0.08071683183976149,0.18974511934531565,0.20312764443021,0.18916160566798437,0.20241407078447568,0.2988298352928371,0.2844837993538775,0.15377146420360344,0.20757993267173555,True,False,True,True,False,False,True,True,True,True
86,qpeexact_2_Mutant_Replace_ry_P0_Q0_[2.356194490192345].qasm,PureState_3,0.0,1.018416393118508e-161,0.26621552038262797,0.16826807076264036,0.22336809724201181,0.16303465863765507,0.1464466094067262,0.1423307122491349,0.8535533905932731,0.8598817015446741,True,True,True,True,False,False,True,True,True,True
87,qpeexact_2_Mutant_Replace_ry_P0_Q0_[2.356194490192345].qasm,Quratest_3,0.1554143818349639,0.005610054374695027,0.01623628175587406,0.032600039578838884,0.016232685395421373,0.03257341549060336,0.028785262423019473,0.02773123938813604,0.8551108192234154,0.8622712113169888,False,True,True,False,False,True,True,True,True,True
88,qpeexact_2_Mutant_Add_y_P0_Q0_[].qasm,PureState_0,0.9999920211543921,0.0,1.0,0.937533610294062,0.8325546111576977,0.8092195709185122,1.0,0.9680979973181175,1.5040389444259094e-49,0.04023744444305229,False,True,True,True,False,False,True,True,True,True
89,qpeexact_2_Mutant_Add_y_P0_Q0_[].qasm,Quratest_0,0.20993253122128283,0.26405837537413546,0.3340689991111029,0.335565976024637,0.33079474685421817,0.3322470036801343,0.46144560326557127,0.4463089177889478,0.08613393451446864,0.12413364891507053,False,False,True,True,False,False,True,True,True,True
90,qpeexact_2_Mutant_Add_y_P0_Q0_[].qasm,PureState_1,0.9999920211543921,0.0,1.0,0.9220250890818954,0.8325546111576977,0.799475399561895,1.0,0.9683482518465051,3.7493994566546427e-33,0.03970873775829164,False,True,True,True,False,False,True,True,True,True
91,qpeexact_2_Mutant_Add_y_P0_Q0_[].qasm,Quratest_1,0.8455363988029306,8.260687364460004e-84,0.1916661344567818,0.20595945052233824,0.19106966017390198,0.20521583420142234,0.4661314831490946,0.4514949305282501,0.12872558872400464,0.1633372735476452,False,True,True,True,False,False,True,True,True,True
92,qpeexact_2_Mutant_Add_y_P0_Q0_[].qasm,PureState_2,0.9999920211543921,0.0,1.0,0.9185586535436917,0.8325546111576977,0.7971653282805244,1.0,0.9712264510644759,5.356555485816131e-32,0.038765337392483806,False,True,True,True,False,False,True,True,True,True
93,qpeexact_2_Mutant_Add_y_P0_Q0_[].qasm,Quratest_2,0.7977032909875638,2.2782022485164557e-58,0.15984846387123303,0.1732679380976194,0.15950418615958248,0.1728282185767409,0.4980150326242443,0.4766769695465441,0.118775527489771,0.16914329278393092,False,True,True,True,False,False,True,True,True,True
94,qpeexact_2_Mutant_Add_y_P0_Q0_[].qasm,PureState_3,0.9999920211543921,0.0,1.0,0.9274943403634671,0.8325546111576977,0.8030266786659291,1.0,0.9709754527103143,8.99696541841573e-32,0.03928391701301508,False,True,True,True,False,False,True,True,True,True
95,qpeexact_2_Mutant_Add_y_P0_Q0_[].qasm,Quratest_3,0.9129789280022043,0.18234155749245373,0.6532135781931419,0.6386543050978523,0.6243739300776453,0.6119484973241751,0.8255464875904855,0.8002677385656345,0.1248448831077442,0.1637750789426706,False,False,True,True,False,False,True,True,True,True
96,qpeexact_2_Mutant_Add_cp_P2_Q1_[0.7853981633974483].qasm,PureState_0,,0.0,0.0,0.08573936731871223,0.0,0.07144075735878931,0.0,0.021900237094314857,0.9999999999999996,0.9962637972502911,False,True,False,True,True,False,False,True,False,True
97,qpeexact_2_Mutant_Add_cp_P2_Q1_[0.7853981633974483].qasm,Quratest_0,8.317131843910993e-34,3.2988745502383216e-33,0.15507444955920674,0.15354286792552108,0.15395476280130768,0.1524491717702752,0.15136860441955624,0.14323201089892318,0.8691974552479967,0.8751471724380842,True,True,True,True,False,False,True,True,True,True
98,qpeexact_2_Mutant_Add_cp_P2_Q1_[0.7853981633974483].qasm,PureState_1,,0.0,0.0,0.10627440321039956,0.0,0.08858976855402347,0.0,0.021847538964341592,1.0,0.9962190620802917,False,True,False,True,True,False,False,True,False,True
99,qpeexact_2_Mutant_Add_cp_P2_Q1_[0.7853981633974483].qasm,Quratest_1,1.094798685285082e-14,5.612092223552177e-32,0.11090440325013186,0.12529066641074524,0.11078370164282611,0.12511285613398457,0.1736010583302231,0.17085560508130698,0.9482049565934597,0.9485890351143599,True,True,True,True,False,False,True,True,True,True
100,qpeexact_2_Mutant_Add_cp_P2_Q1_[0.7853981633974483].qasm,PureState_2,0.0,0.0,0.2749773334125651,0.16542056777987252,0.23083830270896014,0.16101687375136714,0.14644660940672607,0.15730761405620125,0.8535533905932737,0.8602256795515921,True,True,True,True,False,False,True,True,True,True
101,qpeexact_2_Mutant_Add_cp_P2_Q1_[0.7853981633974483].qasm,Quratest_2,3.4432962468824865e-115,6.959534163283942e-13,0.09608709091624418,0.08260056033839629,0.09597123856005471,0.08252384400248204,0.10908074998487957,0.1079473145159994,0.8685116378735506,0.8782217218596238,True,True,True,True,False,False,True,True,True,True
102,qpeexact_2_Mutant_Add_cp_P2_Q1_[0.7853981633974483].qasm,PureState_3,0.0,3.8215505252331696e-201,0.2797452855106961,0.18195104974829485,0.23490815024751358,0.1758520638877114,0.14644660940672607,0.15729516216490474,0.8535533905932735,0.8603939601325518,True,True,True,True,False,False,True,True,True,True
103,qpeexact_2_Mutant_Add_cp_P2_Q1_[0.7853981633974483].qasm,Quratest_3,0.0,0.0,0.21737708559373692,0.20119109523246373,0.21447993400615473,0.19904522929245017,0.23951593286593775,0.2419589858419435,0.881261716732455,0.8867397435168873,True,True,True,True,False,False,True,True,True,True
104,qpeexact_2_Mutant_Add_rx_P0_Q0_[4.71238898038469].qasm,PureState_0,0.0,0.0,0.5380045886826806,0.4577222115718864,0.46161380872420493,0.4276480264625307,0.5000000000000002,0.4841543692043144,0.4999999999999999,0.5238831732286559,True,True,True,True,False,False,True,True,True,True
105,qpeexact_2_Mutant_Add_rx_P0_Q0_[4.71238898038469].qasm,Quratest_0,3.609248203266751e-28,1.2964765654074208e-27,0.45332182360790707,0.45478103243243195,0.44347112673808553,0.44485835180353045,0.600413136010725,0.5807052577437827,0.5142738194589414,0.5376981433511432,True,True,True,True,False,False,True,True,True,True
106,qpeexact_2_Mutant_Add_rx_P0_Q0_[4.71238898038469].qasm,PureState_1,0.0,0.0,0.5469328828794431,0.4473813314997205,0.4696971286708106,0.42264442167425104,0.5000000000000002,0.4841938826421918,0.5000000000000003,0.5236319793041839,True,True,True,True,False,False,True,True,True,True
107,qpeexact_2_Mutant_Add_rx_P0_Q0_[4.71238898038469].qasm,Quratest_1,1.2020874235616193e-79,0.6453325199709092,0.009363244304390074,0.005073428859658031,0.009363151851161646,0.005073413553712375,0.05367399934263432,0.05213887195882351,0.5508095690237157,0.5733692165487553,True,False,False,False,True,True,True,True,True,True
108,qpeexact_2_Mutant_Add_rx_P0_Q0_[4.71238898038469].qasm,PureState_2,0.0,0.0,0.5431094403594869,0.4391113117395448,0.4662335446756557,0.4158378008696356,0.5000000000000002,0.48563304097361804,0.4999999999999999,0.5225291838764784,True,True,True,True,False,False,True,True,True,True
109,qpeexact_2_Mutant_Add_rx_P0_Q0_[4.71238898038469].qasm,Quratest_2,0.014889908521377322,6.903688264343502e-41,0.1304694031312963,0.14391918800621586,0.13028186419549057,0.143665238183239,0.215423572924611,0.20485783616712339,0.5157728618266267,0.5489001555018986,False,True,True,True,False,False,True,True,True,True
110,qpeexact_2_Mutant_Add_rx_P0_Q0_[4.71238898038469].qasm,PureState_3,0.0,0.0,0.5405580650525595,0.4476880174467707,0.4639239594729318,0.4214527967932129,0.5000000000000002,0.48559341009085866,0.4999999999999996,0.5227726586753932,True,True,True,True,False,False,True,True,True,True
111,qpeexact_2_Mutant_Add_rx_P0_Q0_[4.71238898038469].qasm,Quratest_3,3.660636210654962e-187,1.6594414918820755e-148,0.23176221306136582,0.21560203427216826,0.22844553342855822,0.21310565627246308,0.2500359849289199,0.24182983079305523,0.5896208957911946,0.6099872570839198,True,True,True,True,False,False,True,True,True,True
112,qpeexact_2_Mutant_Add_p_P3_Q0_[0.7853981633974483].qasm,PureState_0,0.0,3.613789285963794e-282,0.2787971301666202,0.19422750906628594,0.2340985493197537,0.18615400297505386,0.1464466094067261,0.14181537623683965,0.8535533905932731,0.8608174877342089,True,True,True,True,False,False,True,True,True,True
113,qpeexact_2_Mutant_Add_p_P3_Q0_[0.7853981633974483].qasm,Quratest_0,7.02902745923585e-55,3.6747133549517644e-54,0.2170684841836967,0.21554583262128102,0.21303402064351856,0.21156933185695623,0.19383339835387897,0.187975716839495,0.8577340955193654,0.8645071788311314,True,True,True,True,False,False,True,True,True,True
114,qpeexact_2_Mutant_Add_p_P3_Q0_[0.7853981633974483].qasm,PureState_1,0.0,5.571983359342276e-163,0.277846286164513,0.17285749746441875,0.23328678802039618,0.16778554623874403,0.1464466094067261,0.14180726017886167,0.8535533905932735,0.8605965168002392,True,True,True,True,False,False,True,True,True,True
115,qpeexact_2_Mutant_Add_p_P3_Q0_[0.7853981633974483].qasm,Quratest_1,4.76413811688399e-16,5.576872540745617e-30,0.10677118623531717,0.12116092154947702,0.10666293702437483,0.12099917884618983,0.1951124926659683,0.1889446565165402,0.8684351688111546,0.8750862563615733,True,True,True,True,False,False,True,True,True,True
116,qpeexact_2_Mutant_Add_p_P3_Q0_[0.7853981633974483].qasm,PureState_2,0.0,3.4067058587183376e-102,0.25720215815045966,0.14743319283909825,0.21569493320738536,0.14396564657759223,0.14644660940672607,0.14222856870193773,0.8535533905932737,0.860185550448607,True,True,True,True,False,False,True,True,True,True
117,qpeexact_2_Mutant_Add_p_P3_Q0_[0.7853981633974483].qasm,Quratest_2,1.5000439658491266e-67,0.09259692773731869,0.032233838337070775,0.018722506123729825,0.032230203180771494,0.018721768217763633,0.19478063689376224,0.1860396926987204,0.8581731548635734,0.8679941646181505,True,False,True,False,False,True,True,True,True,True
118,qpeexact_2_Mutant_Add_p_P3_Q0_[0.7853981633974483].qasm,PureState_3,0.0,3.894801197734466e-141,0.2582168997340125,0.16018337742833783,0.21655822104916858,0.15544004912133524,0.14644660940672607,0.14223707274710182,0.8535533905932735,0.8604069811884956,True,True,True,True,False,False,True,True,True,True
119,qpeexact_2_Mutant_Add_p_P3_Q0_[0.7853981633974483].qasm,Quratest_3,3.129737983352079e-144,8.884272277169491e-113,0.20790034650590136,0.1916983113579275,0.20526739245412587,0.18977097361431403,0.24582090149293961,0.2381736804871147,0.8798027432345009,0.8858252734175753,True,True,True,True,False,False,True,True,True,True
120,qpeexact_2_Mutant_Add_rzz_P2_Q1_[3.9269908169872414].qasm,PureState_0,0.0,4.682535028381995e-243,0.7913939295812682,0.7188805586537632,0.6936872515152116,0.6670444071394949,0.8535533905932737,0.8222887584772456,0.14644660940672613,0.1993382444589506,True,True,True,True,False,False,True,True,True,True
121,qpeexact_2_Mutant_Add_rzz_P2_Q1_[3.9269908169872414].qasm,Quratest_0,6.0514111552018155e-83,1.7866050596811806e-84,0.1962724526097434,0.19779820596164846,0.19554831095179387,0.19705471830271276,0.2913738971500617,0.2775899289402306,0.2686765366626043,0.31216747832052905,True,True,True,True,False,False,True,True,True,True
122,qpeexact_2_Mutant_Add_rzz_P2_Q1_[3.9269908169872414].qasm,PureState_1,0.0,1.3952712350430373e-155,0.7864764058815252,0.6959279261889151,0.6892783717396221,0.6514638343686697,0.8535533905932737,0.8227661447891302,0.146446609406726,0.19823225515002768,True,True,True,True,False,False,True,True,True,True
123,qpeexact_2_Mutant_Add_rzz_P2_Q1_[3.9269908169872414].qasm,Quratest_1,9.43223293073968e-134,1.0049929342086306e-07,0.2680624010374639,0.2822232206666987,0.2663294368917641,0.28022420179023794,0.5071972498790442,0.4839689409534117,0.6751768171451836,0.6940097918052109,True,True,True,True,False,False,True,True,True,True
124,qpeexact_2_Mutant_Add_rzz_P2_Q1_[3.9269908169872414].qasm,PureState_2,0.0,4.027149231829606e-139,0.7864764058815252,0.6919499980351456,0.6892783717396221,0.648846801611691,0.8535533905932737,0.8247164227023409,0.14644660940672616,0.19645994683480095,True,True,True,True,False,False,True,True,True,True
125,qpeexact_2_Mutant_Add_rzz_P2_Q1_[3.9269908169872414].qasm,Quratest_2,1.9982567634114575e-26,3.217289682086075e-07,0.042007955823050266,0.05551344626582123,0.04200110385162308,0.055497232247264605,0.4862308692739967,0.45898431789102373,0.6118278019281208,0.6428348220953146,True,True,True,True,False,False,True,True,True,True
126,qpeexact_2_Mutant_Add_rzz_P2_Q1_[3.9269908169872414].qasm,PureState_3,0.0,4.376451572792808e-167,0.7922204694754132,0.7082125380659081,0.6944267972222837,0.6607994089321135,0.8535533905932737,0.824477918496386,0.14644660940672602,0.19719018900218152,True,True,True,True,False,False,True,True,True,True
127,qpeexact_2_Mutant_Add_rzz_P2_Q1_[3.9269908169872414].qasm,Quratest_3,0.5120228283946093,0.04020257454877568,0.6607929852254334,0.646279220687901,0.6307493619204138,0.6183764601205564,0.8248585689253785,0.7896102469071,0.29015331751358564,0.3351207225710423,False,False,True,True,False,False,True,True,True,True
128,qpeexact_2_Mutant_Remove_h_P0_Q0.qasm,PureState_0,0.0,0.0,0.5539327290830641,0.47402519808119165,0.47604579820468473,0.4426592392997221,0.4999999999999999,0.48406872813958085,0.5000000000000003,0.5224663656438092,True,True,True,True,False,False,True,True,True,True
129,qpeexact_2_Mutant_Remove_h_P0_Q0.qasm,Quratest_0,3.0471882347673635e-187,8.022247894116866e-190,0.29607566220426557,0.2975821224439059,0.2938140891036967,0.29528346419384033,0.419932518162641,0.40608196157620347,0.00895874272464512,0.04586742018730232,True,True,True,True,False,False,True,True,True,True
130,qpeexact_2_Mutant_Remove_h_P0_Q0.qasm,PureState_1,0.0,0.0,0.5360880145209729,0.43622932571426615,0.4598807508883353,0.4123019951902905,0.4999999999999999,0.48427952370692334,0.5000000000000001,0.5219912526237291,True,True,True,True,False,False,True,True,True,True
131,qpeexact_2_Mutant_Remove_h_P0_Q0.qasm,Quratest_1,1.7275372704863536e-263,2.653792713216229e-54,0.4030780302646853,0.41689472976544106,0.3949506336033273,0.40819808081729014,0.539517867239185,0.5224220987981341,0.010856588111562168,0.0497937951116785,True,True,True,True,False,False,True,True,True,True
132,qpeexact_2_Mutant_Remove_h_P0_Q0.qasm,PureState_2,0.0,0.0,0.5418340062084677,0.43779828466006554,0.46507881513576865,0.41461800299959545,0.5000000000000001,0.485718936587315,0.4999999999999999,0.5209565987841073,True,True,True,True,False,False,True,True,True,True
133,qpeexact_2_Mutant_Remove_h_P0_Q0.qasm,Quratest_2,4.828685526271492e-219,6.470136248947202e-58,0.21615802745160828,0.2027935713097912,0.21413379777817354,0.2010383422105297,0.24025116665030075,0.22914419367581584,0.22823537512271566,0.2764701393275464,True,True,True,True,False,False,True,True,True,True
134,qpeexact_2_Mutant_Remove_h_P0_Q0.qasm,PureState_3,0.0,0.0,0.5194154499562511,0.42599866360044525,0.444836919885126,0.4014035360665619,0.5000000000000001,0.4855075144771602,0.5000000000000007,0.5212064347547213,True,True,True,True,False,False,True,True,True,True
135,qpeexact_2_Mutant_Remove_h_P0_Q0.qasm,Quratest_3,0.0,0.0,0.48051925407567253,0.4650948355450325,0.46718306738047144,0.45355390865417705,0.6244580280750713,0.605409271601786,0.08087313710056508,0.1197844121863021,True,True,True,True,False,False,True,True,True,True
136,qpeexact_2_Mutant_Replace_rz_P0_Q0_[0.0].qasm,PureState_0,0.0,0.0,0.5552042523595861,0.4753272438166447,0.4772000854235501,0.44385887525581735,0.4999999999999999,0.48406872813958085,0.5000000000000003,0.5224663656438092,True,True,True,True,False,False,True,True,True,True
137,qpeexact_2_Mutant_Replace_rz_P0_Q0_[0.0].qasm,Quratest_0,2.1489684678536496e-05,1.0945561343228817e-05,0.2758608613975893,0.27737188116685174,0.27402042997331416,0.2754982296807439,0.419932518162641,0.40608196157620347,0.00895874272464512,0.04586742018730232,True,True,True,True,False,False,True,True,True,True
138,qpeexact_2_Mutant_Replace_rz_P0_Q0_[0.0].qasm,PureState_1,0.0,0.0,0.5431094403594869,0.4434487000709669,0.4662335446756557,0.41899676249351114,0.4999999999999999,0.48427952370692334,0.5000000000000001,0.5219912526237291,True,True,True,True,False,False,True,True,True,True
139,qpeexact_2_Mutant_Replace_rz_P0_Q0_[0.0].qasm,Quratest_1,2.1012895296970413e-281,1.2950213450820773e-62,0.4224459525020731,0.43620130906853216,0.4124694675061015,0.4256016692805354,0.539517867239185,0.5224220987981341,0.010856588111562168,0.0497937951116785,True,True,True,True,False,False,True,True,True,True
140,qpeexact_2_Mutant_Replace_rz_P0_Q0_[0.0].qasm,PureState_2,0.0,0.0,0.5405580650525595,0.4364848500792036,0.4639239594729318,0.41339787834581065,0.5000000000000001,0.485718936587315,0.4999999999999999,0.5209565987841073,True,True,True,True,False,False,True,True,True,True
141,qpeexact_2_Mutant_Replace_rz_P0_Q0_[0.0].qasm,Quratest_2,1.7230856261327914e-203,4.583319896259641e-50,0.19830859147280588,0.1849196840014092,0.19684972134825338,0.1836786269535757,0.24025116665030075,0.22914419367581584,0.22823537512271566,0.2764701393275464,True,True,True,True,False,False,True,True,True,True
142,qpeexact_2_Mutant_Replace_rz_P0_Q0_[0.0].qasm,PureState_3,0.0,0.0,0.537365874152504,0.4444114929832023,0.4610361683340831,0.41842260608916165,0.5000000000000001,0.4855075144771602,0.5000000000000007,0.5212064347547213,True,True,True,True,False,False,True,True,True,True
143,qpeexact_2_Mutant_Replace_rz_P0_Q0_[0.0].qasm,Quratest_3,7.575132140277399e-120,1.254939546707016e-92,0.47767245381612367,0.4622363638244151,0.46448922178476537,0.45084030524533236,0.6244580280750713,0.605409271601786,0.08087313710056508,0.1197844121863021,True,True,True,True,False,False,True,True,True,True
